document	line	class	claim	check	outcome	finding
.env.example	1	testname	TestExampleEnv	grep for func TestExampleEnv over *_test.go	HOLDS	
.env.example	179	prose	CP_API_SETTLEMENT_CHAIN=solana	scripts/seed registers solana-devnet and nothing else	FAILS	F-docs-6
.env.example	183	prose	CP_API_SETTLEMENT_MINT=EPjFWdd5 (mainnet USDC)	scripts/seed registers 4zMMC9 (devnet); cmd/api refuses to boot on a pair it cannot resolve	FAILS	F-docs-6
README.md	7	path	docs/build	ls docs/build	HOLDS	
README.md	27	path	apps/web	ls apps/web	HOLDS	
README.md	27	path	cmd/agent-worker	ls cmd/agent-worker	HOLDS	
README.md	27	path	cmd/api	ls cmd/api	HOLDS	
README.md	27	path	cmd/audit-worker	ls cmd/audit-worker	HOLDS	
README.md	27	path	cmd/execution-worker	ls cmd/execution-worker	HOLDS	
README.md	27	path	cmd/market-ingest-worker	ls cmd/market-ingest-worker	HOLDS	
README.md	27	path	cmd/reconciliation-worker	ls cmd/reconciliation-worker	HOLDS	
README.md	27	path	cmd/workflow-worker	ls cmd/workflow-worker	HOLDS	
README.md	27	path	docs/adr	ls docs/adr	HOLDS	
README.md	27	path	docs/architecture	ls docs/architecture	HOLDS	
README.md	27	path	infra/terraform	ls infra/terraform	HOLDS	
README.md	27	prose	Next.js web app in apps/web	apps/web/package.json has vite and react-router and no next dependency	FAILS	F-docs-11
README.md	31	path	apps/web	ls apps/web	HOLDS	
README.md	52	path	docs/architecture/CONVENTIONS.md	ls docs/architecture/CONVENTIONS.md	HOLDS	
README.md	60	path	docs/build/MASTER_BUILD_STATE.md	ls docs/build/MASTER_BUILD_STATE.md	HOLDS	
README.md	60	path	docs/build/REQUIREMENTS_TRACEABILITY.md	ls docs/build/REQUIREMENTS_TRACEABILITY.md	HOLDS	
README.md	60	path	test/contract	ls test/contract	HOLDS	
README.md	60	path	test/load	ls test/load	HOLDS	
README.md	60	path	test/security	ls test/security	HOLDS	
README.md	60	prose	API e2e, Playwright UI e2e and chaos tiers are pending	test/e2e, apps/web/e2e and test/chaos exist; CI has e2e, web-e2e and chaos jobs	FAILS	F-docs-11
README.md	60	prose	load is unmeasured until an API binary exists	cmd/api exists and is deployed	FAILS	F-docs-11
docs/adr/0018-no-proprietary-stablecoin.md	100	testname	TestProp_EntitlementBacked	grep for func TestProp_EntitlementBacked over *_test.go	UNCHECKABLE	under the heading Evidence required before VERIFIED: a plan, not a claim
docs/adr/0018-no-proprietary-stablecoin.md	104	path	test/security	ls test/security	HOLDS	
docs/adr/0018-no-proprietary-stablecoin.md	109	path	docs/compliance-gates/PRODUCTION_GATES.md	ls docs/compliance-gates/PRODUCTION_GATES.md	HOLDS	
docs/adr/0021-who-may-read-personal-data.md	26	path	internal/pii	ls internal/pii	HOLDS	
docs/adr/0021-who-may-read-personal-data.md	34	gosymbol	internal/pii/store.go	go symbol selector, not a path	UNCHECKABLE	
docs/adr/0021-who-may-read-personal-data.md	35	path	test/security	ls test/security	HOLDS	
docs/adr/0021-who-may-read-personal-data.md	47	path	test/integration/migrations/privileges_test.go	ls test/integration/migrations/privileges_test.go	HOLDS	
docs/adr/0021-who-may-read-personal-data.md	75	path	cmd/api	ls cmd/api	HOLDS	
docs/adr/0021-who-may-read-personal-data.md	79	path	cmd/api/pii_test.go	ls cmd/api/pii_test.go	HOLDS	
docs/adr/0021-who-may-read-personal-data.md	79	path	internal/pii	ls internal/pii	HOLDS	
docs/adr/0021-who-may-read-personal-data.md	80	path	internal/identity	ls internal/identity	HOLDS	
docs/adr/0021-who-may-read-personal-data.md	80	testname	TestIntegration_Login_StoresTheVerifiedEmailEncrypted	grep for func TestIntegration_Login_StoresTheVerifiedEmailEncrypted over *_test.go	HOLDS	
docs/adr/0021-who-may-read-personal-data.md	81	path	test/security	ls test/security	HOLDS	
docs/adr/0021-who-may-read-personal-data.md	81	testname	TestIntegration_ExpiredSessionsArePurgedAsOps	grep for func TestIntegration_ExpiredSessionsArePurgedAsOps over *_test.go	HOLDS	
docs/adr/0021-who-may-read-personal-data.md	82	testname	TestPII_OnlyTheEncryptingStoreWritesPersonalData	grep for func TestPII_OnlyTheEncryptingStoreWritesPersonalData over *_test.go	HOLDS	
docs/adr/0021-who-may-read-personal-data.md	83	path	test/integration/migrations	ls test/integration/migrations	HOLDS	
docs/adr/0021-who-may-read-personal-data.md	83	testname	TestIntegration_ApplicationRolePrivileges	grep for func TestIntegration_ApplicationRolePrivileges over *_test.go	HOLDS	
docs/adr/0022-one-identity-source-of-truth.md	16	route	GET /v1/auth/login	grep the api.gen.go route table	HOLDS	
docs/adr/0022-one-identity-source-of-truth.md	20	path	internal/pii	ls internal/pii	HOLDS	
docs/adr/0022-one-identity-source-of-truth.md	22	path	internal/auth/pgstore	ls internal/auth/pgstore	HOLDS	
docs/adr/0022-one-identity-source-of-truth.md	29	path	docs/operations/IDENTITY_PROVIDER.md	ls docs/operations/IDENTITY_PROVIDER.md	HOLDS	
docs/adr/0022-one-identity-source-of-truth.md	43	path	internal/auth/oidc	ls internal/auth/oidc	HOLDS	
docs/adr/0022-one-identity-source-of-truth.md	45	path	internal/stream	ls internal/stream	HOLDS	
docs/adr/0022-one-identity-source-of-truth.md	70	path	internal/identity	ls internal/identity	HOLDS	
docs/adr/0022-one-identity-source-of-truth.md	97	path	internal/auth/oidc	ls internal/auth/oidc	HOLDS	
docs/adr/0022-one-identity-source-of-truth.md	98	path	internal/identity	ls internal/identity	HOLDS	
docs/adr/0022-one-identity-source-of-truth.md	98	path	internal/security	ls internal/security	HOLDS	
docs/adr/0022-one-identity-source-of-truth.md	99	testname	TestIntegration_Login_FirstLoginCreatesUserAccountSession	grep for func TestIntegration_Login_FirstLoginCreatesUserAccountSession over *_test.go	HOLDS	
docs/adr/0022-one-identity-source-of-truth.md	100	testname	TestIntegration_Login_StoresTheVerifiedEmailEncrypted	grep for func TestIntegration_Login_StoresTheVerifiedEmailEncrypted over *_test.go	HOLDS	
docs/adr/0022-one-identity-source-of-truth.md	101	path	docs/operations/IDENTITY_PROVIDER.md	ls docs/operations/IDENTITY_PROVIDER.md	HOLDS	
docs/adr/0022-one-identity-source-of-truth.md	101	path	internal/auth/pgstore	ls internal/auth/pgstore	HOLDS	
docs/adr/0022-one-identity-source-of-truth.md	102	path	docs/operations/LAUNCH_TIER.md	ls docs/operations/LAUNCH_TIER.md	HOLDS	
docs/adr/0022-one-identity-source-of-truth.md	103	path	docs/audit/FINAL_CHECKPOINT_2026-09-10.md	ls docs/audit/FINAL_CHECKPOINT_2026-09-10.md	HOLDS	
docs/adr/0023-the-sandbox-tier.md	54	path	cmd/api	ls cmd/api	HOLDS	
docs/adr/0023-the-sandbox-tier.md	86	path	internal/provider/payoutsandbox	ls internal/provider/payoutsandbox	HOLDS	
docs/adr/0023-the-sandbox-tier.md	120	path	internal/gates/sandbox_integration_test.go	ls internal/gates/sandbox_integration_test.go	HOLDS	
docs/adr/0023-the-sandbox-tier.md	121	path	internal/gates/sandbox_test.go	ls internal/gates/sandbox_test.go	HOLDS	
docs/adr/0023-the-sandbox-tier.md	125	path	test/integration	ls test/integration	HOLDS	
docs/adr/0023-the-sandbox-tier.md	127	path	test/integration/enums	ls test/integration/enums	HOLDS	
docs/adr/0023-the-sandbox-tier.md	128	path	internal/gates/parity_integration_test.go	ls internal/gates/parity_integration_test.go	HOLDS	
docs/adr/0023-the-sandbox-tier.md	129	path	internal/config	ls internal/config	HOLDS	
docs/adr/0023-the-sandbox-tier.md	136	gosymbol	internal/gates/sandbox.go	go symbol selector, not a path	UNCHECKABLE	
docs/adr/0023-the-sandbox-tier.md	139	gosymbol	internal/legalrouter/sandbox.go	go symbol selector, not a path	UNCHECKABLE	
docs/adr/0023-the-sandbox-tier.md	140	gosymbol	internal/valuedomain/sandboxpolicy.go	go symbol selector, not a path	UNCHECKABLE	
docs/adr/0023-the-sandbox-tier.md	141	gosymbol	cmd/api/sandboxtier.go	go symbol selector, not a path	UNCHECKABLE	
docs/adr/0023-the-sandbox-tier.md	141	path	internal/provider/payoutsandbox	ls internal/provider/payoutsandbox	HOLDS	
docs/adr/0023-the-sandbox-tier.md	142	path	internal/config	ls internal/config	HOLDS	
docs/adr/0023-the-sandbox-tier.md	142	prose	the SANDBOX gate state, migrations 00755 and 00791	ls migrations	HOLDS	
docs/adr/0024-how-a-principal-becomes-an-operator.md	12	gosymbol	internal/identity.Complete	go symbol selector, not a path	UNCHECKABLE	
docs/adr/0024-how-a-principal-becomes-an-operator.md	20	path	scripts/seed	ls scripts/seed	HOLDS	
docs/adr/0024-how-a-principal-becomes-an-operator.md	46	path	internal/identity	ls internal/identity	HOLDS	
docs/adr/0024-how-a-principal-becomes-an-operator.md	88	path	internal/identity	ls internal/identity	HOLDS	
docs/adr/0024-how-a-principal-becomes-an-operator.md	106	path	internal/gates	ls internal/gates	HOLDS	
docs/adr/0024-how-a-principal-becomes-an-operator.md	106	prose	nothing in the HTTP surface writes operator_roles	grep operator_roles internal/httpapi	HOLDS	
docs/adr/0024-how-a-principal-becomes-an-operator.md	107	path	internal/admin	ls internal/admin	HOLDS	
docs/adr/0024-how-a-principal-becomes-an-operator.md	134	path	internal/operatorroles	ls internal/operatorroles	HOLDS	
docs/adr/0024-how-a-principal-becomes-an-operator.md	135	gosymbol	internal/identity/bootstrap.go	go symbol selector, not a path	UNCHECKABLE	
docs/adr/0024-how-a-principal-becomes-an-operator.md	136	testname	TestIntegration_Bootstrap_	grep for func TestIntegration_Bootstrap_ over *_test.go	HOLDS	
docs/adr/0024-how-a-principal-becomes-an-operator.md	137	testname	TestBootstrap_APrincipalWithEveryRoleStillCannotApproveItsOwnProposal	grep for func TestBootstrap_APrincipalWithEveryRoleStillCannotApproveItsOwnProposal over *_test.go	HOLDS	
docs/adr/0024-how-a-principal-becomes-an-operator.md	138	testname	TestBootstrap_APrincipalWithEveryRoleCannotActivateAGateAlone	grep for func TestBootstrap_APrincipalWithEveryRoleCannotActivateAGateAlone over *_test.go	HOLDS	
docs/adr/0024-how-a-principal-becomes-an-operator.md	139	testname	TestIntegration_OperatorDirectoryRefusesAnUnknownRoleAndBreakGlass	grep for func TestIntegration_OperatorDirectoryRefusesAnUnknownRoleAndBreakGlass over *_test.go	HOLDS	
docs/adr/0024-how-a-principal-becomes-an-operator.md	140	path	internal/config	ls internal/config	HOLDS	
docs/adr/0024-how-a-principal-becomes-an-operator.md	140	path	test/integration/enums	ls test/integration/enums	HOLDS	
docs/adr/0024-how-a-principal-becomes-an-operator.md	146	testname	TestAudit_TheOperatorDirectoryIsRewritableByTheApplicationRole	grep for func TestAudit_TheOperatorDirectoryIsRewritableByTheApplicationRole over *_test.go	HOLDS	
docs/adr/0024-how-a-principal-becomes-an-operator.md	147	testname	TestIntegration_OperatorDirectoryAuthority	grep for func TestIntegration_OperatorDirectoryAuthority over *_test.go	HOLDS	
docs/adr/0024-how-a-principal-becomes-an-operator.md	148	testname	TestAudit_StagingAcceptsAnUnboundedBootstrapDeclaration	grep for func TestAudit_StagingAcceptsAnUnboundedBootstrapDeclaration over *_test.go	HOLDS	
docs/adr/0024-how-a-principal-becomes-an-operator.md	149	testname	TestAudit_TheOperatorDirectoryMayNameCUSTOMER	grep for func TestAudit_TheOperatorDirectoryMayNameCUSTOMER over *_test.go	HOLDS	
docs/adr/0025-verification-is-provider-hosted-and-evidence-based.md	51	path	internal/eligibility	ls internal/eligibility	HOLDS	
docs/adr/0025-verification-is-provider-hosted-and-evidence-based.md	115	path	internal/verification/rules	ls internal/verification/rules	HOLDS	
docs/adr/0025-verification-is-provider-hosted-and-evidence-based.md	124	path	internal/provider/verifysandbox	ls internal/provider/verifysandbox	HOLDS	
docs/adr/0025-verification-is-provider-hosted-and-evidence-based.md	128	route	POST /v1/me/verification/sandbox-outcome	grep the api.gen.go route table	HOLDS	
docs/adr/0025-verification-is-provider-hosted-and-evidence-based.md	143	path	internal/verification	ls internal/verification	HOLDS	
docs/adr/0025-verification-is-provider-hosted-and-evidence-based.md	144	path	internal/credit	ls internal/credit	HOLDS	
docs/adr/0025-verification-is-provider-hosted-and-evidence-based.md	144	path	internal/ledger	ls internal/ledger	HOLDS	
docs/adr/0025-verification-is-provider-hosted-and-evidence-based.md	176	path	internal/compliance	ls internal/compliance	HOLDS	
docs/adr/0025-verification-is-provider-hosted-and-evidence-based.md	182	path	cmd/api	ls cmd/api	HOLDS	
docs/adr/0025-verification-is-provider-hosted-and-evidence-based.md	190	path	internal/verification	ls internal/verification	HOLDS	
docs/adr/0025-verification-is-provider-hosted-and-evidence-based.md	192	testname	TestIntegration_VerificationNeverTouchesACredit	grep for func TestIntegration_VerificationNeverTouchesACredit over *_test.go	HOLDS	
docs/adr/0025-verification-is-provider-hosted-and-evidence-based.md	193	testname	TestIntegration_TheVerificationStateIsNotTheApplicationsToWrite	grep for func TestIntegration_TheVerificationStateIsNotTheApplicationsToWrite over *_test.go	HOLDS	
docs/adr/0025-verification-is-provider-hosted-and-evidence-based.md	194	testname	TestIntegration_ASandboxOutcomeCannotExistInProd	grep for func TestIntegration_ASandboxOutcomeCannotExistInProd over *_test.go	HOLDS	
docs/adr/0025-verification-is-provider-hosted-and-evidence-based.md	195	testname	TestIntegration_TheSandboxControlIsRefusedOutsideASandboxTier	grep for func TestIntegration_TheSandboxControlIsRefusedOutsideASandboxTier over *_test.go	HOLDS	
docs/adr/0025-verification-is-provider-hosted-and-evidence-based.md	196	path	internal/provider/verifysandbox	ls internal/provider/verifysandbox	HOLDS	
docs/adr/0025-verification-is-provider-hosted-and-evidence-based.md	196	testname	TestGet_ThereIsNoDefaultOutcome	grep for func TestGet_ThereIsNoDefaultOutcome over *_test.go	HOLDS	
docs/adr/0025-verification-is-provider-hosted-and-evidence-based.md	197	path	test/integration/enums	ls test/integration/enums	HOLDS	
docs/adr/0025-verification-is-provider-hosted-and-evidence-based.md	197	testname	TestVerificationStatesAgreeAcrossPackages	grep for func TestVerificationStatesAgreeAcrossPackages over *_test.go	HOLDS	
docs/adr/0025-verification-is-provider-hosted-and-evidence-based.md	198	path	docs/product/VERIFICATION_AND_WITHDRAWAL.md	ls docs/product/VERIFICATION_AND_WITHDRAWAL.md	HOLDS	
docs/adr/0026-the-conversion-request-is-payout-requests.md	49	gosymbol	internal/payout.Registry	go symbol selector, not a path	UNCHECKABLE	
docs/adr/0026-the-conversion-request-is-payout-requests.md	108	gosymbol	internal/payout.Create	go symbol selector, not a path	UNCHECKABLE	
docs/adr/0026-the-conversion-request-is-payout-requests.md	108	route	POST /v1/payouts	grep the api.gen.go route table	HOLDS	
docs/adr/0026-the-conversion-request-is-payout-requests.md	121	path	internal/credit	ls internal/credit	HOLDS	
docs/adr/0026-the-conversion-request-is-payout-requests.md	151	route	GET /v1/me/eligibility	grep the api.gen.go route table	HOLDS	
docs/adr/0026-the-conversion-request-is-payout-requests.md	155	path	test/reachability	ls test/reachability	HOLDS	
docs/adr/0026-the-conversion-request-is-payout-requests.md	168	path	internal/payout	ls internal/payout	HOLDS	
docs/adr/0026-the-conversion-request-is-payout-requests.md	170	testname	TestIntegration_ADestinationStatusIsNotTheApplicationsToWrite	grep for func TestIntegration_ADestinationStatusIsNotTheApplicationsToWrite over *_test.go	HOLDS	
docs/adr/0026-the-conversion-request-is-payout-requests.md	171	testname	TestIntegration_AQuoteStandsAndIsSpentOnce	grep for func TestIntegration_AQuoteStandsAndIsSpentOnce over *_test.go	HOLDS	
docs/adr/0026-the-conversion-request-is-payout-requests.md	172	testname	TestIntegration_AnExpiredQuoteRefusesThePayout	grep for func TestIntegration_AnExpiredQuoteRefusesThePayout over *_test.go	HOLDS	
docs/adr/0026-the-conversion-request-is-payout-requests.md	173	testname	TestIntegration_APayoutSaysWhatValueIsLeaving	grep for func TestIntegration_APayoutSaysWhatValueIsLeaving over *_test.go	HOLDS	
docs/adr/0026-the-conversion-request-is-payout-requests.md	174	gosymbol	internal/eligibility/withdrawal.go	go symbol selector, not a path	UNCHECKABLE	
docs/adr/0026-the-conversion-request-is-payout-requests.md	174	testname	TestExplainWithdrawal_TheSandboxPolicyPerOrigin	grep for func TestExplainWithdrawal_TheSandboxPolicyPerOrigin over *_test.go	HOLDS	
docs/adr/0026-the-conversion-request-is-payout-requests.md	175	path	internal/httpapi/handlers_payout_destinations.go	ls internal/httpapi/handlers_payout_destinations.go	HOLDS	
docs/adr/0026-the-conversion-request-is-payout-requests.md	176	path	docs/product/VERIFICATION_AND_WITHDRAWAL.md	ls docs/product/VERIFICATION_AND_WITHDRAWAL.md	HOLDS	
docs/adr/0027-a-position-is-the-sum-of-its-fills.md	12	path	internal/nativemarket	ls internal/nativemarket	HOLDS	
docs/adr/0027-a-position-is-the-sum-of-its-fills.md	14	path	internal/credits	ls internal/credits	FAILS	
docs/adr/0027-a-position-is-the-sum-of-its-fills.md	21	path	internal/valuedomain	ls internal/valuedomain	HOLDS	
docs/adr/0027-a-position-is-the-sum-of-its-fills.md	29	route	GET /native-assets	grep the api.gen.go route table	HOLDS	
docs/adr/0027-a-position-is-the-sum-of-its-fills.md	32	route	GET /accounts/{id}/activity	grep the api.gen.go route table	HOLDS	
docs/adr/0027-a-position-is-the-sum-of-its-fills.md	83	testname	TestIntegration_PositionsAgreeWithTheGoStatementOfTheArithmetic	grep for func TestIntegration_PositionsAgreeWithTheGoStatementOfTheArithmetic over *_test.go	HOLDS	
docs/adr/0027-a-position-is-the-sum-of-its-fills.md	100	route	GET /v1/me/portfolio	grep the api.gen.go route table	HOLDS	
docs/adr/0027-a-position-is-the-sum-of-its-fills.md	104	route	GET /v1/native-markets/{id}/candles	grep the api.gen.go route table	HOLDS	
docs/adr/0027-a-position-is-the-sum-of-its-fills.md	167	path	scripts/marketsafety	ls scripts/marketsafety	HOLDS	
docs/adr/0027-a-position-is-the-sum-of-its-fills.md	168	path	internal/nativemarket	ls internal/nativemarket	HOLDS	
docs/adr/0027-a-position-is-the-sum-of-its-fills.md	174	testname	TestIntegration_SurveillanceRaisesAlertsWithoutBlocking	grep for func TestIntegration_SurveillanceRaisesAlertsWithoutBlocking over *_test.go	HOLDS	
docs/adr/0027-a-position-is-the-sum-of-its-fills.md	185	path	internal/activity	ls internal/activity	HOLDS	
docs/adr/0027-a-position-is-the-sum-of-its-fills.md	196	testname	TestSQLInjection_EveryStatementIsBuiltFromConstants	grep for func TestSQLInjection_EveryStatementIsBuiltFromConstants over *_test.go	HOLDS	
docs/adr/0027-a-position-is-the-sum-of-its-fills.md	211	path	internal/demo	ls internal/demo	HOLDS	
docs/adr/0027-a-position-is-the-sum-of-its-fills.md	217	path	cmd/api	ls cmd/api	HOLDS	
docs/adr/0027-a-position-is-the-sum-of-its-fills.md	242	testname	TestIntegration_DemoCreditsCanBeSpentAndCanNeverLeave	grep for func TestIntegration_DemoCreditsCanBeSpentAndCanNeverLeave over *_test.go	HOLDS	
docs/adr/0027-a-position-is-the-sum-of-its-fills.md	252	route	GET /v1/native-markets	grep the api.gen.go route table	HOLDS	
docs/adr/0027-a-position-is-the-sum-of-its-fills.md	253	route	GET /v1/me/activity	grep the api.gen.go route table	HOLDS	
docs/adr/0027-a-position-is-the-sum-of-its-fills.md	253	route	GET /v1/me/portfolio	grep the api.gen.go route table	HOLDS	
docs/adr/0027-a-position-is-the-sum-of-its-fills.md	254	route	GET /v1/accounts/{id}/activity	grep the api.gen.go route table	HOLDS	
docs/adr/0027-a-position-is-the-sum-of-its-fills.md	256	gosymbol	internal/nativemarket.Execute	go symbol selector, not a path	UNCHECKABLE	
docs/adr/0027-a-position-is-the-sum-of-its-fills.md	265	path	docs/operations/BACKUP_RESTORE.md	ls docs/operations/BACKUP_RESTORE.md	HOLDS	
docs/adr/0027-a-position-is-the-sum-of-its-fills.md	270	path	internal/nativemarket/{prints,positions,discovery,safety}.go	ls internal/nativemarket/{prints,positions,discovery,safety}.go	HOLDS	
docs/adr/0027-a-position-is-the-sum-of-its-fills.md	271	path	internal/activity	ls internal/activity	HOLDS	
docs/adr/0027-a-position-is-the-sum-of-its-fills.md	271	path	internal/demo	ls internal/demo	HOLDS	
docs/adr/0027-a-position-is-the-sum-of-its-fills.md	272	path	internal/httpapi/{ports,wiring,handlers_native,handlers_portfolio,handlers_activity}_markets*.go	ls internal/httpapi/{ports,wiring,handlers_native,handlers_portfolio,handlers_activity}_markets*.go	FAILS	three of five expansions resolve; handlers_portfolio/handlers_activity carry no _markets suffix
docs/adr/0027-a-position-is-the-sum-of-its-fills.md	273	gosymbol	cmd/api/marketsurfaces.go	go symbol selector, not a path	UNCHECKABLE	
docs/adr/0027-a-position-is-the-sum-of-its-fills.md	273	path	scripts/demodata	ls scripts/demodata	HOLDS	
docs/adr/0027-a-position-is-the-sum-of-its-fills.md	273	path	scripts/marketsafety	ls scripts/marketsafety	HOLDS	
docs/adr/0027-a-position-is-the-sum-of-its-fills.md	274	path	docs/product/CREDIT_ECONOMY.md	ls docs/product/CREDIT_ECONOMY.md	HOLDS	
docs/adr/0028-notifications-and-realtime-on-one-instance.md	17	path	internal/notification	ls internal/notification	HOLDS	
docs/adr/0028-notifications-and-realtime-on-one-instance.md	24	route	GET /v1/events/stream	grep the api.gen.go route table	HOLDS	
docs/adr/0028-notifications-and-realtime-on-one-instance.md	28	path	cmd/api	ls cmd/api	HOLDS	
docs/adr/0028-notifications-and-realtime-on-one-instance.md	36	path	cmd/relay-worker	ls cmd/relay-worker	HOLDS	
docs/adr/0028-notifications-and-realtime-on-one-instance.md	45	path	internal/nativemarket	ls internal/nativemarket	HOLDS	
docs/adr/0028-notifications-and-realtime-on-one-instance.md	45	path	internal/payout	ls internal/payout	HOLDS	
docs/adr/0028-notifications-and-realtime-on-one-instance.md	46	path	internal/profile	ls internal/profile	HOLDS	
docs/adr/0028-notifications-and-realtime-on-one-instance.md	46	path	internal/verification	ls internal/verification	HOLDS	
docs/adr/0028-notifications-and-realtime-on-one-instance.md	68	gosymbol	internal/notifications.Follower	go symbol selector, not a path	UNCHECKABLE	
docs/adr/0028-notifications-and-realtime-on-one-instance.md	76	path	cmd/api	ls cmd/api	HOLDS	
docs/adr/0028-notifications-and-realtime-on-one-instance.md	149	route	GET /v1/me/notifications	grep the api.gen.go route table	HOLDS	
docs/adr/0028-notifications-and-realtime-on-one-instance.md	151	route	GET /v1/events/stream	grep the api.gen.go route table	HOLDS	
docs/adr/0028-notifications-and-realtime-on-one-instance.md	171	path	internal/notification	ls internal/notification	HOLDS	
docs/adr/0028-notifications-and-realtime-on-one-instance.md	178	path	internal/notifications	ls internal/notifications	HOLDS	
docs/adr/0028-notifications-and-realtime-on-one-instance.md	184	path	internal/stream	ls internal/stream	HOLDS	
docs/adr/0028-notifications-and-realtime-on-one-instance.md	191	path	internal/httpapi	ls internal/httpapi	HOLDS	
docs/adr/0028-notifications-and-realtime-on-one-instance.md	194	path	test/integration/enums	ls test/integration/enums	HOLDS	
docs/adr/0029-agents-as-a-constrained-authority-management-surface.md	14	path	cmd/agent-worker	ls cmd/agent-worker	HOLDS	
docs/adr/0029-agents-as-a-constrained-authority-management-surface.md	15	path	cmd/execution-worker	ls cmd/execution-worker	HOLDS	
docs/adr/0029-agents-as-a-constrained-authority-management-surface.md	17	path	cmd/agent-worker	ls cmd/agent-worker	HOLDS	
docs/adr/0029-agents-as-a-constrained-authority-management-surface.md	20	path	internal/agent	ls internal/agent	HOLDS	
docs/adr/0029-agents-as-a-constrained-authority-management-surface.md	25	path	test/security	ls test/security	HOLDS	
docs/adr/0029-agents-as-a-constrained-authority-management-surface.md	40	path	internal/agents	ls internal/agents	HOLDS	
docs/adr/0029-agents-as-a-constrained-authority-management-surface.md	41	path	internal/agent	ls internal/agent	HOLDS	
docs/adr/0029-agents-as-a-constrained-authority-management-surface.md	42	path	test/security	ls test/security	HOLDS	
docs/adr/0029-agents-as-a-constrained-authority-management-surface.md	44	path	internal/agents	ls internal/agents	HOLDS	
docs/adr/0029-agents-as-a-constrained-authority-management-surface.md	91	route	POST /v1/strategies/{id}/compile	grep the api.gen.go route table	HOLDS	
docs/adr/0029-agents-as-a-constrained-authority-management-surface.md	104	path	internal/agent	ls internal/agent	HOLDS	
docs/adr/0029-agents-as-a-constrained-authority-management-surface.md	108	path	cmd/api	ls cmd/api	HOLDS	
docs/adr/0029-agents-as-a-constrained-authority-management-surface.md	133	path	internal/credit	ls internal/credit	HOLDS	
docs/adr/0029-agents-as-a-constrained-authority-management-surface.md	146	path	internal/agents	ls internal/agents	HOLDS	
docs/adr/0029-agents-as-a-constrained-authority-management-surface.md	158	path	cmd/api	ls cmd/api	HOLDS	
docs/adr/0029-agents-as-a-constrained-authority-management-surface.md	162	path	internal/agents	ls internal/agents	HOLDS	
docs/adr/0029-agents-as-a-constrained-authority-management-surface.md	164	path	internal/httpapi/handlers_agents.go	ls internal/httpapi/handlers_agents.go	HOLDS	
docs/adr/0029-agents-as-a-constrained-authority-management-surface.md	166	gosymbol	cmd/api/agents.go	go symbol selector, not a path	UNCHECKABLE	
docs/adr/0029-agents-as-a-constrained-authority-management-surface.md	166	gosymbol	internal/httpapi/authz.go	go symbol selector, not a path	UNCHECKABLE	
docs/adr/0029-agents-as-a-constrained-authority-management-surface.md	167	gosymbol	cmd/api/wire.go	go symbol selector, not a path	UNCHECKABLE	
docs/adr/0029-agents-as-a-constrained-authority-management-surface.md	167	path	test/integration/enums	ls test/integration/enums	HOLDS	
docs/adr/0029-agents-as-a-constrained-authority-management-surface.md	168	path	test/security/deferred_bridge_test.go	ls test/security/deferred_bridge_test.go	HOLDS	
docs/architecture/POLICY_AUTHORITY.md	3	path	docs/build/REQUIREMENTS_TRACEABILITY.md	ls docs/build/REQUIREMENTS_TRACEABILITY.md	HOLDS	
docs/architecture/POLICY_AUTHORITY.md	14	prose	LIVE_* and WITHDRAWALS require the four evidence references	gates.IsHighRisk is true for 18 of 20 capabilities	FAILS	F-docs-1
docs/architecture/POLICY_AUTHORITY.md	19	prose	the gate state machine is DISABLED, PENDING_APPROVAL, APPROVED, ACTIVE, SUSPENDED, REVOKED, EXPIRED	SANDBOX is an eighth state (00755) and is absent from this machine	FAILS	F-docs-1
docs/architecture/POLICY_AUTHORITY.md	34	path	internal/payout	ls internal/payout	HOLDS	
docs/architecture/POLICY_AUTHORITY.md	36	prose	twelve kill-switch kinds	internal/killswitch/kind.go declares twelve	HOLDS	
docs/audit/AUDIT_FINDINGS.md	35	path	internal/valuation	ls internal/valuation	HOLDS	
docs/audit/AUDIT_FINDINGS.md	63	route	POST /v1/native-markets/{id}/orders	grep the api.gen.go route table	HOLDS	
docs/audit/AUDIT_FINDINGS.md	238	path	docs/operations/RENDER_DEPLOY.md	ls docs/operations/RENDER_DEPLOY.md	HOLDS	absent, and the paragraph says so
docs/audit/AUDIT_FINDINGS.md	247	path	test/integration/gates	ls test/integration/gates	HOLDS	absent, and the paragraph says so
docs/audit/AUDIT_FINDINGS.md	263	path	scripts/inttest	ls scripts/inttest	HOLDS	
docs/audit/AUDIT_FINDINGS.md	264	path	internal/event	ls internal/event	HOLDS	
docs/audit/AUDIT_FINDINGS.md	270	path	test/security	ls test/security	HOLDS	
docs/audit/AUDIT_FINDINGS.md	272	testname	TestLedger_AForgedCursorCannotCrossTenants	grep for func TestLedger_AForgedCursorCannotCrossTenants over *_test.go	HOLDS	
docs/audit/AUDIT_FINDINGS.md	286	testname	TestIsolation_PayoutPathIsGatedAtBothSteps	grep for func TestIsolation_PayoutPathIsGatedAtBothSteps over *_test.go	HOLDS	
docs/audit/AUDIT_FINDINGS.md	296	testname	TestIsolation_DirectionIsLoadBearing	grep for func TestIsolation_DirectionIsLoadBearing over *_test.go	HOLDS	
docs/audit/AUDIT_FINDINGS.md	300	testname	TestIntegration_BuyMovesValueExactlyWhereItShould	grep for func TestIntegration_BuyMovesValueExactlyWhereItShould over *_test.go	HOLDS	
docs/audit/AUDIT_FINDINGS.md	331	path	test/security	ls test/security	HOLDS	
docs/audit/AUDIT_FINDINGS.md	334	path	internal/credit	ls internal/credit	HOLDS	
docs/audit/AUDIT_FINDINGS.md	339	testname	TestConsumptionOrderSQL_MatchesTheMap	grep for func TestConsumptionOrderSQL_MatchesTheMap over *_test.go	HOLDS	
docs/audit/AUDIT_FINDINGS.md	344	path	internal/ledger	ls internal/ledger	HOLDS	
docs/audit/AUDIT_FINDINGS.md	345	path	internal/valuation	ls internal/valuation	HOLDS	
docs/audit/AUDIT_FINDINGS.md	349	path	scripts/inttest	ls scripts/inttest	HOLDS	
docs/audit/AUDIT_FINDINGS.md	354	testname	TestIntegration_ReversibleFundingIsNeverPayable	grep for func TestIntegration_ReversibleFundingIsNeverPayable over *_test.go	HOLDS	
docs/audit/AUDIT_FINDINGS.md	371	testname	TestState_EveryTransitionTargetIsDeclared	grep for func TestState_EveryTransitionTargetIsDeclared over *_test.go	HOLDS	
docs/audit/AUDIT_FINDINGS.md	395	path	internal/commerce	ls internal/commerce	HOLDS	
docs/audit/AUDIT_FINDINGS.md	399	path	docs/release/PRODUCTION_READINESS_REPORT.md	ls docs/release/PRODUCTION_READINESS_REPORT.md	HOLDS	
docs/audit/AUDIT_FINDINGS.md	415	path	internal/{credit,nativemarket,payout,commerce}	ls internal/{credit,nativemarket,payout,commerce}	HOLDS	
docs/audit/AUDIT_FINDINGS.md	428	path	internal/{credit,nativemarket,payout,commerce}	ls internal/{credit,nativemarket,payout,commerce}	HOLDS	
docs/audit/AUDIT_FINDINGS.md	457	path	internal/commerce	ls internal/commerce	HOLDS	
docs/audit/AUDIT_FINDINGS.md	460	testname	TestIntegration_WithoutTheMarketplaceCapabilityNothingSells	grep for func TestIntegration_WithoutTheMarketplaceCapabilityNothingSells over *_test.go	HOLDS	
docs/audit/AUDIT_FINDINGS.md	463	testname	TestIntegration_ARepeatedPurchaseStopsWorkingWhenTheGateIsPulled	grep for func TestIntegration_ARepeatedPurchaseStopsWorkingWhenTheGateIsPulled over *_test.go	HOLDS	
docs/audit/AUDIT_FINDINGS.md	502	testname	TestCompile_AGateBeingOffIsNotAPolicyRefusal	grep for func TestCompile_AGateBeingOffIsNotAPolicyRefusal over *_test.go	HOLDS	
docs/audit/AUDIT_FINDINGS.md	519	testname	TestIntegration_AProviderTimeoutDoesNotDuplicateThePayout	grep for func TestIntegration_AProviderTimeoutDoesNotDuplicateThePayout over *_test.go	HOLDS	
docs/audit/AUDIT_FINDINGS.md	522	testname	TestIntegration_ACreatorCannotChangeEconomicsAfterLaunch	grep for func TestIntegration_ACreatorCannotChangeEconomicsAfterLaunch over *_test.go	HOLDS	
docs/audit/AUDIT_FINDINGS.md	537	path	apps/admin	ls apps/admin	HOLDS	
docs/audit/AUDIT_FINDINGS.md	545	gosymbol	internal/settlement/compiler.go	go symbol selector, not a path	UNCHECKABLE	
docs/audit/AUDIT_FINDINGS.md	555	testname	TestCompile_MinAgentAuthorityIsAFloorNotACeiling	grep for func TestCompile_MinAgentAuthorityIsAFloorNotACeiling over *_test.go	HOLDS	
docs/audit/AUDIT_FINDINGS.md	619	path	test/chaos	ls test/chaos	HOLDS	
docs/audit/AUDIT_FINDINGS.md	654	path	test/load/internal_economy.js	ls test/load/internal_economy.js	HOLDS	
docs/audit/AUDIT_FINDINGS.md	713	testname	TestIntegration_ACompromisedProviderCannotRewriteAFinishedPayout	grep for func TestIntegration_ACompromisedProviderCannotRewriteAFinishedPayout over *_test.go	HOLDS	
docs/audit/AUDIT_FINDINGS.md	714	testname	TestIntegration_AProviderClaimingItPaidAFailedPayoutIsNotBelieved	grep for func TestIntegration_AProviderClaimingItPaidAFailedPayoutIsNotBelieved over *_test.go	HOLDS	
docs/audit/AUDIT_FINDINGS.md	715	testname	TestIntegration_AProviderSwappingTheReferenceOfASettledPayoutContradictsItself	grep for func TestIntegration_AProviderSwappingTheReferenceOfASettledPayoutContradictsItself over *_test.go	HOLDS	
docs/audit/AUDIT_FINDINGS.md	716	testname	TestIntegration_AProviderThatAgreesWithASettledPayoutIsNotAContradiction	grep for func TestIntegration_AProviderThatAgreesWithASettledPayoutIsNotAContradiction over *_test.go	HOLDS	
docs/audit/AUDIT_FINDINGS.md	740	testname	TestIntegration_ARealCapitalIntentIsRefusedAtTheEdge	grep for func TestIntegration_ARealCapitalIntentIsRefusedAtTheEdge over *_test.go	HOLDS	
docs/audit/AUDIT_FINDINGS.md	749	testname	TestWire_CarriesTheDeploymentsSettlementPolicy	grep for func TestWire_CarriesTheDeploymentsSettlementPolicy over *_test.go	HOLDS	
docs/audit/AUDIT_FINDINGS.md	753	testname	TestIntegration_AConfiguredPolicyActuallyReachesTheIntentCompiler	grep for func TestIntegration_AConfiguredPolicyActuallyReachesTheIntentCompiler over *_test.go	HOLDS	
docs/audit/AUDIT_FINDINGS.md	767	path	docs/release/PRODUCTION_READINESS_REPORT.md	ls docs/release/PRODUCTION_READINESS_REPORT.md	HOLDS	
docs/audit/AUDIT_FINDINGS.md	768	testname	TestIsolation_CrossDomainPostingMustDeclareItself	grep for func TestIsolation_CrossDomainPostingMustDeclareItself over *_test.go	HOLDS	absent, and the paragraph says so
docs/audit/AUDIT_FINDINGS.md	770	testname	TestIsolation_CrossDomainPostingMustDeclareItsConversion	grep for func TestIsolation_CrossDomainPostingMustDeclareItsConversion over *_test.go	HOLDS	
docs/audit/AUDIT_FINDINGS.md	783	path	test/docs/references_test.go	ls test/docs/references_test.go	HOLDS	
docs/audit/AUDIT_FINDINGS.md	791	testname	TestProp_	grep for func TestProp_ over *_test.go	HOLDS	
docs/audit/AUDIT_FINDINGS.md	796	testname	TestAgentImportBoundary	grep for func TestAgentImportBoundary over *_test.go	HOLDS	absent, and the paragraph says so
docs/audit/AUDIT_FINDINGS.md	797	testname	TestAgentTreesNeverImportAuthority	grep for func TestAgentTreesNeverImportAuthority over *_test.go	HOLDS	
docs/audit/AUDIT_FINDINGS.md	798	testname	TestAgentBoundaryNeverImportsSigning	grep for func TestAgentBoundaryNeverImportsSigning over *_test.go	HOLDS	
docs/audit/AUDIT_FINDINGS.md	798	testname	TestNoAgentPathImportsWithdrawal	grep for func TestNoAgentPathImportsWithdrawal over *_test.go	HOLDS	
docs/audit/AUDIT_FINDINGS.md	807	path	cmd/api	ls cmd/api	HOLDS	
docs/audit/AUDIT_FINDINGS.md	835	gosymbol	internal/identity.NodalIdentityResolver	go symbol selector, not a path	UNCHECKABLE	
docs/audit/AUDIT_FINDINGS.md	841	path	internal/identity	ls internal/identity	HOLDS	
docs/audit/AUDIT_FINDINGS.md	848	testname	TestCapabilities_ResolverAnswersEverythingTheCompilerCanRequire	grep for func TestCapabilities_ResolverAnswersEverythingTheCompilerCanRequire over *_test.go	HOLDS	
docs/audit/AUDIT_FINDINGS.md	899	testname	TestIntegration_ConcurrentPurchasesDoNotStarveTheConnectionPool	grep for func TestIntegration_ConcurrentPurchasesDoNotStarveTheConnectionPool over *_test.go	HOLDS	
docs/audit/AUDIT_FINDINGS.md	909	route	POST /v1/native-assets	grep the api.gen.go route table	HOLDS	
docs/audit/AUDIT_FINDINGS.md	925	route	POST /v1/native-assets/{assetId}/submit	grep the api.gen.go route table	HOLDS	
docs/audit/AUDIT_FINDINGS.md	967	route	POST /v1/payouts/{payoutId}/cancel	grep the api.gen.go route table	HOLDS	
docs/audit/AUDIT_FINDINGS.md	974	testname	TestIntegration_AUserCanCancelTheirOwnPayoutAndNobodyElses	grep for func TestIntegration_AUserCanCancelTheirOwnPayoutAndNobodyElses over *_test.go	HOLDS	
docs/audit/AUDIT_FINDINGS.md	984	path	test/reachability	ls test/reachability	HOLDS	
docs/audit/AUDIT_FINDINGS.md	1009	testname	TestProp_ByteFlipsNeverApprove	grep for func TestProp_ByteFlipsNeverApprove over *_test.go	HOLDS	
docs/audit/AUDIT_FINDINGS.md	1048	testname	TestIntegration_ConcurrentBuyersSerialiseWithoutBreakingAnything	grep for func TestIntegration_ConcurrentBuyersSerialiseWithoutBreakingAnything over *_test.go	HOLDS	
docs/audit/AUDIT_FINDINGS.md	1084	testname	TestIntegration_ConcurrentBuyersSerialiseWithoutBreakingAnything	grep for func TestIntegration_ConcurrentBuyersSerialiseWithoutBreakingAnything over *_test.go	HOLDS	
docs/audit/AUDIT_FINDINGS.md	1251	path	internal/risk	ls internal/risk	HOLDS	
docs/audit/AUDIT_FINDINGS.md	1315	path	scripts/riskpolicy	ls scripts/riskpolicy	HOLDS	
docs/audit/AUDIT_FINDINGS.md	1340	testname	TestIntegration_AnOrderBiggerThanTheBalanceSaysSo	grep for func TestIntegration_AnOrderBiggerThanTheBalanceSaysSo over *_test.go	HOLDS	
docs/audit/AUDIT_FINDINGS.md	1358	path	internal/nativemarket	ls internal/nativemarket	HOLDS	
docs/audit/AUDIT_FINDINGS.md	1359	testname	TestIntegration_ARefusedTradeStillRecordsItsRiskDecision	grep for func TestIntegration_ARefusedTradeStillRecordsItsRiskDecision over *_test.go	HOLDS	
docs/audit/AUDIT_FINDINGS.md	1363	path	internal/risk	ls internal/risk	HOLDS	
docs/audit/AUDIT_FINDINGS.md	1369	path	internal/eligibility	ls internal/eligibility	HOLDS	
docs/audit/AUDIT_FINDINGS.md	1381	path	internal/risk	ls internal/risk	HOLDS	
docs/audit/AUDIT_FINDINGS.md	1381	path	test/reachability	ls test/reachability	HOLDS	
docs/audit/AUDIT_FINDINGS.md	1395	path	internal/agentauthority	ls internal/agentauthority	HOLDS	
docs/audit/AUDIT_FINDINGS.md	1395	path	internal/commerce	ls internal/commerce	HOLDS	
docs/audit/AUDIT_FINDINGS.md	1395	path	internal/credit	ls internal/credit	HOLDS	
docs/audit/AUDIT_FINDINGS.md	1396	path	internal/payout	ls internal/payout	HOLDS	
docs/audit/AUDIT_FINDINGS.md	1396	path	scripts/seedeconomy	ls scripts/seedeconomy	HOLDS	
docs/audit/AUDIT_FINDINGS.md	1439	path	test/source	ls test/source	HOLDS	
docs/audit/AUDIT_FINDINGS.md	1454	path	scripts/fmtcheck	ls scripts/fmtcheck	HOLDS	
docs/audit/AUDIT_FINDINGS.md	1481	route	POST /v1/native-markets/{marketId}/orders	grep the api.gen.go route table	HOLDS	
docs/audit/AUDIT_FINDINGS.md	1484	route	POST /v1/internal-products/{id}/orders	grep the api.gen.go route table	HOLDS	
docs/audit/AUDIT_FINDINGS.md	1485	route	POST /v1/payouts	grep the api.gen.go route table	HOLDS	
docs/audit/AUDIT_FINDINGS.md	1486	route	POST /v1/internal-sellers	grep the api.gen.go route table	HOLDS	
docs/audit/AUDIT_FINDINGS.md	1501	testname	TestAccountScope_EveryWriteUsesOwnershipOnly	grep for func TestAccountScope_EveryWriteUsesOwnershipOnly over *_test.go	HOLDS	
docs/audit/AUDIT_FINDINGS.md	1508	testname	TestIntegration_AnOperatorCannotTradeOutOfACustomersAccount	grep for func TestIntegration_AnOperatorCannotTradeOutOfACustomersAccount over *_test.go	HOLDS	
docs/audit/AUDIT_FINDINGS.md	1515	testname	TestIntegration_CommerceRefusesCrossTenantRequests	grep for func TestIntegration_CommerceRefusesCrossTenantRequests over *_test.go	HOLDS	
docs/audit/AUDIT_FINDINGS.md	1516	testname	TestIDOR_	grep for func TestIDOR_ over *_test.go	HOLDS	
docs/audit/AUDIT_FINDINGS.md	1536	path	internal/nativemarket	ls internal/nativemarket	HOLDS	
docs/audit/AUDIT_FINDINGS.md	1539	path	test/load/internal_economy.js	ls test/load/internal_economy.js	HOLDS	
docs/audit/AUDIT_FINDINGS.md	1550	testname	TestIntegration_ACustomerCanTradeOverHTTP	grep for func TestIntegration_ACustomerCanTradeOverHTTP over *_test.go	HOLDS	
docs/audit/AUDIT_FINDINGS.md	1593	testname	TestRoute_GateRefusalIsSetOnlyWhereTheGateRefused	grep for func TestRoute_GateRefusalIsSetOnlyWhereTheGateRefused over *_test.go	HOLDS	
docs/audit/AUDIT_FINDINGS.md	1594	testname	TestPolicy_TheGatesReasonCodeIsReserved	grep for func TestPolicy_TheGatesReasonCodeIsReserved over *_test.go	HOLDS	
docs/audit/AUDIT_FINDINGS.md	1605	path	scripts/lintfin	ls scripts/lintfin	HOLDS	
docs/audit/AUDIT_FINDINGS.md	1608	path	internal/commerce	ls internal/commerce	HOLDS	
docs/audit/AUDIT_FINDINGS.md	1608	path	internal/credit	ls internal/credit	HOLDS	
docs/audit/AUDIT_FINDINGS.md	1608	path	internal/nativemarket	ls internal/nativemarket	HOLDS	
docs/audit/AUDIT_FINDINGS.md	1609	path	internal/payout	ls internal/payout	HOLDS	
docs/audit/AUDIT_FINDINGS.md	1609	path	internal/valuedomain	ls internal/valuedomain	HOLDS	
docs/audit/AUDIT_FINDINGS.md	1630	route	GET /v1/payouts/{payoutId}	grep the api.gen.go route table	HOLDS	
docs/audit/AUDIT_FINDINGS.md	1633	route	POST /v1/payouts/{payoutId}/cancel	grep the api.gen.go route table	HOLDS	
docs/audit/AUDIT_FINDINGS.md	1635	route	GET /v1/internal-products/{productId}	grep the api.gen.go route table	HOLDS	
docs/audit/AUDIT_FINDINGS.md	1639	route	GET /v1/native-assets/{assetId}	grep the api.gen.go route table	HOLDS	
docs/audit/AUDIT_FINDINGS.md	2034	testname	TestIntegration_NoEnumCheckAppearsUnnoticed	grep for func TestIntegration_NoEnumCheckAppearsUnnoticed over *_test.go	HOLDS	
docs/audit/AUDIT_FINDINGS.md	2186	path	docs/compliance-gates/PRODUCTION_GATES.md	ls docs/compliance-gates/PRODUCTION_GATES.md	HOLDS	
docs/audit/AUDIT_FINDINGS.md	2207	testname	TestIntegration_GoAndSQLAgreeOnEveryCapabilitysRisk	grep for func TestIntegration_GoAndSQLAgreeOnEveryCapabilitysRisk over *_test.go	HOLDS	
docs/audit/AUDIT_FINDINGS.md	2276	testname	TestIntegration_TheMarketResponseStatesItsAssetsScale	grep for func TestIntegration_TheMarketResponseStatesItsAssetsScale over *_test.go	HOLDS	
docs/audit/AUDIT_FINDINGS.md	2277	testname	TestIntegration_TheQuoteStatesTheScaleOfItsAssetSide	grep for func TestIntegration_TheQuoteStatesTheScaleOfItsAssetSide over *_test.go	HOLDS	
docs/audit/AUDIT_FINDINGS.md	2343	path	test/integration/migrations/privileges_test.go	ls test/integration/migrations/privileges_test.go	HOLDS	
docs/audit/AUDIT_FINDINGS.md	2430	testname	TestPII_OnlyTheEncryptingStoreWritesPersonalData	grep for func TestPII_OnlyTheEncryptingStoreWritesPersonalData over *_test.go	HOLDS	
docs/audit/AUDIT_FINDINGS.md	2455	path	internal/pii	ls internal/pii	HOLDS	
docs/audit/AUDIT_FINDINGS.md	2469	gosymbol	internal/pii/store.go	go symbol selector, not a path	UNCHECKABLE	
docs/audit/AUDIT_FINDINGS.md	2470	path	test/security	ls test/security	HOLDS	
docs/audit/AUDIT_FINDINGS.md	2492	path	internal/pii	ls internal/pii	HOLDS	
docs/audit/AUDIT_FINDINGS.md	2498	path	cmd/api	ls cmd/api	HOLDS	
docs/audit/AUDIT_FINDINGS.md	2501	path	internal/config	ls internal/config	HOLDS	
docs/audit/AUDIT_FINDINGS.md	2502	path	test/security	ls test/security	HOLDS	
docs/audit/AUDIT_FINDINGS.md	2504	path	internal/pii	ls internal/pii	HOLDS	
docs/audit/AUDIT_FINDINGS.md	2507	path	internal/identity	ls internal/identity	HOLDS	
docs/audit/AUDIT_FINDINGS.md	2510	path	test/integration/migrations	ls test/integration/migrations	HOLDS	
docs/audit/AUDIT_FINDINGS.md	2554	path	internal/ledger	ls internal/ledger	HOLDS	
docs/audit/AUDIT_FINDINGS.md	2567	testname	TestIntegration_GoAndSQLAgreeOnTheChartOfAccounts	grep for func TestIntegration_GoAndSQLAgreeOnTheChartOfAccounts over *_test.go	HOLDS	
docs/audit/AUDIT_FINDINGS.md	2575	path	internal/assets	ls internal/assets	HOLDS	
docs/audit/AUDIT_FINDINGS.md	2592	path	internal/assets	ls internal/assets	HOLDS	
docs/audit/AUDIT_FINDINGS.md	2615	path	test/docs	ls test/docs	HOLDS	
docs/audit/AUDIT_FINDINGS.md	2618	path	docs/architecture/EXECUTION.md	ls docs/architecture/EXECUTION.md	HOLDS	
docs/audit/AUDIT_FINDINGS.md	2619	path	cmd/execution-worker	ls cmd/execution-worker	HOLDS	
docs/audit/AUDIT_FINDINGS.md	2620	path	internal/signing	ls internal/signing	HOLDS	
docs/audit/AUDIT_FINDINGS.md	2622	path	cmd/execution-worker	ls cmd/execution-worker	HOLDS	
docs/audit/AUDIT_FINDINGS.md	2622	path	internal/signing	ls internal/signing	HOLDS	
docs/audit/AUDIT_FINDINGS.md	2624	path	docs/operations/DEPLOYMENT.md	ls docs/operations/DEPLOYMENT.md	HOLDS	
docs/audit/AUDIT_FINDINGS.md	2626	path	scripts/gateceremony	ls scripts/gateceremony	HOLDS	
docs/audit/AUDIT_FINDINGS.md	2630	path	docs/operations/RECONCILIATION.md	ls docs/operations/RECONCILIATION.md	HOLDS	
docs/audit/AUDIT_FINDINGS.md	2640	path	test/docs/references_test.go	ls test/docs/references_test.go	HOLDS	
docs/audit/AUDIT_FINDINGS.md	2652	path	cmd/reconciliation-worker	ls cmd/reconciliation-worker	HOLDS	
docs/audit/AUDIT_FINDINGS.md	2654	path	cmd/api	ls cmd/api	HOLDS	
docs/audit/AUDIT_FINDINGS.md	2657	path	cmd/api	ls cmd/api	HOLDS	
docs/audit/AUDIT_FINDINGS.md	2659	path	internal/reconciliation	ls internal/reconciliation	HOLDS	
docs/audit/AUDIT_FINDINGS.md	2669	path	cmd/api	ls cmd/api	HOLDS	
docs/audit/AUDIT_FINDINGS.md	2671	testname	TestIntegration_AnOperatorCanClearAReconciliationBlock	grep for func TestIntegration_AnOperatorCanClearAReconciliationBlock over *_test.go	HOLDS	
docs/audit/AUDIT_FINDINGS.md	2695	testname	TestIntegration_AnOpenRecordIsNotOperatorResolvable	grep for func TestIntegration_AnOpenRecordIsNotOperatorResolvable over *_test.go	HOLDS	
docs/audit/AUDIT_FINDINGS.md	2705	testname	TestIntegration_AReconciliationResolutionRefusesToPost	grep for func TestIntegration_AReconciliationResolutionRefusesToPost over *_test.go	HOLDS	
docs/audit/AUDIT_FINDINGS.md	2788	testname	TestDocs_CountsMatchTheCode	grep for func TestDocs_CountsMatchTheCode over *_test.go	HOLDS	
docs/audit/AUDIT_FINDINGS.md	2794	testname	TestDocs_CountsMatchTheCode	grep for func TestDocs_CountsMatchTheCode over *_test.go	HOLDS	
docs/audit/AUDIT_FINDINGS.md	2795	testname	TestDocs_EveryTestTheyNameExists	grep for func TestDocs_EveryTestTheyNameExists over *_test.go	HOLDS	
docs/audit/AUDIT_FINDINGS.md	2813	testname	TestDocs_CountsCheckIsNotVacuous	grep for func TestDocs_CountsCheckIsNotVacuous over *_test.go	HOLDS	
docs/audit/AUDIT_FINDINGS.md	2827	path	cmd/api	ls cmd/api	HOLDS	
docs/audit/AUDIT_FINDINGS.md	2828	path	cmd/reconciliation-worker	ls cmd/reconciliation-worker	HOLDS	
docs/audit/AUDIT_FINDINGS.md	2828	path	internal/reconciliation	ls internal/reconciliation	HOLDS	
docs/audit/AUDIT_FINDINGS.md	2829	path	cmd/audit-worker	ls cmd/audit-worker	HOLDS	
docs/audit/AUDIT_FINDINGS.md	2830	path	cmd/agent-worker	ls cmd/agent-worker	HOLDS	
docs/audit/AUDIT_FINDINGS.md	2830	path	cmd/market-ingest-worker	ls cmd/market-ingest-worker	HOLDS	
docs/audit/AUDIT_FINDINGS.md	2830	path	internal/agent	ls internal/agent	HOLDS	
docs/audit/AUDIT_FINDINGS.md	2830	path	internal/model	ls internal/model	HOLDS	
docs/audit/AUDIT_FINDINGS.md	2830	path	internal/reality	ls internal/reality	HOLDS	
docs/audit/AUDIT_FINDINGS.md	2830	path	internal/strategy	ls internal/strategy	HOLDS	
docs/audit/AUDIT_FINDINGS.md	2831	path	cmd/execution-worker	ls cmd/execution-worker	HOLDS	
docs/audit/AUDIT_FINDINGS.md	2832	path	internal/provider/privy	ls internal/provider/privy	HOLDS	
docs/audit/AUDIT_FINDINGS.md	2833	path	cmd/*	ls cmd/*	HOLDS	
docs/audit/AUDIT_FINDINGS.md	2833	path	cmd/market-ingest-worker	ls cmd/market-ingest-worker	HOLDS	
docs/audit/AUDIT_FINDINGS.md	2833	path	cmd/relay-worker	ls cmd/relay-worker	HOLDS	
docs/audit/AUDIT_FINDINGS.md	2833	path	cmd/workflow-worker	ls cmd/workflow-worker	HOLDS	
docs/audit/AUDIT_FINDINGS.md	2836	path	openapi/openapi.yaml	ls openapi/openapi.yaml	HOLDS	
docs/audit/AUDIT_FINDINGS.md	2838	path	cmd/api	ls cmd/api	HOLDS	
docs/audit/AUDIT_FINDINGS.md	2855	path	internal/webhook	ls internal/webhook	HOLDS	
docs/audit/AUDIT_FINDINGS.md	2868	path	test/docs	ls test/docs	HOLDS	
docs/audit/AUDIT_FINDINGS.md	2870	testname	TestDocs_NothingMarkedPendingAlreadyExists	grep for func TestDocs_NothingMarkedPendingAlreadyExists over *_test.go	HOLDS	
docs/audit/AUDIT_FINDINGS.md	2872	path	cmd/api	ls cmd/api	HOLDS	
docs/audit/AUDIT_FINDINGS.md	2873	path	cmd/api	ls cmd/api	HOLDS	
docs/audit/AUDIT_FINDINGS.md	2875	testname	TestDocs_EveryRunbookRouteIsServed	grep for func TestDocs_EveryRunbookRouteIsServed over *_test.go	HOLDS	
docs/audit/AUDIT_FINDINGS.md	2880	path	internal/ledger	ls internal/ledger	HOLDS	
docs/audit/AUDIT_FINDINGS.md	2881	route	POST /admin/definitely-not-a-route	grep the api.gen.go route table	HOLDS	not served, and the paragraph says so
docs/audit/AUDIT_FINDINGS.md	2882	path	internal/backtest	ls internal/backtest	HOLDS	absent, and the paragraph says so
docs/audit/AUDIT_FINDINGS.md	2882	path	internal/performance	ls internal/performance	HOLDS	absent, and the paragraph says so
docs/audit/AUDIT_FINDINGS.md	2904	path	internal/webhook	ls internal/webhook	HOLDS	
docs/audit/AUDIT_FINDINGS.md	2927	testname	TestIntegration_ProviderEvidenceCannotBeRewritten	grep for func TestIntegration_ProviderEvidenceCannotBeRewritten over *_test.go	HOLDS	
docs/audit/AUDIT_FINDINGS.md	2934	testname	TestIntegration_TheLifecycleColumnsStillMove	grep for func TestIntegration_TheLifecycleColumnsStillMove over *_test.go	HOLDS	
docs/audit/AUDIT_FINDINGS.md	2949	path	internal/reality	ls internal/reality	HOLDS	
docs/audit/AUDIT_FINDINGS.md	2950	path	internal/reality/redpandabus	ls internal/reality/redpandabus	HOLDS	
docs/audit/AUDIT_FINDINGS.md	2951	path	internal/archive	ls internal/archive	HOLDS	
docs/audit/AUDIT_FINDINGS.md	2952	path	internal/workflows	ls internal/workflows	HOLDS	
docs/audit/AUDIT_FINDINGS.md	2953	path	internal/ratelimit	ls internal/ratelimit	HOLDS	
docs/audit/AUDIT_FINDINGS.md	2958	testname	TestIntegration_ClickHouse_LookAheadLeakage	grep for func TestIntegration_ClickHouse_LookAheadLeakage over *_test.go	HOLDS	
docs/audit/AUDIT_FINDINGS.md	2959	testname	TestProp_ClickHouse_SnapshotNeverReturnsFutureKnowledge	grep for func TestProp_ClickHouse_SnapshotNeverReturnsFutureKnowledge over *_test.go	HOLDS	
docs/audit/AUDIT_FINDINGS.md	2961	path	internal/ratelimit	ls internal/ratelimit	HOLDS	
docs/audit/AUDIT_FINDINGS.md	2986	path	internal/testkit/deps	ls internal/testkit/deps	HOLDS	
docs/audit/AUDIT_FINDINGS.md	2995	path	internal/ratelimit/redis_integration_test.go	ls internal/ratelimit/redis_integration_test.go	HOLDS	
docs/audit/AUDIT_FINDINGS.md	2997	path	scripts/inttest	ls scripts/inttest	HOLDS	
docs/audit/AUDIT_FINDINGS.md	3004	testname	TestIntegration_S3_PutGetHeadListRoundTrip	grep for func TestIntegration_S3_PutGetHeadListRoundTrip over *_test.go	HOLDS	
docs/audit/AUDIT_FINDINGS.md	3006	path	internal/reality	ls internal/reality	HOLDS	
docs/audit/AUDIT_FINDINGS.md	3039	path	internal/valuedomain	ls internal/valuedomain	HOLDS	
docs/audit/AUDIT_FINDINGS.md	3052	testname	TestIntegration_DatabaseRefusesActivationWithoutEvidence	grep for func TestIntegration_DatabaseRefusesActivationWithoutEvidence over *_test.go	HOLDS	
docs/audit/AUDIT_FINDINGS.md	3054	testname	TestIntegration_DatabaseRefusesActivationOutsideTheWindow	grep for func TestIntegration_DatabaseRefusesActivationOutsideTheWindow over *_test.go	HOLDS	
docs/audit/AUDIT_FINDINGS.md	3073	testname	TestIntegration_ValueDomainRefusalsAreClassified	grep for func TestIntegration_ValueDomainRefusalsAreClassified over *_test.go	HOLDS	
docs/audit/AUDIT_FINDINGS.md	3079	path	internal/ledger	ls internal/ledger	HOLDS	
docs/audit/AUDIT_FINDINGS.md	3103	testname	TestIntegration_EveryDocumentedSQLStateIsRaised	grep for func TestIntegration_EveryDocumentedSQLStateIsRaised over *_test.go	HOLDS	
docs/audit/AUDIT_FINDINGS.md	3107	testname	TestIntegration_TheWithdrawnInvariantsAreStillEnforced	grep for func TestIntegration_TheWithdrawnInvariantsAreStillEnforced over *_test.go	HOLDS	
docs/audit/AUDIT_FINDINGS.md	3117	path	internal/credit	ls internal/credit	HOLDS	
docs/audit/AUDIT_FINDINGS.md	3118	testname	TestIntegration_Migrations	grep for func TestIntegration_Migrations over *_test.go	HOLDS	
docs/audit/AUDIT_FINDINGS.md	3158	path	internal/prediction	ls internal/prediction	HOLDS	
docs/audit/AUDIT_FINDINGS.md	3161	testname	TestResolverRefusesWhenThereIsNoPrice	grep for func TestResolverRefusesWhenThereIsNoPrice over *_test.go	HOLDS	
docs/audit/AUDIT_FINDINGS.md	3163	testname	TestResolveScoresFromPointInTimePrices	grep for func TestResolveScoresFromPointInTimePrices over *_test.go	HOLDS	
docs/audit/AUDIT_FINDINGS.md	3183	path	cmd/agent-worker	ls cmd/agent-worker	HOLDS	
docs/audit/AUDIT_FINDINGS.md	3186	testname	TestIntegration_ResolverRefusesADeadFeed	grep for func TestIntegration_ResolverRefusesADeadFeed over *_test.go	HOLDS	
docs/audit/AUDIT_FINDINGS.md	3187	testname	TestIntegration_ResolverRefusesOneObservationSpanningTheWindow	grep for func TestIntegration_ResolverRefusesOneObservationSpanningTheWindow over *_test.go	HOLDS	
docs/audit/AUDIT_FINDINGS.md	3188	testname	TestIntegration_ResolverRefusesAStaleStart	grep for func TestIntegration_ResolverRefusesAStaleStart over *_test.go	HOLDS	
docs/audit/AUDIT_FINDINGS.md	3189	testname	TestResolverRequiresAMaximumPriceAge	grep for func TestResolverRequiresAMaximumPriceAge over *_test.go	HOLDS	
docs/audit/AUDIT_FINDINGS.md	3228	testname	TestCalibrationIgnoresUnresolvedPredictions	grep for func TestCalibrationIgnoresUnresolvedPredictions over *_test.go	HOLDS	
docs/audit/AUDIT_FINDINGS.md	3258	testname	TestIntegration_CalibrationStatesWhatItCouldNotScore	grep for func TestIntegration_CalibrationStatesWhatItCouldNotScore over *_test.go	HOLDS	
docs/audit/AUDIT_FINDINGS.md	3263	testname	TestIntegration_CalibrationSampleIsNotVacuous	grep for func TestIntegration_CalibrationSampleIsNotVacuous over *_test.go	HOLDS	
docs/audit/AUDIT_FINDINGS.md	3320	testname	TestIntegration_DisposalStillWorksUnderTheGuard	grep for func TestIntegration_DisposalStillWorksUnderTheGuard over *_test.go	HOLDS	
docs/audit/AUDIT_FINDINGS.md	3333	testname	TestIntegration_DisposalStillWorksUnderTheGuard	grep for func TestIntegration_DisposalStillWorksUnderTheGuard over *_test.go	HOLDS	
docs/audit/AUDIT_FINDINGS.md	3366	path	internal/backtest	ls internal/backtest	HOLDS	absent, and the paragraph says so
docs/audit/AUDIT_FINDINGS.md	3366	path	internal/performance	ls internal/performance	HOLDS	absent, and the paragraph says so
docs/audit/AUDIT_FINDINGS.md	3373	testname	TestIntegration_ClickHouse_NormalizedRoundTripAndReplacingDedup	grep for func TestIntegration_ClickHouse_NormalizedRoundTripAndReplacingDedup over *_test.go	HOLDS	
docs/audit/AUDIT_FINDINGS.md	3406	testname	TestIntegration_ReplayingAnEventProducesTheSameTimestamps	grep for func TestIntegration_ReplayingAnEventProducesTheSameTimestamps over *_test.go	HOLDS	
docs/audit/AUDIT_FINDINGS.md	3414	testname	TestIntegration_ADifferentEventStillGetsItsOwnTimestamps	grep for func TestIntegration_ADifferentEventStillGetsItsOwnTimestamps over *_test.go	HOLDS	
docs/audit/AUDIT_FINDINGS.md	3417	testname	TestReplayDeterminismIsAPropertyOfTheDerivation	grep for func TestReplayDeterminismIsAPropertyOfTheDerivation over *_test.go	HOLDS	
docs/audit/AUDIT_FINDINGS.md	3423	path	internal/backtest	ls internal/backtest	HOLDS	absent, and the paragraph says so
docs/audit/AUDIT_FINDINGS.md	3423	path	internal/performance	ls internal/performance	HOLDS	absent, and the paragraph says so
docs/audit/AUDIT_FINDINGS.md	3429	path	internal/auth	ls internal/auth	HOLDS	
docs/audit/AUDIT_FINDINGS.md	3440	path	cmd/api	ls cmd/api	HOLDS	
docs/audit/AUDIT_FINDINGS.md	3440	path	internal/auth	ls internal/auth	HOLDS	
docs/audit/AUDIT_FINDINGS.md	3441	path	cmd/execution-worker	ls cmd/execution-worker	HOLDS	
docs/audit/AUDIT_FINDINGS.md	3442	path	cmd/market-ingest-worker	ls cmd/market-ingest-worker	HOLDS	
docs/audit/AUDIT_FINDINGS.md	3449	testname	TestDocs_EveryRunbookRouteIsServed	grep for func TestDocs_EveryRunbookRouteIsServed over *_test.go	HOLDS	
docs/audit/AUDIT_FINDINGS.md	3450	testname	TestDocs_NothingMarkedPendingAlreadyExists	grep for func TestDocs_NothingMarkedPendingAlreadyExists over *_test.go	HOLDS	
docs/audit/AUDIT_FINDINGS.md	3467	testname	TestDocs_NothingMarkedPendingAlreadyExists	grep for func TestDocs_NothingMarkedPendingAlreadyExists over *_test.go	HOLDS	
docs/audit/AUDIT_FINDINGS.md	3468	path	cmd/execution-worker	ls cmd/execution-worker	HOLDS	
docs/audit/AUDIT_FINDINGS.md	3476	testname	TestDocs_SessionRevocationIsStillUnreachable	grep for func TestDocs_SessionRevocationIsStillUnreachable over *_test.go	HOLDS	
docs/audit/AUDIT_FINDINGS.md	3495	testname	TestDocs_EveryRunbookRouteIsServed	grep for func TestDocs_EveryRunbookRouteIsServed over *_test.go	HOLDS	
docs/audit/AUDIT_FINDINGS.md	3503	path	internal/admin	ls internal/admin	HOLDS	
docs/audit/AUDIT_FINDINGS.md	3504	path	internal/adminplane	ls internal/adminplane	HOLDS	
docs/audit/AUDIT_FINDINGS.md	3562	testname	TestIntegration_AdminStreamVerifiesAfterEverything	grep for func TestIntegration_AdminStreamVerifiesAfterEverything over *_test.go	HOLDS	
docs/audit/AUDIT_FINDINGS.md	3568	testname	TestIntegration_AnApprovalCannotBeRepointedAtAnotherTarget	grep for func TestIntegration_AnApprovalCannotBeRepointedAtAnotherTarget over *_test.go	HOLDS	
docs/audit/AUDIT_FINDINGS.md	3573	testname	TestIntegration_TheLifecycleStillMoves	grep for func TestIntegration_TheLifecycleStillMoves over *_test.go	HOLDS	
docs/audit/AUDIT_FINDINGS.md	3578	testname	TestIntegration_TamperedParamsAreRefused	grep for func TestIntegration_TamperedParamsAreRefused over *_test.go	HOLDS	
docs/audit/AUDIT_FINDINGS.md	3587	gosymbol	internal/security/roles.go	go symbol selector, not a path	UNCHECKABLE	
docs/audit/AUDIT_FINDINGS.md	3593	path	internal/killswitch	ls internal/killswitch	HOLDS	
docs/audit/AUDIT_FINDINGS.md	3607	path	internal/killswitch	ls internal/killswitch	HOLDS	
docs/audit/AUDIT_FINDINGS.md	3608	path	internal/agent	ls internal/agent	HOLDS	
docs/audit/AUDIT_FINDINGS.md	3608	path	internal/model	ls internal/model	HOLDS	
docs/audit/AUDIT_FINDINGS.md	3609	path	test/security/authority_boundary_test.go	ls test/security/authority_boundary_test.go	HOLDS	
docs/audit/AUDIT_FINDINGS.md	3612	route	POST /admin/kill-switches	grep the api.gen.go route table	HOLDS	
docs/audit/AUDIT_FINDINGS.md	3638	path	cmd/agent-worker	ls cmd/agent-worker	HOLDS	
docs/audit/AUDIT_FINDINGS.md	3653	path	internal/agent	ls internal/agent	HOLDS	
docs/audit/AUDIT_FINDINGS.md	3660	path	cmd/agent-worker	ls cmd/agent-worker	HOLDS	
docs/audit/AUDIT_FINDINGS.md	3668	path	test/security	ls test/security	HOLDS	
docs/audit/AUDIT_FINDINGS.md	3668	testname	TestDeferredBridge_TheAgentRuntimeIsStillInert	grep for func TestDeferredBridge_TheAgentRuntimeIsStillInert over *_test.go	HOLDS	
docs/audit/AUDIT_FINDINGS.md	3673	path	internal/killswitch	ls internal/killswitch	HOLDS	
docs/audit/AUDIT_FINDINGS.md	3686	path	internal/auth	ls internal/auth	HOLDS	
docs/audit/AUDIT_FINDINGS.md	3687	path	internal/identity	ls internal/identity	HOLDS	
docs/audit/AUDIT_FINDINGS.md	3714	path	apps/admin/src/decide.ts	ls apps/admin/src/decide.ts	HOLDS	
docs/audit/AUDIT_FINDINGS.md	3736	testname	TestStepUpSkewMatchesTheTokenVerifier	grep for func TestStepUpSkewMatchesTheTokenVerifier over *_test.go	HOLDS	
docs/audit/AUDIT_FINDINGS.md	3738	testname	TestRequireStepUp_AFutureAuthTimeBeyondSkewIsRefused	grep for func TestRequireStepUp_AFutureAuthTimeBeyondSkewIsRefused over *_test.go	HOLDS	
docs/audit/AUDIT_FINDINGS.md	3754	path	internal/signing	ls internal/signing	HOLDS	
docs/audit/AUDIT_FINDINGS.md	3795	testname	TestIntegration_ProviderFailureThenRecovery	grep for func TestIntegration_ProviderFailureThenRecovery over *_test.go	HOLDS	
docs/audit/AUDIT_FINDINGS.md	3797	path	internal/signing	ls internal/signing	HOLDS	
docs/audit/AUDIT_FINDINGS.md	3798	path	cmd/execution-worker	ls cmd/execution-worker	HOLDS	
docs/audit/AUDIT_FINDINGS.md	3808	testname	TestIntegration_RecoveryRefusesDifferentBytes	grep for func TestIntegration_RecoveryRefusesDifferentBytes over *_test.go	HOLDS	
docs/audit/AUDIT_FINDINGS.md	3817	testname	TestIntegration_ReplayOfASignedAttemptStillReturnsTheStoredBytes	grep for func TestIntegration_ReplayOfASignedAttemptStillReturnsTheStoredBytes over *_test.go	HOLDS	
docs/audit/AUDIT_FINDINGS.md	3830	path	cmd/api	ls cmd/api	HOLDS	
docs/audit/AUDIT_FINDINGS.md	3853	testname	TestUnboundedVelocityBoundsNothing	grep for func TestUnboundedVelocityBoundsNothing over *_test.go	HOLDS	
docs/audit/AUDIT_FINDINGS.md	3856	testname	TestARealPolicyActuallyBounds	grep for func TestARealPolicyActuallyBounds over *_test.go	HOLDS	
docs/audit/AUDIT_FINDINGS.md	3883	path	internal/withdrawal	ls internal/withdrawal	HOLDS	
docs/audit/AUDIT_FINDINGS.md	3886	path	internal/eligibility	ls internal/eligibility	HOLDS	
docs/audit/AUDIT_FINDINGS.md	3896	path	internal/auth/httpmw	ls internal/auth/httpmw	HOLDS	
docs/audit/AUDIT_FINDINGS.md	3944	testname	TestIntegration_ASwitchBornActiveNeedsItsTransitionRow	grep for func TestIntegration_ASwitchBornActiveNeedsItsTransitionRow over *_test.go	HOLDS	
docs/audit/AUDIT_FINDINGS.md	3949	testname	TestIntegration_ActivateStillWorksThroughTheController	grep for func TestIntegration_ActivateStillWorksThroughTheController over *_test.go	HOLDS	
docs/audit/AUDIT_FINDINGS.md	3959	path	internal/httpapi	ls internal/httpapi	HOLDS	
docs/audit/AUDIT_FINDINGS.md	3965	path	apps/admin/src/decide.ts	ls apps/admin/src/decide.ts	HOLDS	
docs/audit/AUDIT_FINDINGS.md	3988	path	apps/admin/src/decide.ts	ls apps/admin/src/decide.ts	HOLDS	
docs/audit/AUDIT_FINDINGS.md	3992	gosymbol	internal/adminplane/doc.go	go symbol selector, not a path	UNCHECKABLE	
docs/audit/AUDIT_FINDINGS.md	4002	testname	TestVectorsAreNotVacuous	grep for func TestVectorsAreNotVacuous over *_test.go	HOLDS	
docs/audit/AUDIT_FINDINGS.md	4008	testname	TestNoStandingRoleCanApprove	grep for func TestNoStandingRoleCanApprove over *_test.go	HOLDS	
docs/audit/AUDIT_FINDINGS.md	4022	testname	TestDecideApprove_TheTargetOfAnElevationCannotApproveIt	grep for func TestDecideApprove_TheTargetOfAnElevationCannotApproveIt over *_test.go	HOLDS	
docs/audit/AUDIT_FINDINGS.md	4034	testname	TestTheVectorsReachTheTargetBranch	grep for func TestTheVectorsReachTheTargetBranch over *_test.go	HOLDS	
docs/audit/AUDIT_FINDINGS.md	4049	path	internal/agent	ls internal/agent	HOLDS	
docs/audit/AUDIT_FINDINGS.md	4049	path	internal/gates	ls internal/gates	HOLDS	
docs/audit/AUDIT_FINDINGS.md	4084	path	cmd/agent-worker	ls cmd/agent-worker	HOLDS	
docs/audit/AUDIT_FINDINGS.md	4092	testname	TestIntegration_TheAgentGateReaderAgreesWithTheAuthority	grep for func TestIntegration_TheAgentGateReaderAgreesWithTheAuthority over *_test.go	HOLDS	
docs/audit/AUDIT_FINDINGS.md	4103	testname	TestIntegration_TheAgentGateReaderFailsClosedWithNoRow	grep for func TestIntegration_TheAgentGateReaderFailsClosedWithNoRow over *_test.go	HOLDS	
docs/audit/AUDIT_FINDINGS.md	4109	path	internal/agent	ls internal/agent	HOLDS	
docs/audit/AUDIT_FINDINGS.md	4109	path	internal/gates	ls internal/gates	HOLDS	
docs/audit/AUDIT_FINDINGS.md	4110	path	test/security	ls test/security	HOLDS	
docs/audit/AUDIT_FINDINGS.md	4143	testname	TestIntegration_ARevokedAgentStopsARunAlreadyOpen	grep for func TestIntegration_ARevokedAgentStopsARunAlreadyOpen over *_test.go	HOLDS	
docs/audit/AUDIT_FINDINGS.md	4149	testname	TestIntegration_ARunnableAgentStillRuns	grep for func TestIntegration_ARunnableAgentStillRuns over *_test.go	HOLDS	
docs/audit/AUDIT_FINDINGS.md	4159	testname	TestSkipReasonsMirrorTheDatabaseCheck	grep for func TestSkipReasonsMirrorTheDatabaseCheck over *_test.go	HOLDS	absent, and the paragraph says so
docs/audit/AUDIT_FINDINGS.md	4168	testname	TestSkipReasonsMirrorTheDatabaseCheck	grep for func TestSkipReasonsMirrorTheDatabaseCheck over *_test.go	HOLDS	absent, and the paragraph says so
docs/audit/AUDIT_FINDINGS.md	4170	testname	TestSkipReasonsMirrorTheDatabaseCheck	grep for func TestSkipReasonsMirrorTheDatabaseCheck over *_test.go	HOLDS	absent, and the paragraph says so
docs/audit/AUDIT_FINDINGS.md	4180	path	internal/prediction	ls internal/prediction	HOLDS	
docs/audit/AUDIT_FINDINGS.md	4180	testname	TestPauseReasonsMirrorTheDatabaseCheck	grep for func TestPauseReasonsMirrorTheDatabaseCheck over *_test.go	HOLDS	absent, and the paragraph says so
docs/audit/AUDIT_FINDINGS.md	4181	testname	TestModesMirrorTheDatabaseCheck	grep for func TestModesMirrorTheDatabaseCheck over *_test.go	HOLDS	absent, and the paragraph says so
docs/audit/AUDIT_FINDINGS.md	4183	testname	TestModeMappingMirrorsTheDatabaseCheck	grep for func TestModeMappingMirrorsTheDatabaseCheck over *_test.go	HOLDS	
docs/audit/AUDIT_FINDINGS.md	4201	path	test/integration/enums	ls test/integration/enums	HOLDS	
docs/audit/AUDIT_FINDINGS.md	4205	testname	TestTheThreeModeListsAgreeWithEachOther	grep for func TestTheThreeModeListsAgreeWithEachOther over *_test.go	HOLDS	
docs/audit/AUDIT_FINDINGS.md	4213	testname	TestIntegration_NoEnumCheckAppearsUnnoticed	grep for func TestIntegration_NoEnumCheckAppearsUnnoticed over *_test.go	HOLDS	
docs/audit/AUDIT_FINDINGS.md	4221	testname	TestSkipReasonsAreDeclaredAndClosed	grep for func TestSkipReasonsAreDeclaredAndClosed over *_test.go	HOLDS	
docs/audit/AUDIT_FINDINGS.md	4222	testname	TestModesAreDeclaredAndClosed	grep for func TestModesAreDeclaredAndClosed over *_test.go	HOLDS	
docs/audit/AUDIT_FINDINGS.md	4222	testname	TestPauseReasonsAreDeclaredAndClosed	grep for func TestPauseReasonsAreDeclaredAndClosed over *_test.go	HOLDS	
docs/audit/AUDIT_FINDINGS.md	4265	path	cmd/agent-worker	ls cmd/agent-worker	HOLDS	
docs/audit/AUDIT_FINDINGS.md	4275	testname	TestNewEmitterRefusesEveryMissingDependency	grep for func TestNewEmitterRefusesEveryMissingDependency over *_test.go	HOLDS	
docs/audit/AUDIT_FINDINGS.md	4284	path	internal/auth/httpmw	ls internal/auth/httpmw	HOLDS	
docs/audit/AUDIT_FINDINGS.md	4288	gosymbol	internal/httpapi/authz.go	go symbol selector, not a path	UNCHECKABLE	
docs/audit/AUDIT_FINDINGS.md	4303	testname	TestDocs_TheHTTPMiddlewareGuardsAreStillUnused	grep for func TestDocs_TheHTTPMiddlewareGuardsAreStillUnused over *_test.go	HOLDS	
docs/audit/AUDIT_FINDINGS.md	4307	path	cmd/api	ls cmd/api	HOLDS	
docs/audit/AUDIT_FINDINGS.md	4312	path	internal/security	ls internal/security	HOLDS	
docs/audit/AUDIT_FINDINGS.md	4317	gosymbol	internal/httpapi/server.go	go symbol selector, not a path	UNCHECKABLE	
docs/audit/AUDIT_FINDINGS.md	4411	testname	TestIntegration_APromotionCannotBeLicensedByARowThatDeniesIt	grep for func TestIntegration_APromotionCannotBeLicensedByARowThatDeniesIt over *_test.go	HOLDS	
docs/audit/AUDIT_FINDINGS.md	4413	testname	TestIntegration_ABareStageUpdateIsRefused	grep for func TestIntegration_ABareStageUpdateIsRefused over *_test.go	HOLDS	
docs/audit/AUDIT_FINDINGS.md	4417	testname	TestIntegration_AStageChangeWithAnHonestRowIsAccepted	grep for func TestIntegration_AStageChangeWithAnHonestRowIsAccepted over *_test.go	HOLDS	
docs/audit/AUDIT_FINDINGS.md	4440	path	test/security/replay_test.go	ls test/security/replay_test.go	HOLDS	
docs/audit/AUDIT_FINDINGS.md	4445	path	cmd/audit-worker	ls cmd/audit-worker	HOLDS	
docs/audit/AUDIT_FINDINGS.md	4463	path	cmd/api	ls cmd/api	HOLDS	
docs/audit/AUDIT_FINDINGS.md	4479	testname	TestIntegration_ExpiredLoginAttemptsArePurged	grep for func TestIntegration_ExpiredLoginAttemptsArePurged over *_test.go	HOLDS	
docs/audit/AUDIT_FINDINGS.md	4484	testname	TestIntegration_ThePurgeRefusesTooShortARetention	grep for func TestIntegration_ThePurgeRefusesTooShortARetention over *_test.go	HOLDS	
docs/audit/AUDIT_FINDINGS.md	4533	testname	TestIntegration_DelistingALiveAssetGoesThroughTheStatusTable	grep for func TestIntegration_DelistingALiveAssetGoesThroughTheStatusTable over *_test.go	HOLDS	
docs/audit/AUDIT_FINDINGS.md	4535	testname	TestIntegration_ADelistTargetingSomethingElseIsRefused	grep for func TestIntegration_ADelistTargetingSomethingElseIsRefused over *_test.go	HOLDS	
docs/audit/AUDIT_FINDINGS.md	4546	testname	TestIntegration_ResolvingAStuckPayoutTakesTwoPeople	grep for func TestIntegration_ResolvingAStuckPayoutTakesTwoPeople over *_test.go	HOLDS	
docs/audit/AUDIT_FINDINGS.md	4549	testname	TestIntegration_NoResolutionDeclaresAPayoutSettled	grep for func TestIntegration_NoResolutionDeclaresAPayoutSettled over *_test.go	HOLDS	
docs/audit/AUDIT_FINDINGS.md	4588	testname	TestIntegration_AnAttemptCannotCarryTwoSigningDecisions	grep for func TestIntegration_AnAttemptCannotCarryTwoSigningDecisions over *_test.go	HOLDS	
docs/audit/AUDIT_FINDINGS.md	4596	testname	TestIntegration_ADifferentAttemptStillGetsItsOwnDecision	grep for func TestIntegration_ADifferentAttemptStillGetsItsOwnDecision over *_test.go	HOLDS	
docs/audit/AUDIT_FINDINGS.md	4602	gosymbol	internal/config/service.go	go symbol selector, not a path	UNCHECKABLE	
docs/audit/AUDIT_FINDINGS.md	4606	path	internal/ratelimit	ls internal/ratelimit	HOLDS	
docs/audit/AUDIT_FINDINGS.md	4609	path	cmd/api	ls cmd/api	HOLDS	
docs/audit/AUDIT_FINDINGS.md	4637	path	cmd/api	ls cmd/api	HOLDS	
docs/audit/AUDIT_FINDINGS.md	4640	path	cmd/api	ls cmd/api	HOLDS	
docs/audit/AUDIT_FINDINGS.md	4654	testname	TestReplicas_ProcessLocalCountersMultiplyTheBudget	grep for func TestReplicas_ProcessLocalCountersMultiplyTheBudget over *_test.go	HOLDS	
docs/audit/AUDIT_FINDINGS.md	4656	testname	TestReplicas_OneSharedStoreEnforcesOneBudget	grep for func TestReplicas_OneSharedStoreEnforcesOneBudget over *_test.go	HOLDS	
docs/audit/AUDIT_FINDINGS.md	4659	testname	TestIntegration_RedisStore	grep for func TestIntegration_RedisStore over *_test.go	HOLDS	
docs/audit/AUDIT_FINDINGS.md	4662	testname	TestReplicas_ASharedStoreOutageDoesNotBecomeAProcessLocalLimit	grep for func TestReplicas_ASharedStoreOutageDoesNotBecomeAProcessLocalLimit over *_test.go	HOLDS	
docs/audit/AUDIT_FINDINGS.md	4667	path	cmd/api	ls cmd/api	HOLDS	
docs/audit/AUDIT_FINDINGS.md	4667	testname	TestRateLimitStore_	grep for func TestRateLimitStore_ over *_test.go	HOLDS	
docs/audit/AUDIT_FINDINGS.md	4675	testname	TestService_TheAPINeedsRedisOnlyWhenItsCountersAreShared	grep for func TestService_TheAPINeedsRedisOnlyWhenItsCountersAreShared over *_test.go	HOLDS	
docs/audit/AUDIT_FINDINGS.md	4683	path	docs/operations/PROVIDER_ACTIVATION_CHECKPOINT.md	ls docs/operations/PROVIDER_ACTIVATION_CHECKPOINT.md	HOLDS	
docs/audit/AUDIT_FINDINGS.md	4706	gosymbol	cmd/api.stringEnv	go symbol selector, not a path	UNCHECKABLE	
docs/audit/AUDIT_FINDINGS.md	4726	route	GET /v1/credits/balance	grep the api.gen.go route table	HOLDS	
docs/audit/AUDIT_FINDINGS.md	4727	route	GET /v1/payouts	grep the api.gen.go route table	HOLDS	
docs/audit/AUDIT_FINDINGS.md	4728	route	GET /v1/credits/balance	grep the api.gen.go route table	HOLDS	
docs/audit/AUDIT_FINDINGS.md	4754	gosymbol	internal/httpapi/server.go	go symbol selector, not a path	UNCHECKABLE	
docs/audit/AUDIT_FINDINGS.md	4763	path	internal/httpapi/bodylimit_test.go	ls internal/httpapi/bodylimit_test.go	HOLDS	
docs/audit/AUDIT_FINDINGS.md	4792	gosymbol	internal/auth/identity.go	go symbol selector, not a path	UNCHECKABLE	
docs/audit/AUDIT_FINDINGS.md	4798	path	test/security	ls test/security	HOLDS	
docs/audit/AUDIT_FINDINGS.md	4822	testname	TestAPlantedCallbackDoesNotSignAnybodyIn	grep for func TestAPlantedCallbackDoesNotSignAnybodyIn over *_test.go	HOLDS	
docs/audit/AUDIT_FINDINGS.md	4826	path	test/security	ls test/security	HOLDS	
docs/audit/AUDIT_FINDINGS.md	4827	testname	TestReplay_APlantedCallbackCannotSignAnybodyIn	grep for func TestReplay_APlantedCallbackCannotSignAnybodyIn over *_test.go	HOLDS	
docs/audit/AUDIT_FINDINGS.md	4859	testname	TestRateLimitKeyDistinguishesCallersBehindAProxy	grep for func TestRateLimitKeyDistinguishesCallersBehindAProxy over *_test.go	HOLDS	
docs/audit/AUDIT_FINDINGS.md	4873	path	internal/gates	ls internal/gates	HOLDS	
docs/audit/AUDIT_FINDINGS.md	4874	path	internal/admin	ls internal/admin	HOLDS	
docs/audit/AUDIT_FINDINGS.md	4889	path	internal/capacity	ls internal/capacity	HOLDS	
docs/audit/AUDIT_FINDINGS.md	4895	path	cmd/reconciliation-worker	ls cmd/reconciliation-worker	HOLDS	
docs/audit/AUDIT_FINDINGS.md	4908	gosymbol	cmd/api/creditsettle.go	go symbol selector, not a path	UNCHECKABLE	
docs/audit/AUDIT_FINDINGS.md	4918	testname	TestIntegration_SettlementDrainsTheMoneyAtRiskCeiling	grep for func TestIntegration_SettlementDrainsTheMoneyAtRiskCeiling over *_test.go	HOLDS	
docs/audit/AUDIT_FINDINGS.md	4928	path	internal/capacity	ls internal/capacity	HOLDS	
docs/audit/AUDIT_FINDINGS.md	4939	path	internal/identity	ls internal/identity	HOLDS	
docs/audit/AUDIT_FINDINGS.md	4942	testname	TestEveryCapacityActionIsAskedAboutSomewhereReachable	grep for func TestEveryCapacityActionIsAskedAboutSomewhereReachable over *_test.go	HOLDS	
docs/audit/AUDIT_FINDINGS.md	4947	path	test/reachability	ls test/reachability	HOLDS	
docs/audit/AUDIT_FINDINGS.md	4952	path	internal/capacity	ls internal/capacity	HOLDS	
docs/audit/AUDIT_FINDINGS.md	4955	testname	TestIntegration_EachCeilingRefusesAtTheMeasuredValue	grep for func TestIntegration_EachCeilingRefusesAtTheMeasuredValue over *_test.go	HOLDS	
docs/audit/AUDIT_FINDINGS.md	4985	gosymbol	internal/credit/purchase.go	go symbol selector, not a path	UNCHECKABLE	
docs/audit/AUDIT_FINDINGS.md	4986	gosymbol	internal/credit/purchase.go	go symbol selector, not a path	UNCHECKABLE	
docs/audit/AUDIT_FINDINGS.md	4986	path	cmd/reconciliation-worker/creditsweep.go	ls cmd/reconciliation-worker/creditsweep.go	HOLDS	
docs/audit/AUDIT_FINDINGS.md	4988	path	cmd/api/wire_credit.go	ls cmd/api/wire_credit.go	HOLDS	
docs/audit/AUDIT_FINDINGS.md	4988	testname	TestADisabledCreditPathIsAPage	grep for func TestADisabledCreditPathIsAPage over *_test.go	HOLDS	
docs/audit/AUDIT_FINDINGS.md	4989	gosymbol	cmd/api/wire.go	go symbol selector, not a path	UNCHECKABLE	
docs/audit/AUDIT_FINDINGS.md	4990	gosymbol	internal/auth/oidc/keyset.go	go symbol selector, not a path	UNCHECKABLE	
docs/audit/AUDIT_FINDINGS.md	4991	path	cmd/api	ls cmd/api	HOLDS	
docs/audit/AUDIT_FINDINGS.md	4991	path	cmd/migrate	ls cmd/migrate	HOLDS	
docs/audit/AUDIT_FINDINGS.md	4991	testname	TestTheWebServiceIsNotGivenTheSchemaOwner	grep for func TestTheWebServiceIsNotGivenTheSchemaOwner over *_test.go	HOLDS	
docs/audit/AUDIT_FINDINGS.md	4995	path	cmd/api	ls cmd/api	HOLDS	
docs/audit/AUDIT_FINDINGS.md	4995	path	cmd/audit-worker	ls cmd/audit-worker	HOLDS	
docs/audit/AUDIT_FINDINGS.md	4996	path	cmd/api	ls cmd/api	HOLDS	
docs/audit/AUDIT_FINDINGS.md	4996	path	test/infra	ls test/infra	HOLDS	
docs/audit/AUDIT_FINDINGS.md	4997	gosymbol	cmd/api/ratelimitstore.go	go symbol selector, not a path	UNCHECKABLE	
docs/audit/AUDIT_FINDINGS.md	4997	testname	TestIntegration_TheSecondInstanceIsRefused	grep for func TestIntegration_TheSecondInstanceIsRefused over *_test.go	HOLDS	
docs/audit/AUDIT_FINDINGS.md	4999	gosymbol	internal/provider/health.go	go symbol selector, not a path	UNCHECKABLE	
docs/audit/AUDIT_FINDINGS.md	4999	path	cmd/api	ls cmd/api	HOLDS	
docs/audit/AUDIT_FINDINGS.md	5006	path	test/deployed	ls test/deployed	HOLDS	
docs/audit/AUDIT_FINDINGS.md	5071	testname	TestIntegration_ATransitionRowCannotDenyTheChangeItLicenses	grep for func TestIntegration_ATransitionRowCannotDenyTheChangeItLicenses over *_test.go	HOLDS	
docs/audit/AUDIT_FINDINGS.md	5079	testname	TestIntegration_EveryAuditedEntityBindsTheEdge	grep for func TestIntegration_EveryAuditedEntityBindsTheEdge over *_test.go	HOLDS	
docs/audit/AUDIT_FINDINGS.md	5135	path	cmd/reconciliation-worker	ls cmd/reconciliation-worker	HOLDS	
docs/audit/AUDIT_FINDINGS.md	5141	path	internal/credit	ls internal/credit	HOLDS	
docs/audit/AUDIT_FINDINGS.md	5170	testname	TestIntegration_ConcurrentPurchasesCannotAllPassOneCeiling	grep for func TestIntegration_ConcurrentPurchasesCannotAllPassOneCeiling over *_test.go	HOLDS	
docs/audit/AUDIT_FINDINGS.md	5195	testname	TestValidate_AMoneyCeilingMustBeStated	grep for func TestValidate_AMoneyCeilingMustBeStated over *_test.go	HOLDS	
docs/audit/AUDIT_FINDINGS.md	5222	testname	TestKeySet_AWithdrawnKeyStopsVerifyingWithinMaxAge	grep for func TestKeySet_AWithdrawnKeyStopsVerifyingWithinMaxAge over *_test.go	HOLDS	
docs/audit/AUDIT_FINDINGS.md	5234	gosymbol	internal/httpapi/authz.go	go symbol selector, not a path	UNCHECKABLE	
docs/audit/AUDIT_FINDINGS.md	5238	path	scripts/gateceremony	ls scripts/gateceremony	HOLDS	
docs/audit/AUDIT_FINDINGS.md	5248	path	internal/gates	ls internal/gates	HOLDS	
docs/audit/AUDIT_FINDINGS.md	5294	gosymbol	internal/admin/kinds.go	go symbol selector, not a path	UNCHECKABLE	
docs/audit/AUDIT_FINDINGS.md	5296	path	internal/credit	ls internal/credit	HOLDS	
docs/audit/AUDIT_FINDINGS.md	5421	testname	TestIntegration_ATransitionRowCannotDenyTheChangeItLicenses	grep for func TestIntegration_ATransitionRowCannotDenyTheChangeItLicenses over *_test.go	HOLDS	
docs/audit/AUDIT_FINDINGS.md	5447	route	POST /v1/intents/{id}/cancel	grep the api.gen.go route table	HOLDS	
docs/audit/AUDIT_FINDINGS.md	5448	route	POST /v1/internal-products/{id}/status	grep the api.gen.go route table	HOLDS	
docs/audit/AUDIT_FINDINGS.md	5453	path	internal/commerce	ls internal/commerce	HOLDS	
docs/audit/AUDIT_FINDINGS.md	5460	route	POST /v1/intents/{id}/cancel	grep the api.gen.go route table	HOLDS	
docs/audit/AUDIT_FINDINGS.md	5467	testname	TestAccountScope_EveryWriteUsesOwnershipOnly	grep for func TestAccountScope_EveryWriteUsesOwnershipOnly over *_test.go	HOLDS	
docs/audit/AUDIT_FINDINGS.md	5475	testname	TestAccountScope_TheReadGradeListIsComplete	grep for func TestAccountScope_TheReadGradeListIsComplete over *_test.go	HOLDS	
docs/audit/AUDIT_FINDINGS.md	5481	route	GET /v1/orders/{id}	grep the api.gen.go route table	HOLDS	
docs/audit/AUDIT_FINDINGS.md	5492	path	internal/config	ls internal/config	HOLDS	
docs/audit/AUDIT_FINDINGS.md	5505	path	scripts/configcheck	ls scripts/configcheck	HOLDS	
docs/audit/AUDIT_FINDINGS.md	5520	path	internal/provider/stripe	ls internal/provider/stripe	HOLDS	
docs/audit/AUDIT_FINDINGS.md	5523	testname	TestValidate_TheEnvironmentAndTheProviderModeMakeTheSameClaim	grep for func TestValidate_TheEnvironmentAndTheProviderModeMakeTheSameClaim over *_test.go	HOLDS	
docs/audit/AUDIT_FINDINGS.md	5551	path	cmd/audit-worker	ls cmd/audit-worker	HOLDS	
docs/audit/AUDIT_FINDINGS.md	5560	path	cmd/api	ls cmd/api	HOLDS	
docs/audit/AUDIT_FINDINGS.md	5561	path	internal/config	ls internal/config	HOLDS	
docs/audit/AUDIT_FINDINGS.md	5563	path	test/infra	ls test/infra	HOLDS	
docs/audit/AUDIT_FINDINGS.md	5567	path	internal/config	ls internal/config	HOLDS	
docs/audit/AUDIT_FINDINGS.md	5586	path	scripts/configcheck	ls scripts/configcheck	HOLDS	
docs/audit/AUDIT_FINDINGS.md	5602	gosymbol	internal/config/secret.go	go symbol selector, not a path	UNCHECKABLE	
docs/audit/AUDIT_FINDINGS.md	5632	path	internal/id	ls internal/id	HOLDS	
docs/audit/AUDIT_FINDINGS.md	5643	route	GET /v1/me	grep the api.gen.go route table	HOLDS	
docs/audit/AUDIT_FINDINGS.md	5654	testname	TestBudgetWithNoCeilingIsRefused	grep for func TestBudgetWithNoCeilingIsRefused over *_test.go	HOLDS	
docs/audit/AUDIT_FINDINGS.md	5691	gosymbol	internal/webhook/handler.go	go symbol selector, not a path	UNCHECKABLE	
docs/audit/AUDIT_FINDINGS.md	5714	route	GET /v1/auth/login	grep the api.gen.go route table	HOLDS	
docs/audit/AUDIT_FINDINGS.md	5716	path	cmd/audit-worker	ls cmd/audit-worker	HOLDS	
docs/audit/AUDIT_FINDINGS.md	5760	path	cmd/api	ls cmd/api	HOLDS	
docs/audit/AUDIT_FINDINGS.md	5775	path	cmd/audit-worker	ls cmd/audit-worker	HOLDS	
docs/audit/AUDIT_FINDINGS.md	5850	testname	TestIntegration_EveryGlobalIdempotencyKeyIsScopedByItsOwner	grep for func TestIntegration_EveryGlobalIdempotencyKeyIsScopedByItsOwner over *_test.go	HOLDS	
docs/audit/AUDIT_FINDINGS.md	5873	route	POST /v1/internal-products	grep the api.gen.go route table	HOLDS	
docs/audit/AUDIT_FINDINGS.md	5917	route	POST /v1/payouts/{id}/cancel	grep the api.gen.go route table	HOLDS	
docs/audit/AUDIT_FINDINGS.md	5999	path	internal/reconciliation	ls internal/reconciliation	HOLDS	
docs/audit/AUDIT_FINDINGS.md	6051	path	internal/reconciliation	ls internal/reconciliation	HOLDS	
docs/audit/AUDIT_FINDINGS.md	6054	path	internal/valuation	ls internal/valuation	HOLDS	
docs/audit/AUDIT_FINDINGS.md	6094	testname	TestIntegration_MoneyColumnsAreOutOfTheApplicationsReach	grep for func TestIntegration_MoneyColumnsAreOutOfTheApplicationsReach over *_test.go	HOLDS	
docs/audit/AUDIT_FINDINGS.md	6132	testname	TestIntegration_AutomaticResolutionIsNarrow	grep for func TestIntegration_AutomaticResolutionIsNarrow over *_test.go	HOLDS	
docs/audit/AUDIT_FINDINGS.md	6175	testname	TestDocs_TraceabilitySummaryMatchesItsRows	grep for func TestDocs_TraceabilitySummaryMatchesItsRows over *_test.go	HOLDS	
docs/audit/AUDIT_FINDINGS.md	6202	path	cmd/api	ls cmd/api	HOLDS	
docs/audit/AUDIT_FINDINGS.md	6219	path	internal/signing	ls internal/signing	HOLDS	
docs/audit/AUDIT_FINDINGS.md	6220	path	internal/admin	ls internal/admin	HOLDS	
docs/audit/AUDIT_FINDINGS.md	6221	path	cmd/api	ls cmd/api	HOLDS	
docs/audit/AUDIT_FINDINGS.md	6250	path	internal/config	ls internal/config	HOLDS	
docs/audit/AUDIT_FINDINGS.md	6264	path	infra/terraform/environments/prod/terraform.tfvars.pathb.example	ls infra/terraform/environments/prod/terraform.tfvars.pathb.example	HOLDS	
docs/audit/AUDIT_FINDINGS.md	6423	testname	TestIntegration_AProviderTimeoutDoesNotDuplicateThePayout	grep for func TestIntegration_AProviderTimeoutDoesNotDuplicateThePayout over *_test.go	HOLDS	
docs/audit/AUDIT_FINDINGS.md	6463	route	POST /v1/auth/logout	grep the api.gen.go route table	HOLDS	
docs/audit/AUDIT_FINDINGS.md	6552	path	infra/terraform	ls infra/terraform	HOLDS	
docs/audit/AUDIT_FINDINGS.md	6581	gosymbol	cmd/api/reconverify.go	go symbol selector, not a path	UNCHECKABLE	
docs/audit/AUDIT_FINDINGS.md	6585	path	cmd/reconciliation-worker	ls cmd/reconciliation-worker	HOLDS	
docs/audit/AUDIT_FINDINGS.md	6595	path	internal/alert	ls internal/alert	HOLDS	
docs/audit/AUDIT_FINDINGS.md	6632	path	test/infra	ls test/infra	HOLDS	
docs/audit/AUDIT_FINDINGS.md	6650	path	internal/notification	ls internal/notification	HOLDS	
docs/audit/AUDIT_FINDINGS.md	6657	path	internal/alert	ls internal/alert	HOLDS	
docs/audit/AUDIT_FINDINGS.md	6660	path	cmd/api/alerts_test.go	ls cmd/api/alerts_test.go	HOLDS	
docs/audit/AUDIT_FINDINGS.md	6666	path	internal/config	ls internal/config	HOLDS	
docs/audit/AUDIT_FINDINGS.md	6667	path	internal/observability	ls internal/observability	HOLDS	
docs/audit/AUDIT_FINDINGS.md	6668	path	test/infra	ls test/infra	HOLDS	
docs/audit/AUDIT_FINDINGS.md	6670	testname	TestIntegration_DriftInTheDatabaseReachesTheWebhook	grep for func TestIntegration_DriftInTheDatabaseReachesTheWebhook over *_test.go	HOLDS	
docs/audit/AUDIT_FINDINGS.md	6708	testname	TestIntegration_PriceStore_LatestAndStaleness	grep for func TestIntegration_PriceStore_LatestAndStaleness over *_test.go	HOLDS	
docs/audit/AUDIT_FINDINGS.md	6800	testname	TestVerifyApprovedReadsTheSpecNotTheRow	grep for func TestVerifyApprovedReadsTheSpecNotTheRow over *_test.go	HOLDS	
docs/audit/AUDIT_FINDINGS.md	6827	path	internal/agent	ls internal/agent	HOLDS	
docs/audit/AUDIT_FINDINGS.md	6831	path	internal/admin	ls internal/admin	HOLDS	
docs/audit/AUDIT_FINDINGS.md	6836	path	internal/admin	ls internal/admin	HOLDS	
docs/audit/AUDIT_FINDINGS.md	6836	path	internal/agent	ls internal/agent	HOLDS	
docs/audit/AUDIT_FINDINGS.md	6910	path	internal/capital	ls internal/capital	HOLDS	
docs/audit/AUDIT_FINDINGS.md	6911	path	internal/intent	ls internal/intent	HOLDS	
docs/audit/AUDIT_FINDINGS.md	6912	path	internal/nativemarket	ls internal/nativemarket	HOLDS	
docs/audit/AUDIT_FINDINGS.md	6912	path	internal/prediction	ls internal/prediction	HOLDS	
docs/audit/AUDIT_FINDINGS.md	6913	path	internal/capacity	ls internal/capacity	HOLDS	
docs/audit/AUDIT_FINDINGS.md	6914	path	internal/httpapi	ls internal/httpapi	HOLDS	
docs/audit/AUDIT_FINDINGS.md	6992	path	cmd/api	ls cmd/api	HOLDS	
docs/audit/AUDIT_FINDINGS.md	7003	route	POST /v1/webhooks/stripe	grep the api.gen.go route table	HOLDS	
docs/audit/AUDIT_FINDINGS.md	7004	route	POST /v1/webhooks/definitely-not-a-provider	grep the api.gen.go route table	HOLDS	
docs/audit/AUDIT_FINDINGS.md	7013	gosymbol	cmd/api/wire.go	go symbol selector, not a path	UNCHECKABLE	
docs/audit/AUDIT_FINDINGS.md	7026	testname	TestWebhookPathIsTheOneTheContractPublishes	grep for func TestWebhookPathIsTheOneTheContractPublishes over *_test.go	HOLDS	
docs/audit/AUDIT_FINDINGS.md	7096	path	docs/operations/BACKUP_RESTORE.md	ls docs/operations/BACKUP_RESTORE.md	HOLDS	
docs/audit/AUDIT_FINDINGS.md	7104	gosymbol	internal/archive.FuzzParseKey	go symbol selector, not a path	UNCHECKABLE	
docs/audit/AUDIT_FINDINGS.md	7104	testname	FuzzParseKey	grep for func FuzzParseKey over *_test.go	HOLDS	
docs/audit/AUDIT_FINDINGS.md	7142	testname	TestParseKey_OneObjectHasOneKey	grep for func TestParseKey_OneObjectHasOneKey over *_test.go	HOLDS	
docs/audit/AUDIT_FINDINGS.md	7236	testname	TestIntegration_TheApplicationCannotMintATransitionFlag	grep for func TestIntegration_TheApplicationCannotMintATransitionFlag over *_test.go	HOLDS	
docs/audit/AUDIT_FINDINGS.md	7348	testname	TestDocs_EveryFindingSaysTheSameThingTwice	grep for func TestDocs_EveryFindingSaysTheSameThingTwice over *_test.go	HOLDS	
docs/audit/AUDIT_FINDINGS.md	7350	testname	TestDocs_EveryFindingCarriesItsEvidence	grep for func TestDocs_EveryFindingCarriesItsEvidence over *_test.go	HOLDS	
docs/audit/AUDIT_FINDINGS.md	7365	path	internal/nativemarket/stage15_integration_test.go	ls internal/nativemarket/stage15_integration_test.go	HOLDS	
docs/audit/AUDIT_FINDINGS.md	7375	path	scripts/inttest	ls scripts/inttest	HOLDS	
docs/audit/AUDIT_FINDINGS.md	7400	route	POST /v1/webhooks/stripe	grep the api.gen.go route table	HOLDS	
docs/audit/AUDIT_FINDINGS.md	7403	testname	TestNoRouteIsUnintentionallyUnauthenticated	grep for func TestNoRouteIsUnintentionallyUnauthenticated over *_test.go	HOLDS	
docs/audit/AUDIT_FINDINGS.md	7451	testname	TestIntegration_GoAndSQLAgreeOnEveryCapabilitysRisk	grep for func TestIntegration_GoAndSQLAgreeOnEveryCapabilitysRisk over *_test.go	HOLDS	
docs/audit/AUDIT_FINDINGS.md	7452	testname	TestIntegration_GoAndSQLAgreeOnTheChartOfAccounts	grep for func TestIntegration_GoAndSQLAgreeOnTheChartOfAccounts over *_test.go	HOLDS	
docs/audit/AUDIT_FINDINGS.md	7453	testname	TestIntegration_GoAndSQLAgreeOnEveryOrderedDomainPair	grep for func TestIntegration_GoAndSQLAgreeOnEveryOrderedDomainPair over *_test.go	HOLDS	
docs/audit/AUDIT_FINDINGS.md	7454	testname	TestIntegration_AccountDomainDerivationAgreesWithGo	grep for func TestIntegration_AccountDomainDerivationAgreesWithGo over *_test.go	HOLDS	
docs/audit/AUDIT_FINDINGS.md	7460	path	internal/compliance	ls internal/compliance	HOLDS	
docs/audit/AUDIT_FINDINGS.md	7463	path	internal/instruments	ls internal/instruments	HOLDS	
docs/audit/AUDIT_FINDINGS.md	7474	path	cmd/api	ls cmd/api	HOLDS	
docs/audit/AUDIT_FINDINGS.md	7474	path	cmd/audit-worker	ls cmd/audit-worker	HOLDS	
docs/audit/AUDIT_FINDINGS.md	7495	testname	TestIntegration_ExpiredSessionsArePurgedAsOps	grep for func TestIntegration_ExpiredSessionsArePurgedAsOps over *_test.go	HOLDS	
docs/audit/AUDIT_FINDINGS.md	7506	route	GET /v1/auth/callback	grep the api.gen.go route table	HOLDS	
docs/audit/AUDIT_FINDINGS.md	7507	path	test/e2e	ls test/e2e	HOLDS	
docs/audit/AUDIT_FINDINGS.md	7523	route	GET /v1/credits/pricing	grep the api.gen.go route table	HOLDS	
docs/audit/AUDIT_FINDINGS.md	7527	path	test/e2e/client_test.go	ls test/e2e/client_test.go	HOLDS	
docs/audit/AUDIT_FINDINGS.md	7537	testname	TestChaos_APurchaseDiesMidTransaction	grep for func TestChaos_APurchaseDiesMidTransaction over *_test.go	HOLDS	
docs/audit/AUDIT_FINDINGS.md	7549	path	apps/web/e2e/audit-frontend.spec.ts	ls apps/web/e2e/audit-frontend.spec.ts	HOLDS	
docs/audit/AUDIT_FINDINGS.md	7554	gosymbol	internal/eligibility/withdrawal.go	go symbol selector, not a path	UNCHECKABLE	
docs/audit/AUDIT_FINDINGS.md	7568	path	apps/web/src/pages/withdraw/Withdraw.tsx	ls apps/web/src/pages/withdraw/Withdraw.tsx	HOLDS	
docs/audit/AUDIT_FINDINGS.md	7574	path	apps/web/src/lib/audit-frontend.test.ts	ls apps/web/src/lib/audit-frontend.test.ts	HOLDS	
docs/audit/AUDIT_FINDINGS.md	7598	path	apps/web/src/components/StreamStatus.tsx	ls apps/web/src/components/StreamStatus.tsx	HOLDS	
docs/audit/AUDIT_FINDINGS.md	7599	path	apps/web/src/lib/stream-scopes.test.ts	ls apps/web/src/lib/stream-scopes.test.ts	HOLDS	
docs/audit/AUDIT_FINDINGS.md	7600	gosymbol	internal/notifications/follower.go	go symbol selector, not a path	UNCHECKABLE	
docs/audit/AUDIT_FINDINGS.md	7616	path	apps/web/src/lib/idempotency.ts	ls apps/web/src/lib/idempotency.ts	HOLDS	
docs/audit/AUDIT_FINDINGS.md	7624	path	apps/web/src/pages/markets/Ticket.tsx	ls apps/web/src/pages/markets/Ticket.tsx	HOLDS	
docs/audit/AUDIT_FINDINGS.md	7625	path	apps/web/src/lib/errors.ts	ls apps/web/src/lib/errors.ts	HOLDS	
docs/audit/AUDIT_FINDINGS.md	7625	path	apps/web/src/lib/idempotency.ts	ls apps/web/src/lib/idempotency.ts	HOLDS	
docs/audit/AUDIT_FINDINGS.md	7645	path	apps/web/src/lib/survives-sign-in.ts	ls apps/web/src/lib/survives-sign-in.ts	HOLDS	
docs/audit/AUDIT_FINDINGS.md	7646	path	apps/web/src/components/AppShell.tsx	ls apps/web/src/components/AppShell.tsx	HOLDS	
docs/audit/AUDIT_FINDINGS.md	7664	path	apps/web/src/pages/credits/BuyCredits.tsx	ls apps/web/src/pages/credits/BuyCredits.tsx	HOLDS	
docs/audit/AUDIT_FINDINGS.md	7665	path	apps/web/src/lib/idempotency.ts	ls apps/web/src/lib/idempotency.ts	HOLDS	
docs/audit/AUDIT_FINDINGS.md	7672	route	GET /v1/version	grep the api.gen.go route table	HOLDS	
docs/audit/AUDIT_FINDINGS.md	7682	path	apps/web/src/components/SandboxLine.tsx	ls apps/web/src/components/SandboxLine.tsx	HOLDS	
docs/audit/AUDIT_FINDINGS.md	7683	path	apps/web/e2e/honesty.spec.ts	ls apps/web/e2e/honesty.spec.ts	HOLDS	
docs/audit/AUDIT_FINDINGS.md	7683	path	apps/web/src/pages/public/SiteChrome.tsx	ls apps/web/src/pages/public/SiteChrome.tsx	HOLDS	
docs/audit/AUDIT_FINDINGS.md	7701	path	apps/web/src/pages/home/Home.tsx	ls apps/web/src/pages/home/Home.tsx	HOLDS	
docs/audit/AUDIT_FINDINGS.md	7702	path	apps/web/src/pages/activity/Activity.tsx	ls apps/web/src/pages/activity/Activity.tsx	HOLDS	
docs/audit/AUDIT_FINDINGS.md	7703	path	apps/web/src/pages/agents/AgentsList.tsx	ls apps/web/src/pages/agents/AgentsList.tsx	HOLDS	
docs/audit/AUDIT_FINDINGS.md	7704	path	apps/web/src/lib/honesty.ts	ls apps/web/src/lib/honesty.ts	HOLDS	
docs/audit/AUDIT_FINDINGS.md	7704	path	apps/web/src/pages/markets/Markets.tsx	ls apps/web/src/pages/markets/Markets.tsx	HOLDS	
docs/audit/AUDIT_FINDINGS.md	7725	path	apps/web/src/lib/idempotency.ts	ls apps/web/src/lib/idempotency.ts	HOLDS	
docs/audit/AUDIT_FINDINGS.md	7745	path	apps/web/e2e/accessibility.spec.ts	ls apps/web/e2e/accessibility.spec.ts	HOLDS	
docs/audit/AUDIT_FINDINGS.md	7765	route	GET /v1/credits/balance	grep the api.gen.go route table	HOLDS	
docs/audit/AUDIT_FINDINGS.md	7770	path	apps/web/e2e/scenarios/g-refund.spec.ts	ls apps/web/e2e/scenarios/g-refund.spec.ts	HOLDS	
docs/audit/AUDIT_FINDINGS.md	7789	path	apps/web/src/components/AppShell.tsx	ls apps/web/src/components/AppShell.tsx	HOLDS	
docs/audit/AUDIT_FINDINGS.md	7795	path	apps/web/src/lib/audit-frontend.test.ts	ls apps/web/src/lib/audit-frontend.test.ts	HOLDS	
docs/audit/AUDIT_FINDINGS.md	7807	path	apps/web/src/api/problem.ts	ls apps/web/src/api/problem.ts	HOLDS	
docs/audit/AUDIT_FINDINGS.md	7828	path	apps/web/e2e/routes.ts	ls apps/web/e2e/routes.ts	HOLDS	
docs/audit/AUDIT_FINDINGS.md	7828	path	apps/web/e2e/scenarios/d-agent.spec.ts	ls apps/web/e2e/scenarios/d-agent.spec.ts	HOLDS	
docs/audit/AUDIT_FINDINGS.md	7833	path	apps/web/src/lib/audit-frontend.test.ts	ls apps/web/src/lib/audit-frontend.test.ts	HOLDS	
docs/audit/AUDIT_FINDINGS.md	7847	path	docs/product/UI_UX_SYSTEM.md	ls docs/product/UI_UX_SYSTEM.md	HOLDS	
docs/audit/AUDIT_FINDINGS.md	7853	path	apps/web/src/lib/audit-frontend.test.ts	ls apps/web/src/lib/audit-frontend.test.ts	HOLDS	
docs/audit/AUDIT_FINDINGS.md	7868	path	apps/web/src/lib/format.ts	ls apps/web/src/lib/format.ts	HOLDS	
docs/audit/AUDIT_FINDINGS.md	7869	path	apps/web/src/components/Figure.tsx	ls apps/web/src/components/Figure.tsx	HOLDS	
docs/audit/AUDIT_FINDINGS.md	7881	gosymbol	internal/admin/kinds.go	go symbol selector, not a path	UNCHECKABLE	
docs/audit/AUDIT_FINDINGS.md	7892	path	apps/web/e2e/scenarios/c-trade.spec.ts	ls apps/web/e2e/scenarios/c-trade.spec.ts	HOLDS	
docs/audit/AUDIT_FINDINGS.md	7912	path	apps/web/src/pages/agents/AgentNew.tsx	ls apps/web/src/pages/agents/AgentNew.tsx	HOLDS	
docs/audit/AUDIT_FINDINGS.md	7913	path	apps/web/src/pages/agents/AgentDetail.tsx	ls apps/web/src/pages/agents/AgentDetail.tsx	HOLDS	
docs/audit/AUDIT_FINDINGS.md	7935	path	apps/web/src/components/ErrorBoundary.tsx	ls apps/web/src/components/ErrorBoundary.tsx	HOLDS	
docs/audit/AUDIT_FINDINGS.md	7936	path	apps/web/src/App.tsx	ls apps/web/src/App.tsx	HOLDS	
docs/audit/AUDIT_FINDINGS.md	7936	path	apps/web/src/lib/survives-sign-in.ts	ls apps/web/src/lib/survives-sign-in.ts	HOLDS	
docs/audit/AUDIT_FINDINGS.md	7945	gosymbol	internal/nativemarket/curve.go	go symbol selector, not a path	UNCHECKABLE	
docs/audit/AUDIT_FINDINGS.md	7954	path	openapi/openapi.yaml	ls openapi/openapi.yaml	HOLDS	
docs/audit/AUDIT_FINDINGS.md	7955	path	internal/gen/api/api.gen.go	ls internal/gen/api/api.gen.go	HOLDS	
docs/audit/AUDIT_FINDINGS.md	7955	path	packages/generated-client/src/schema.d.ts	ls packages/generated-client/src/schema.d.ts	HOLDS	
docs/audit/AUDIT_FINDINGS.md	7971	path	apps/web/e2e/honesty.spec.ts	ls apps/web/e2e/honesty.spec.ts	HOLDS	
docs/audit/AUDIT_FINDINGS.md	7996	path	apps/web/src/pages/withdraw/Destinations.tsx	ls apps/web/src/pages/withdraw/Destinations.tsx	HOLDS	
docs/audit/AUDIT_FINDINGS.md	7997	path	apps/web/src/lib/idempotency.ts	ls apps/web/src/lib/idempotency.ts	HOLDS	
docs/audit/AUDIT_FINDINGS.md	8009	path	cmd/api	ls cmd/api	HOLDS	
docs/audit/AUDIT_FINDINGS.md	8027	testname	TestAuditAgnot_PublishSurvivesASubscriberDisconnectingMidSend	grep for func TestAuditAgnot_PublishSurvivesASubscriberDisconnectingMidSend over *_test.go	HOLDS	
docs/audit/AUDIT_FINDINGS.md	8029	testname	TestAuditAgnot_PublishRacesAnOrdinaryDisconnect	grep for func TestAuditAgnot_PublishRacesAnOrdinaryDisconnect over *_test.go	HOLDS	
docs/audit/AUDIT_FINDINGS.md	8031	testname	TestHub_SlowSubscriberDropped	grep for func TestHub_SlowSubscriberDropped over *_test.go	HOLDS	
docs/audit/AUDIT_FINDINGS.md	8072	testname	TestAuditAgnot_LastEventIDSkipsNotificationsWrittenBehindThePublishInstant	grep for func TestAuditAgnot_LastEventIDSkipsNotificationsWrittenBehindThePublishInstant over *_test.go	HOLDS	
docs/audit/AUDIT_FINDINGS.md	8074	testname	TestIntegration_NotificationResumeReadsTheTableNotTheBuffer	grep for func TestIntegration_NotificationResumeReadsTheTableNotTheBuffer over *_test.go	HOLDS	
docs/audit/AUDIT_FINDINGS.md	8075	testname	TestIntegration_SinceIsOldestFirstAndReportsTruncation	grep for func TestIntegration_SinceIsOldestFirstAndReportsTruncation over *_test.go	HOLDS	
docs/audit/AUDIT_FINDINGS.md	8120	testname	TestAuditAgnot_AnAgentCannotBindToAnotherAccountsStrategyVersion	grep for func TestAuditAgnot_AnAgentCannotBindToAnotherAccountsStrategyVersion over *_test.go	HOLDS	
docs/audit/AUDIT_FINDINGS.md	8121	testname	TestAuditAgnot_TheStrategyVersionMustBelongToTheStrategy	grep for func TestAuditAgnot_TheStrategyVersionMustBelongToTheStrategy over *_test.go	HOLDS	
docs/audit/AUDIT_FINDINGS.md	8123	testname	TestAuditAgnot_AnAgentIsRefusedFromANeverAcceptedVersion	grep for func TestAuditAgnot_AnAgentIsRefusedFromANeverAcceptedVersion over *_test.go	HOLDS	
docs/audit/AUDIT_FINDINGS.md	8125	testname	TestIntegration_OnlyTheOwnerActsOnTheirAgent	grep for func TestIntegration_OnlyTheOwnerActsOnTheirAgent over *_test.go	HOLDS	
docs/audit/AUDIT_FINDINGS.md	8126	testname	TestIntegration_AStrangerCannotReadOrCompileSomebodyElsesStrategy	grep for func TestIntegration_AStrangerCannotReadOrCompileSomebodyElsesStrategy over *_test.go	HOLDS	
docs/audit/AUDIT_FINDINGS.md	8137	path	cmd/api	ls cmd/api	HOLDS	
docs/audit/AUDIT_FINDINGS.md	8162	testname	TestAuditAgnot_ALoginsIPAddressDoesNotLandInATableNothingCanPurge	grep for func TestAuditAgnot_ALoginsIPAddressDoesNotLandInATableNothingCanPurge over *_test.go	HOLDS	
docs/audit/AUDIT_FINDINGS.md	8166	testname	TestIntegration_ANewSessionTellsThePersonWhoSignedIn	grep for func TestIntegration_ANewSessionTellsThePersonWhoSignedIn over *_test.go	HOLDS	
docs/audit/AUDIT_FINDINGS.md	8167	testname	TestIntegration_ApplicationRolePrivileges	grep for func TestIntegration_ApplicationRolePrivileges over *_test.go	HOLDS	
docs/audit/AUDIT_FINDINGS.md	8168	testname	TestDeviceSummary_NamesTheBrowserAndThePlatformAndNothingElse	grep for func TestDeviceSummary_NamesTheBrowserAndThePlatformAndNothingElse over *_test.go	HOLDS	
docs/audit/AUDIT_FINDINGS.md	8169	testname	TestNewSessionBody_AlwaysSaysWhereTheExactAddressIs	grep for func TestNewSessionBody_AlwaysSaysWhereTheExactAddressIs over *_test.go	HOLDS	
docs/audit/AUDIT_FINDINGS.md	8198	testname	TestAuditAgnot_ACompilerBackendCannotWriteAVersionUnderSomebodyElsesStrategy	grep for func TestAuditAgnot_ACompilerBackendCannotWriteAVersionUnderSomebodyElsesStrategy over *_test.go	HOLDS	
docs/audit/AUDIT_FINDINGS.md	8222	testname	TestAuditAgnot_TheLapRepublishesTheSameSignalsEveryPass	grep for func TestAuditAgnot_TheLapRepublishesTheSameSignalsEveryPass over *_test.go	HOLDS	
docs/audit/AUDIT_FINDINGS.md	8224	testname	TestIntegration_TheFollowerNotifiesOnceForACapturedPurchase	grep for func TestIntegration_TheFollowerNotifiesOnceForACapturedPurchase over *_test.go	HOLDS	
docs/audit/AUDIT_FINDINGS.md	8241	gosymbol	cmd/api/wire.go	go symbol selector, not a path	UNCHECKABLE	
docs/audit/AUDIT_FINDINGS.md	8254	testname	TestIntegration_ACrashBetweenReadingAndEmittingDuplicatesNothing	grep for func TestIntegration_ACrashBetweenReadingAndEmittingDuplicatesNothing over *_test.go	HOLDS	
docs/audit/AUDIT_FINDINGS.md	8255	testname	TestIntegration_EverySourceQueryRunsAgainstTheRealSchema	grep for func TestIntegration_EverySourceQueryRunsAgainstTheRealSchema over *_test.go	HOLDS	
docs/audit/AUDIT_FINDINGS.md	8256	testname	TestIntegration_Migrations	grep for func TestIntegration_Migrations over *_test.go	HOLDS	
docs/audit/AUDIT_FINDINGS.md	8282	testname	TestIntegration_ABreakerTripTellsTheMarketsTraders	grep for func TestIntegration_ABreakerTripTellsTheMarketsTraders over *_test.go	HOLDS	
docs/audit/AUDIT_FINDINGS.md	8283	testname	TestIntegration_EverySourceQueryRunsAgainstTheRealSchema	grep for func TestIntegration_EverySourceQueryRunsAgainstTheRealSchema over *_test.go	HOLDS	
docs/audit/AUDIT_FINDINGS.md	8293	testname	TestAuditAgnot_	grep for func TestAuditAgnot_ over *_test.go	HOLDS	
docs/audit/AUDIT_FINDINGS.md	8295	testname	TestAuditAgnot_PublishPanicsWhenASubscriberDisconnectsMidSend	grep for func TestAuditAgnot_PublishPanicsWhenASubscriberDisconnectsMidSend over *_test.go	HOLDS	absent, and the paragraph says so
docs/audit/AUDIT_FINDINGS.md	8296	testname	TestAuditAgnot_AnAgentBindsToAnotherAccountsStrategyVersion	grep for func TestAuditAgnot_AnAgentBindsToAnotherAccountsStrategyVersion over *_test.go	HOLDS	absent, and the paragraph says so
docs/audit/AUDIT_FINDINGS.md	8297	testname	TestAuditAgnot_TheStrategyVersionNeedNotBelongToTheStrategy	grep for func TestAuditAgnot_TheStrategyVersionNeedNotBelongToTheStrategy over *_test.go	HOLDS	absent, and the paragraph says so
docs/audit/AUDIT_FINDINGS.md	8298	testname	TestAuditAgnot_AnAgentIsCreatedFromANeverAcceptedVersion	grep for func TestAuditAgnot_AnAgentIsCreatedFromANeverAcceptedVersion over *_test.go	HOLDS	absent, and the paragraph says so
docs/audit/AUDIT_FINDINGS.md	8299	testname	TestAuditAgnot_ACompilerBackendWritesAVersionUnderSomebodyElsesStrategy	grep for func TestAuditAgnot_ACompilerBackendWritesAVersionUnderSomebodyElsesStrategy over *_test.go	HOLDS	absent, and the paragraph says so
docs/audit/AUDIT_FINDINGS.md	8300	testname	TestAuditAgnot_ALoginsIPAddressLandsInATableNothingCanPurge	grep for func TestAuditAgnot_ALoginsIPAddressLandsInATableNothingCanPurge over *_test.go	HOLDS	absent, and the paragraph says so
docs/audit/AUDIT_FINDINGS.md	8307	testname	TestAudit_AMarketWhoseSpotTruncatesToZeroIsNotOpenable	grep for func TestAudit_AMarketWhoseSpotTruncatesToZeroIsNotOpenable over *_test.go	HOLDS	
docs/audit/AUDIT_FINDINGS.md	8311	route	POST /v1/native-assets	grep the api.gen.go route table	HOLDS	
docs/audit/AUDIT_FINDINGS.md	8324	route	GET /v1/me/portfolio	grep the api.gen.go route table	HOLDS	
docs/audit/AUDIT_FINDINGS.md	8356	testname	TestAudit_	grep for func TestAudit_ over *_test.go	HOLDS	
docs/audit/AUDIT_FINDINGS.md	8358	testname	TestCheckOpeningLiquidity_RefusesAPriceTooSmallToMeasure	grep for func TestCheckOpeningLiquidity_RefusesAPriceTooSmallToMeasure over *_test.go	HOLDS	
docs/audit/AUDIT_FINDINGS.md	8359	testname	TestTheSafetyReadersFailClosedOnAPriceTheyCannotMeasure	grep for func TestTheSafetyReadersFailClosedOnAPriceTheyCannotMeasure over *_test.go	HOLDS	
docs/audit/AUDIT_FINDINGS.md	8360	testname	TestPriceImpactBPS_IsTheMarketsMoveNotTheCallersCost	grep for func TestPriceImpactBPS_IsTheMarketsMoveNotTheCallersCost over *_test.go	HOLDS	
docs/audit/AUDIT_FINDINGS.md	8361	path	internal/nativemarket	ls internal/nativemarket	HOLDS	
docs/audit/AUDIT_FINDINGS.md	8362	testname	TestIntegration_TheSafetyPolicyRefusesWhatItSaysItRefuses	grep for func TestIntegration_TheSafetyPolicyRefusesWhatItSaysItRefuses over *_test.go	HOLDS	
docs/audit/AUDIT_FINDINGS.md	8363	testname	TestIntegration_TheCircuitBreakerPausesToCloseOnly	grep for func TestIntegration_TheCircuitBreakerPausesToCloseOnly over *_test.go	HOLDS	
docs/audit/AUDIT_FINDINGS.md	8364	path	internal/nativemarket/{curve,safety,discovery}.go	ls internal/nativemarket/{curve,safety,discovery}.go	HOLDS	
docs/audit/AUDIT_FINDINGS.md	8364	path	migrations/00805_*.sql	ls migrations/00805_*.sql	HOLDS	
docs/audit/AUDIT_FINDINGS.md	8369	testname	TestAudit_APositionCannotBeForgedThroughAnUnpinnedSearchPath	grep for func TestAudit_APositionCannotBeForgedThroughAnUnpinnedSearchPath over *_test.go	HOLDS	
docs/audit/AUDIT_FINDINGS.md	8370	testname	TestAudit_TheNM001PrintCheckReadsOnlyTablesTheCallerCannotControl	grep for func TestAudit_TheNM001PrintCheckReadsOnlyTablesTheCallerCannotControl over *_test.go	HOLDS	
docs/audit/AUDIT_FINDINGS.md	8395	path	test/integration/migrations	ls test/integration/migrations	HOLDS	
docs/audit/AUDIT_FINDINGS.md	8403	testname	TestIntegration_EverySecurityDefinerPinsPgTemp	grep for func TestIntegration_EverySecurityDefinerPinsPgTemp over *_test.go	HOLDS	
docs/audit/AUDIT_FINDINGS.md	8404	path	migrations/00804_*.sql	ls migrations/00804_*.sql	HOLDS	
docs/audit/AUDIT_FINDINGS.md	8404	path	test/integration/migrations/privileges_test.go	ls test/integration/migrations/privileges_test.go	HOLDS	
docs/audit/AUDIT_FINDINGS.md	8409	testname	TestAudit_AFillReportsTheStateVersionItProduced	grep for func TestAudit_AFillReportsTheStateVersionItProduced over *_test.go	HOLDS	
docs/audit/AUDIT_FINDINGS.md	8413	path	apps/web/src/pages/markets/Ticket.tsx	ls apps/web/src/pages/markets/Ticket.tsx	HOLDS	
docs/audit/AUDIT_FINDINGS.md	8426	testname	TestAudit_AFillReportsTheStateVersionItProduced	grep for func TestAudit_AFillReportsTheStateVersionItProduced over *_test.go	HOLDS	
docs/audit/AUDIT_FINDINGS.md	8427	testname	TestIntegration_ExecutionIsIdempotent	grep for func TestIntegration_ExecutionIsIdempotent over *_test.go	HOLDS	
docs/audit/AUDIT_FINDINGS.md	8428	path	internal/nativemarket/{service,repository,curve}.go	ls internal/nativemarket/{service,repository,curve}.go	HOLDS	
docs/audit/AUDIT_FINDINGS.md	8433	testname	TestAudit_ThePublicMarketListCarriesNoIdentity	grep for func TestAudit_ThePublicMarketListCarriesNoIdentity over *_test.go	HOLDS	
docs/audit/AUDIT_FINDINGS.md	8435	route	GET /v1/native-markets	grep the api.gen.go route table	HOLDS	
docs/audit/AUDIT_FINDINGS.md	8449	route	GET /v1/native-markets/{id}/summary	grep the api.gen.go route table	HOLDS	
docs/audit/AUDIT_FINDINGS.md	8455	testname	TestAudit_ThePublicMarketListCarriesNoIdentity	grep for func TestAudit_ThePublicMarketListCarriesNoIdentity over *_test.go	HOLDS	
docs/audit/AUDIT_FINDINGS.md	8456	testname	TestIntegration_MarketDiscoveryFiltersSortsAndSearches	grep for func TestIntegration_MarketDiscoveryFiltersSortsAndSearches over *_test.go	HOLDS	
docs/audit/AUDIT_FINDINGS.md	8458	testname	TestGetNativeMarkets_PassesEveryFilterThroughAndSaysWhetherPagingIsStable	grep for func TestGetNativeMarkets_PassesEveryFilterThroughAndSaysWhetherPagingIsStable over *_test.go	HOLDS	
docs/audit/AUDIT_FINDINGS.md	8461	gosymbol	internal/nativemarket/discovery.go	go symbol selector, not a path	UNCHECKABLE	
docs/audit/AUDIT_FINDINGS.md	8461	path	internal/httpapi/{handlers_native_markets,authz}.go	ls internal/httpapi/{handlers_native_markets,authz}.go	HOLDS	
docs/audit/AUDIT_FINDINGS.md	8462	path	docs/build/DECISION_REGISTER.md	ls docs/build/DECISION_REGISTER.md	HOLDS	
docs/audit/AUDIT_FINDINGS.md	8462	path	openapi/openapi.yaml	ls openapi/openapi.yaml	HOLDS	
docs/audit/AUDIT_FINDINGS.md	8467	testname	TestAudit_NoSignedInAccountLearnsAnotherAccountsHolding	grep for func TestAudit_NoSignedInAccountLearnsAnotherAccountsHolding over *_test.go	HOLDS	
docs/audit/AUDIT_FINDINGS.md	8469	route	GET /v1/native-markets/{id}	grep the api.gen.go route table	HOLDS	
docs/audit/AUDIT_FINDINGS.md	8469	route	GET /v1/native-markets/{id}/summary	grep the api.gen.go route table	HOLDS	
docs/audit/AUDIT_FINDINGS.md	8489	testname	TestAudit_NoSignedInAccountLearnsAnotherAccountsHolding	grep for func TestAudit_NoSignedInAccountLearnsAnotherAccountsHolding over *_test.go	HOLDS	
docs/audit/AUDIT_FINDINGS.md	8490	testname	TestGetNativeMarketsMarketIdSummary_NamesNoHolder	grep for func TestGetNativeMarketsMarketIdSummary_NamesNoHolder over *_test.go	HOLDS	
docs/audit/AUDIT_FINDINGS.md	8493	gosymbol	internal/nativemarket/repository.go	go symbol selector, not a path	UNCHECKABLE	
docs/audit/AUDIT_FINDINGS.md	8493	path	internal/httpapi/handlers_native_markets.go	ls internal/httpapi/handlers_native_markets.go	HOLDS	
docs/audit/AUDIT_FINDINGS.md	8494	path	openapi/openapi.yaml	ls openapi/openapi.yaml	HOLDS	
docs/audit/AUDIT_FINDINGS.md	8495	path	apps/web/src/pages/markets/MarketDetail.tsx	ls apps/web/src/pages/markets/MarketDetail.tsx	HOLDS	
docs/audit/AUDIT_FINDINGS.md	8500	testname	TestAudit_RejectedContentLeavesThePublicMarketList	grep for func TestAudit_RejectedContentLeavesThePublicMarketList over *_test.go	HOLDS	
docs/audit/AUDIT_FINDINGS.md	8503	route	GET /v1/native-markets	grep the api.gen.go route table	HOLDS	
docs/audit/AUDIT_FINDINGS.md	8522	testname	TestAudit_RejectedContentLeavesThePublicMarketList	grep for func TestAudit_RejectedContentLeavesThePublicMarketList over *_test.go	HOLDS	
docs/audit/AUDIT_FINDINGS.md	8523	testname	TestIntegration_TheDefaultPageIsWhatIsStillTradable	grep for func TestIntegration_TheDefaultPageIsWhatIsStillTradable over *_test.go	HOLDS	
docs/audit/AUDIT_FINDINGS.md	8524	testname	TestIntegration_AFlaggedAssetStaysOnTheList	grep for func TestIntegration_AFlaggedAssetStaysOnTheList over *_test.go	HOLDS	
docs/audit/AUDIT_FINDINGS.md	8525	testname	TestSQLInjection_EveryStatementIsBuiltFromConstants	grep for func TestSQLInjection_EveryStatementIsBuiltFromConstants over *_test.go	HOLDS	
docs/audit/AUDIT_FINDINGS.md	8527	gosymbol	internal/nativemarket/discovery.go	go symbol selector, not a path	UNCHECKABLE	
docs/audit/AUDIT_FINDINGS.md	8532	testname	TestAudit_AMalformedDiscoveryCursorIsRefusedNotAFiveHundred	grep for func TestAudit_AMalformedDiscoveryCursorIsRefusedNotAFiveHundred over *_test.go	HOLDS	
docs/audit/AUDIT_FINDINGS.md	8550	testname	TestAudit_AMalformedDiscoveryCursorIsRefusedNotAFiveHundred	grep for func TestAudit_AMalformedDiscoveryCursorIsRefusedNotAFiveHundred over *_test.go	HOLDS	
docs/audit/AUDIT_FINDINGS.md	8551	testname	TestListCursor_IsOpaqueAndRefusesTampering	grep for func TestListCursor_IsOpaqueAndRefusesTampering over *_test.go	HOLDS	
docs/audit/AUDIT_FINDINGS.md	8554	path	internal/nativemarket/{discovery,service}.go	ls internal/nativemarket/{discovery,service}.go	HOLDS	
docs/audit/AUDIT_FINDINGS.md	8570	gosymbol	cmd/api/marketsurfaces.go	go symbol selector, not a path	UNCHECKABLE	
docs/audit/AUDIT_FINDINGS.md	8572	gosymbol	internal/httpapi/middleware.go	go symbol selector, not a path	UNCHECKABLE	
docs/audit/AUDIT_FINDINGS.md	8574	route	GET /v1/native-markets	grep the api.gen.go route table	HOLDS	
docs/audit/AUDIT_FINDINGS.md	8574	route	GET /v1/terms	grep the api.gen.go route table	HOLDS	
docs/audit/AUDIT_FINDINGS.md	8577	testname	TestIntegration_DemoCreditsCanBeSpentAndCanNeverLeave	grep for func TestIntegration_DemoCreditsCanBeSpentAndCanNeverLeave over *_test.go	HOLDS	
docs/audit/AUDIT_FINDINGS.md	8592	path	internal/demo	ls internal/demo	HOLDS	
docs/audit/AUDIT_FINDINGS.md	8593	path	docs/adr/0027-a-position-is-the-sum-of-its-fills.md	ls docs/adr/0027-a-position-is-the-sum-of-its-fills.md	HOLDS	
docs/audit/AUDIT_FINDINGS.md	8594	gosymbol	internal/httpapi/middleware.go	go symbol selector, not a path	UNCHECKABLE	
docs/audit/AUDIT_FINDINGS.md	8594	path	internal/demo/seed_integration_test.go	ls internal/demo/seed_integration_test.go	HOLDS	
docs/audit/AUDIT_FINDINGS.md	8595	path	docs/build/DECISION_REGISTER.md	ls docs/build/DECISION_REGISTER.md	HOLDS	
docs/audit/AUDIT_FINDINGS.md	8599	path	internal/httpapi/audit_platform_test.go	ls internal/httpapi/audit_platform_test.go	HOLDS	
docs/audit/AUDIT_FINDINGS.md	8623	testname	TestAudit_ForgedXForwardedForChoosesTheRateLimitKeyAndTheAuditAddress	grep for func TestAudit_ForgedXForwardedForChoosesTheRateLimitKeyAndTheAuditAddress over *_test.go	HOLDS	
docs/audit/AUDIT_FINDINGS.md	8624	testname	TestAudit_TheAuthBudgetIsBypassedByRewritingOneHeader	grep for func TestAudit_TheAuthBudgetIsBypassedByRewritingOneHeader over *_test.go	HOLDS	
docs/audit/AUDIT_FINDINGS.md	8625	testname	TestRateLimitKeyDistinguishesCallersBehindAProxy	grep for func TestRateLimitKeyDistinguishesCallersBehindAProxy over *_test.go	HOLDS	
docs/audit/AUDIT_FINDINGS.md	8627	testname	TestClientIPIsAPlainAddress	grep for func TestClientIPIsAPlainAddress over *_test.go	HOLDS	
docs/audit/AUDIT_FINDINGS.md	8628	gosymbol	internal/httpapi/middleware.go	go symbol selector, not a path	UNCHECKABLE	
docs/audit/AUDIT_FINDINGS.md	8629	path	docs/threat-model/THREAT_MODEL.md	ls docs/threat-model/THREAT_MODEL.md	HOLDS	
docs/audit/AUDIT_FINDINGS.md	8635	path	internal/notifications/stall_audit_test.go	ls internal/notifications/stall_audit_test.go	HOLDS	
docs/audit/AUDIT_FINDINGS.md	8663	testname	TestAudit_FollowerStallsForeverAfterABatchSizedBurst	grep for func TestAudit_FollowerStallsForeverAfterABatchSizedBurst over *_test.go	HOLDS	
docs/audit/AUDIT_FINDINGS.md	8666	testname	TestIntegration_TheFollowerFindsARowThatCommittedBehindItsCursor	grep for func TestIntegration_TheFollowerFindsARowThatCommittedBehindItsCursor over *_test.go	HOLDS	
docs/audit/AUDIT_FINDINGS.md	8669	gosymbol	internal/notifications/follower.go	go symbol selector, not a path	UNCHECKABLE	
docs/audit/AUDIT_FINDINGS.md	8675	path	test/integration/migrations/audit_sanctions_test.go	ls test/integration/migrations/audit_sanctions_test.go	HOLDS	
docs/audit/AUDIT_FINDINGS.md	8682	gosymbol	internal/eligibility/evaluate.go	go symbol selector, not a path	UNCHECKABLE	
docs/audit/AUDIT_FINDINGS.md	8701	testname	TestAudit_SanctionsStateIsWritableWithNoTransitionRow	grep for func TestAudit_SanctionsStateIsWritableWithNoTransitionRow over *_test.go	HOLDS	
docs/audit/AUDIT_FINDINGS.md	8702	testname	TestIntegration_Compliance_ASanctionsScreenIsRecordedAsADecision	grep for func TestIntegration_Compliance_ASanctionsScreenIsRecordedAsADecision over *_test.go	HOLDS	
docs/audit/AUDIT_FINDINGS.md	8703	testname	TestIntegration_Compliance_AProfileBornScreenedRecordsIt	grep for func TestIntegration_Compliance_AProfileBornScreenedRecordsIt over *_test.go	HOLDS	
docs/audit/AUDIT_FINDINGS.md	8704	testname	TestIntegration_TheVerificationStateIsNotTheApplicationsToWrite	grep for func TestIntegration_TheVerificationStateIsNotTheApplicationsToWrite over *_test.go	HOLDS	
docs/audit/AUDIT_FINDINGS.md	8705	path	test/integration/enums	ls test/integration/enums	HOLDS	
docs/audit/AUDIT_FINDINGS.md	8706	path	test/security	ls test/security	HOLDS	
docs/audit/AUDIT_FINDINGS.md	8707	path	migrations/00796_a_sanctions_screen_is_a_decision_not_an_attribute.sql	ls migrations/00796_a_sanctions_screen_is_a_decision_not_an_attribute.sql	HOLDS	
docs/audit/AUDIT_FINDINGS.md	8708	gosymbol	internal/compliance/profile.go	go symbol selector, not a path	UNCHECKABLE	
docs/audit/AUDIT_FINDINGS.md	8713	path	internal/httpapi/audit_platform_test.go	ls internal/httpapi/audit_platform_test.go	HOLDS	
docs/audit/AUDIT_FINDINGS.md	8724	path	cmd/api	ls cmd/api	HOLDS	
docs/audit/AUDIT_FINDINGS.md	8736	testname	TestAudit_TheMemoryRateLimitStoreIsNeverSwept	grep for func TestAudit_TheMemoryRateLimitStoreIsNeverSwept over *_test.go	HOLDS	
docs/audit/AUDIT_FINDINGS.md	8737	testname	TestMemoryStore_StopsGrowingAtItsCap	grep for func TestMemoryStore_StopsGrowingAtItsCap over *_test.go	HOLDS	
docs/audit/AUDIT_FINDINGS.md	8738	testname	TestMemoryStore_SweepUsesEachEntrysOwnWindow	grep for func TestMemoryStore_SweepUsesEachEntrysOwnWindow over *_test.go	HOLDS	
docs/audit/AUDIT_FINDINGS.md	8739	testname	TestRateLimitSweepInterval_IsTheLargestConfiguredWindow	grep for func TestRateLimitSweepInterval_IsTheLargestConfiguredWindow over *_test.go	HOLDS	
docs/audit/AUDIT_FINDINGS.md	8740	testname	TestRateLimitSweeper_RemovesExpiredCountersAndStops	grep for func TestRateLimitSweeper_RemovesExpiredCountersAndStops over *_test.go	HOLDS	
docs/audit/AUDIT_FINDINGS.md	8741	testname	TestRateLimitStore_TheMemoryStoreIsSweptForAsLongAsItExists	grep for func TestRateLimitStore_TheMemoryStoreIsSweptForAsLongAsItExists over *_test.go	HOLDS	
docs/audit/AUDIT_FINDINGS.md	8742	gosymbol	cmd/api/ratelimitstore.go	go symbol selector, not a path	UNCHECKABLE	
docs/audit/AUDIT_FINDINGS.md	8742	gosymbol	internal/ratelimit/ratelimit.go	go symbol selector, not a path	UNCHECKABLE	
docs/audit/AUDIT_FINDINGS.md	8765	path	cmd/api	ls cmd/api	HOLDS	
docs/audit/AUDIT_FINDINGS.md	8774	testname	TestIntegration_TheExpirySweepsRunInThisProcess	grep for func TestIntegration_TheExpirySweepsRunInThisProcess over *_test.go	HOLDS	
docs/audit/AUDIT_FINDINGS.md	8776	testname	TestIntegration_TheSessionSweepClosesWhatCannotBeDecided	grep for func TestIntegration_TheSessionSweepClosesWhatCannotBeDecided over *_test.go	HOLDS	
docs/audit/AUDIT_FINDINGS.md	8777	testname	TestIntegration_TheSessionSweepLeavesADecidedSessionAlone	grep for func TestIntegration_TheSessionSweepLeavesADecidedSessionAlone over *_test.go	HOLDS	
docs/audit/AUDIT_FINDINGS.md	8778	gosymbol	cmd/api/expiresweeps.go	go symbol selector, not a path	UNCHECKABLE	
docs/audit/AUDIT_FINDINGS.md	8778	gosymbol	internal/verification/expiry.go	go symbol selector, not a path	UNCHECKABLE	
docs/audit/AUDIT_FINDINGS.md	8779	path	docs/product/VERIFICATION_AND_WITHDRAWAL.md	ls docs/product/VERIFICATION_AND_WITHDRAWAL.md	HOLDS	
docs/audit/AUDIT_FINDINGS.md	8784	gosymbol	internal/errs/codes.go	go symbol selector, not a path	UNCHECKABLE	
docs/audit/AUDIT_FINDINGS.md	8785	path	internal/httpapi/audit_platform_test.go	ls internal/httpapi/audit_platform_test.go	HOLDS	
docs/audit/AUDIT_FINDINGS.md	8791	testname	TestHTTPStatus_EveryCodeExplicitlyMapped	grep for func TestHTTPStatus_EveryCodeExplicitlyMapped over *_test.go	HOLDS	
docs/audit/AUDIT_FINDINGS.md	8793	path	apps/web/src/api/problem.ts	ls apps/web/src/api/problem.ts	HOLDS	
docs/audit/AUDIT_FINDINGS.md	8800	testname	TestAudit_BodyTooLargeIsMissingFromTheRegisteredCodeSet	grep for func TestAudit_BodyTooLargeIsMissingFromTheRegisteredCodeSet over *_test.go	HOLDS	
docs/audit/AUDIT_FINDINGS.md	8801	testname	TestAllCodes_UniqueAndWellFormed	grep for func TestAllCodes_UniqueAndWellFormed over *_test.go	HOLDS	
docs/audit/AUDIT_FINDINGS.md	8801	testname	TestHTTPStatus_EveryCodeExplicitlyMapped	grep for func TestHTTPStatus_EveryCodeExplicitlyMapped over *_test.go	HOLDS	
docs/audit/AUDIT_FINDINGS.md	8802	gosymbol	internal/errs/codes.go	go symbol selector, not a path	UNCHECKABLE	
docs/audit/AUDIT_FINDINGS.md	8803	path	apps/web/src/api/problem.ts	ls apps/web/src/api/problem.ts	HOLDS	
docs/audit/AUDIT_FINDINGS.md	8803	path	openapi/openapi.yaml	ls openapi/openapi.yaml	HOLDS	
docs/audit/AUDIT_FINDINGS.md	8809	path	internal/httpapi/audit_platform_test.go	ls internal/httpapi/audit_platform_test.go	HOLDS	
docs/audit/AUDIT_FINDINGS.md	8833	testname	TestAudit_StrategyTimestampsAreNotUTC	grep for func TestAudit_StrategyTimestampsAreNotUTC over *_test.go	HOLDS	
docs/audit/AUDIT_FINDINGS.md	8834	testname	TestStrategyConverters_PublishUTC	grep for func TestStrategyConverters_PublishUTC over *_test.go	HOLDS	
docs/audit/AUDIT_FINDINGS.md	8835	testname	TestTimestampScanner_SeesAnOffsetAndAcceptsZ	grep for func TestTimestampScanner_SeesAnOffsetAndAcceptsZ over *_test.go	HOLDS	
docs/audit/AUDIT_FINDINGS.md	8836	path	internal/httpapi	ls internal/httpapi	HOLDS	
docs/audit/AUDIT_FINDINGS.md	8837	path	internal/httpapi/handlers_strategies.go	ls internal/httpapi/handlers_strategies.go	HOLDS	
docs/audit/AUDIT_FINDINGS.md	8838	path	internal/httpapi/timestamps_test.go	ls internal/httpapi/timestamps_test.go	HOLDS	
docs/audit/AUDIT_FINDINGS.md	8851	path	openapi/openapi.yaml	ls openapi/openapi.yaml	HOLDS	
docs/audit/AUDIT_FINDINGS.md	8855	testname	TestBodyLimit_IsDerivedFromTheLargestFieldTheContractDeclares	grep for func TestBodyLimit_IsDerivedFromTheLargestFieldTheContractDeclares over *_test.go	HOLDS	
docs/audit/AUDIT_FINDINGS.md	8856	gosymbol	internal/httpapi/middleware.go	go symbol selector, not a path	UNCHECKABLE	
docs/audit/AUDIT_FINDINGS.md	8859	gosymbol	internal/credit/pricing.go	go symbol selector, not a path	UNCHECKABLE	
docs/audit/AUDIT_FINDINGS.md	8861	gosymbol	cmd/api/sandboxtier.go	go symbol selector, not a path	UNCHECKABLE	
docs/audit/AUDIT_FINDINGS.md	8861	path	internal/demo	ls internal/demo	HOLDS	
docs/audit/AUDIT_FINDINGS.md	8861	path	internal/money	ls internal/money	HOLDS	
docs/audit/AUDIT_FINDINGS.md	8861	path	scripts/seedeconomy	ls scripts/seedeconomy	HOLDS	
docs/audit/AUDIT_FINDINGS.md	8863	path	internal/payout	ls internal/payout	HOLDS	
docs/audit/AUDIT_FINDINGS.md	8865	path	cmd/api	ls cmd/api	HOLDS	
docs/audit/AUDIT_FINDINGS.md	8865	route	GET /v1/credits/balance	grep the api.gen.go route table	HOLDS	
docs/audit/AUDIT_FINDINGS.md	8865	route	GET /v1/credits/pricing	grep the api.gen.go route table	HOLDS	
docs/audit/AUDIT_FINDINGS.md	8867	gosymbol	internal/credit/pricing.go	go symbol selector, not a path	UNCHECKABLE	
docs/audit/AUDIT_FINDINGS.md	8867	gosymbol	internal/credit/purchase.go	go symbol selector, not a path	UNCHECKABLE	
docs/audit/AUDIT_FINDINGS.md	8867	path	apps/web/src/lib/credits.ts	ls apps/web/src/lib/credits.ts	HOLDS	
docs/audit/AUDIT_FINDINGS.md	8867	testname	TestAudit_PricingPolicyIssuesBaseUnitsAsIfACreditHadNoDecimals	grep for func TestAudit_PricingPolicyIssuesBaseUnitsAsIfACreditHadNoDecimals over *_test.go	HOLDS	
docs/audit/AUDIT_FINDINGS.md	8867	testname	TestAudit_PricingValidateSeesTheScaleItPricesAt	grep for func TestAudit_PricingValidateSeesTheScaleItPricesAt over *_test.go	HOLDS	
docs/audit/AUDIT_FINDINGS.md	8867	testname	TestAudit_TheSeededCatalogueIsBuyableAtTheShippedRate	grep for func TestAudit_TheSeededCatalogueIsBuyableAtTheShippedRate over *_test.go	HOLDS	
docs/audit/AUDIT_FINDINGS.md	8867	testname	TestIntegration_APurchaseMintsWhatTheFundingPagePromised	grep for func TestIntegration_APurchaseMintsWhatTheFundingPagePromised over *_test.go	HOLDS	
docs/audit/AUDIT_FINDINGS.md	8867	testname	TestIntegration_APurchaseServiceRefusesAPolicyAtTheWrongScale	grep for func TestIntegration_APurchaseServiceRefusesAPolicyAtTheWrongScale over *_test.go	HOLDS	
docs/audit/AUDIT_FINDINGS.md	8867	testname	TestPricingPolicy_TheScaleIsTheAssetsAndNotAConstant	grep for func TestPricingPolicy_TheScaleIsTheAssetsAndNotAConstant over *_test.go	HOLDS	
docs/audit/AUDIT_FINDINGS.md	8879	gosymbol	internal/credit/funding.go	go symbol selector, not a path	UNCHECKABLE	
docs/audit/AUDIT_FINDINGS.md	8879	testname	TestAudit_ChargebackDestroysTheLotItReverses	grep for func TestAudit_ChargebackDestroysTheLotItReverses over *_test.go	HOLDS	
docs/audit/AUDIT_FINDINGS.md	8879	testname	TestAudit_ChargebackOfSpentCreditsBooksADeficitAndTakesNoOtherLot	grep for func TestAudit_ChargebackOfSpentCreditsBooksADeficitAndTakesNoOtherLot over *_test.go	HOLDS	
docs/audit/AUDIT_FINDINGS.md	8889	path	cmd/api	ls cmd/api	HOLDS	
docs/audit/AUDIT_FINDINGS.md	8889	path	cmd/reconciliation-worker	ls cmd/reconciliation-worker	HOLDS	
docs/audit/AUDIT_FINDINGS.md	8891	gosymbol	cmd/api/creditsettle.go	go symbol selector, not a path	UNCHECKABLE	
docs/audit/AUDIT_FINDINGS.md	8891	gosymbol	internal/credit/purchase.go	go symbol selector, not a path	UNCHECKABLE	
docs/audit/AUDIT_FINDINGS.md	8891	gosymbol	internal/provider/stripecredit/client.go	go symbol selector, not a path	UNCHECKABLE	
docs/audit/AUDIT_FINDINGS.md	8891	testname	TestAudit_AFailedProviderCreateIsCancelledAndReleasesTheCeiling	grep for func TestAudit_AFailedProviderCreateIsCancelledAndReleasesTheCeiling over *_test.go	HOLDS	
docs/audit/AUDIT_FINDINGS.md	8891	testname	TestAudit_AnAbandonedCheckoutIsCancelledWithTheProviderAndLeavesTheCeiling	grep for func TestAudit_AnAbandonedCheckoutIsCancelledWithTheProviderAndLeavesTheCeiling over *_test.go	HOLDS	
docs/audit/AUDIT_FINDINGS.md	8891	testname	TestAudit_ExpiryNeverCancelsAPaymentTheProviderSaysSucceeded	grep for func TestAudit_ExpiryNeverCancelsAPaymentTheProviderSaysSucceeded over *_test.go	HOLDS	
docs/audit/AUDIT_FINDINGS.md	8895	path	cmd/reconciliation-worker	ls cmd/reconciliation-worker	HOLDS	
docs/audit/AUDIT_FINDINGS.md	8897	path	cmd/api	ls cmd/api	HOLDS	
docs/audit/AUDIT_FINDINGS.md	8901	path	cmd/api	ls cmd/api	HOLDS	
docs/audit/AUDIT_FINDINGS.md	8901	path	cmd/reconciliation-worker	ls cmd/reconciliation-worker	HOLDS	
docs/audit/AUDIT_FINDINGS.md	8903	gosymbol	cmd/api/creditsettle.go	go symbol selector, not a path	UNCHECKABLE	
docs/audit/AUDIT_FINDINGS.md	8903	gosymbol	internal/credit.Reconcile	go symbol selector, not a path	UNCHECKABLE	
docs/audit/AUDIT_FINDINGS.md	8903	gosymbol	internal/credit/purchase.go	go symbol selector, not a path	UNCHECKABLE	
docs/audit/AUDIT_FINDINGS.md	8903	path	test/reachability	ls test/reachability	HOLDS	
docs/audit/AUDIT_FINDINGS.md	8903	testname	TestAudit_ASwallowedSucceededEventIsRecoveredByTheInProcessPass	grep for func TestAudit_ASwallowedSucceededEventIsRecoveredByTheInProcessPass over *_test.go	HOLDS	
docs/audit/AUDIT_FINDINGS.md	8903	testname	TestAudit_TheInFlightListingDoesNotSkipFundingsWithNoProviderReference	grep for func TestAudit_TheInFlightListingDoesNotSkipFundingsWithNoProviderReference over *_test.go	HOLDS	
docs/audit/AUDIT_FINDINGS.md	8909	path	internal/capacity	ls internal/capacity	HOLDS	
docs/audit/AUDIT_FINDINGS.md	8915	gosymbol	internal/credit/funding.go	go symbol selector, not a path	UNCHECKABLE	
docs/audit/AUDIT_FINDINGS.md	8915	gosymbol	internal/credit/purchaseprovider.go	go symbol selector, not a path	UNCHECKABLE	
docs/audit/AUDIT_FINDINGS.md	8915	testname	TestAudit_AWonDisputeReturnsTheFundingToItsWindowRatherThanSettlingIt	grep for func TestAudit_AWonDisputeReturnsTheFundingToItsWindowRatherThanSettlingIt over *_test.go	HOLDS	
docs/audit/AUDIT_FINDINGS.md	8915	testname	TestAudit_AnInquiryThatClosesUnfreezesTheFundingAndDoesNotSettleIt	grep for func TestAudit_AnInquiryThatClosesUnfreezesTheFundingAndDoesNotSettleIt over *_test.go	HOLDS	
docs/audit/AUDIT_FINDINGS.md	8921	route	GET /v1/credits/balance	grep the api.gen.go route table	HOLDS	
docs/audit/AUDIT_FINDINGS.md	8921	route	GET /v1/me/portfolio	grep the api.gen.go route table	HOLDS	
docs/audit/AUDIT_FINDINGS.md	8925	path	apps/web/src/components/SegmentedBar.tsx	ls apps/web/src/components/SegmentedBar.tsx	HOLDS	
docs/audit/AUDIT_FINDINGS.md	8925	path	apps/web/src/lib/credits.test.ts	ls apps/web/src/lib/credits.test.ts	HOLDS	
docs/audit/AUDIT_FINDINGS.md	8925	path	apps/web/src/pages/home/Home.tsx	ls apps/web/src/pages/home/Home.tsx	HOLDS	
docs/audit/AUDIT_FINDINGS.md	8925	path	apps/web/src/pages/portfolio/Portfolio.tsx	ls apps/web/src/pages/portfolio/Portfolio.tsx	HOLDS	
docs/audit/AUDIT_FINDINGS.md	8925	path	openapi/openapi.yaml	ls openapi/openapi.yaml	HOLDS	
docs/audit/AUDIT_FINDINGS.md	8933	testname	TestSandboxPolicy	grep for func TestSandboxPolicy over *_test.go	HOLDS	
docs/audit/AUDIT_FINDINGS.md	8935	path	internal/eligibility	ls internal/eligibility	HOLDS	
docs/audit/AUDIT_FINDINGS.md	8935	testname	TestSandboxPolicy	grep for func TestSandboxPolicy over *_test.go	HOLDS	
docs/audit/AUDIT_FINDINGS.md	8937	gosymbol	internal/valuedomain/sandboxpolicy.go	go symbol selector, not a path	UNCHECKABLE	
docs/audit/AUDIT_FINDINGS.md	8937	testname	TestAudit_SandboxPolicyPermitsOnlyTheOriginsTheDocumentLists	grep for func TestAudit_SandboxPolicyPermitsOnlyTheOriginsTheDocumentLists over *_test.go	HOLDS	
docs/audit/AUDIT_FINDINGS.md	8937	testname	TestExplainWithdrawal_TheSandboxPolicyPerOrigin	grep for func TestExplainWithdrawal_TheSandboxPolicyPerOrigin over *_test.go	HOLDS	
docs/audit/AUDIT_FINDINGS.md	8937	testname	TestSandboxPolicy	grep for func TestSandboxPolicy over *_test.go	HOLDS	
docs/audit/AUDIT_FINDINGS.md	8943	path	cmd/api	ls cmd/api	HOLDS	
docs/audit/AUDIT_FINDINGS.md	8947	path	internal/httpapi/handlers_credits.go	ls internal/httpapi/handlers_credits.go	HOLDS	
docs/audit/AUDIT_FINDINGS.md	8947	path	migrations/00793_a_funding_records_the_mode_that_opened_its_payment.sql	ls migrations/00793_a_funding_records_the_mode_that_opened_its_payment.sql	HOLDS	
docs/audit/AUDIT_FINDINGS.md	8947	path	test/integration/enums	ls test/integration/enums	HOLDS	
docs/audit/AUDIT_FINDINGS.md	8947	path	test/integration/migrations	ls test/integration/migrations	HOLDS	
docs/audit/AUDIT_FINDINGS.md	8947	testname	TestCreateFundingRequest_Validate	grep for func TestCreateFundingRequest_Validate over *_test.go	HOLDS	
docs/audit/AUDIT_FINDINGS.md	8947	testname	TestCreditPurchaseCarriesItsTemperature	grep for func TestCreditPurchaseCarriesItsTemperature over *_test.go	HOLDS	
docs/audit/AUDIT_FINDINGS.md	8955	path	internal/credit	ls internal/credit	HOLDS	
docs/audit/AUDIT_FINDINGS.md	8957	route	GET /v1/credits/pricing	grep the api.gen.go route table	HOLDS	
docs/audit/AUDIT_FINDINGS.md	8957	route	POST /v1/payments	grep the api.gen.go route table	HOLDS	
docs/audit/AUDIT_FINDINGS.md	8959	gosymbol	internal/capacity/capacity.go	go symbol selector, not a path	UNCHECKABLE	
docs/audit/AUDIT_FINDINGS.md	8959	path	internal/httpapi/handlers_credits.go	ls internal/httpapi/handlers_credits.go	HOLDS	
docs/audit/AUDIT_FINDINGS.md	8959	testname	TestAudit_AGuardAlreadyPastItsCeilingRefusesEveryAmount	grep for func TestAudit_AGuardAlreadyPastItsCeilingRefusesEveryAmount over *_test.go	HOLDS	
docs/audit/AUDIT_FINDINGS.md	8959	testname	TestAudit_AdmitAmountRefusesAnAmountThatWouldOverflowTheSum	grep for func TestAudit_AdmitAmountRefusesAnAmountThatWouldOverflowTheSum over *_test.go	HOLDS	
docs/audit/AUDIT_FINDINGS.md	8963	testname	TestAudit_ClosureCoolingOffIsMeasuredAgainstACallerSuppliedTimestamp	grep for func TestAudit_ClosureCoolingOffIsMeasuredAgainstACallerSuppliedTimestamp over *_test.go	HOLDS	
docs/audit/AUDIT_FINDINGS.md	8990	path	migrations/00798_a_cooling_off_period_is_measured_by_the_clock.sql	ls migrations/00798_a_cooling_off_period_is_measured_by_the_clock.sql	HOLDS	
docs/audit/AUDIT_FINDINGS.md	8991	path	internal/profile	ls internal/profile	HOLDS	
docs/audit/AUDIT_FINDINGS.md	8991	testname	TestAudit_ClosureCoolingOffIsMeasuredAgainstACallerSuppliedTimestamp	grep for func TestAudit_ClosureCoolingOffIsMeasuredAgainstACallerSuppliedTimestamp over *_test.go	HOLDS	
docs/audit/AUDIT_FINDINGS.md	8994	testname	TestIntegration_Closure_CannotBeEffectedBeforeTheCoolingOffPeriod	grep for func TestIntegration_Closure_CannotBeEffectedBeforeTheCoolingOffPeriod over *_test.go	HOLDS	
docs/audit/AUDIT_FINDINGS.md	8995	testname	TestIntegration_Closure_EffectingClosesTheUserTheAccountsAndTheSessions	grep for func TestIntegration_Closure_EffectingClosesTheUserTheAccountsAndTheSessions over *_test.go	HOLDS	
docs/audit/AUDIT_FINDINGS.md	9000	testname	TestAudit_TheOperatorDirectoryIsRewritableByTheApplicationRole	grep for func TestAudit_TheOperatorDirectoryIsRewritableByTheApplicationRole over *_test.go	HOLDS	
docs/audit/AUDIT_FINDINGS.md	9004	path	internal/identity	ls internal/identity	HOLDS	
docs/audit/AUDIT_FINDINGS.md	9029	path	migrations/00799_a_revoked_operator_role_stays_revoked.sql	ls migrations/00799_a_revoked_operator_role_stays_revoked.sql	HOLDS	
docs/audit/AUDIT_FINDINGS.md	9030	path	internal/profile	ls internal/profile	HOLDS	
docs/audit/AUDIT_FINDINGS.md	9030	testname	TestAudit_TheOperatorDirectoryIsRewritableByTheApplicationRole	grep for func TestAudit_TheOperatorDirectoryIsRewritableByTheApplicationRole over *_test.go	HOLDS	
docs/audit/AUDIT_FINDINGS.md	9033	path	test/integration/migrations	ls test/integration/migrations	HOLDS	
docs/audit/AUDIT_FINDINGS.md	9033	testname	TestIntegration_OperatorDirectoryAuthority	grep for func TestIntegration_OperatorDirectoryAuthority over *_test.go	HOLDS	
docs/audit/AUDIT_FINDINGS.md	9034	path	test/integration/enums	ls test/integration/enums	HOLDS	
docs/audit/AUDIT_FINDINGS.md	9035	path	internal/identity	ls internal/identity	HOLDS	
docs/audit/AUDIT_FINDINGS.md	9036	testname	TestIntegration_Bootstrap_DoesNotRestoreARevokedGrant	grep for func TestIntegration_Bootstrap_DoesNotRestoreARevokedGrant over *_test.go	HOLDS	
docs/audit/AUDIT_FINDINGS.md	9041	testname	TestAudit_TheClosureStateMachineHasNoEdgeSetInTheDatabase	grep for func TestAudit_TheClosureStateMachineHasNoEdgeSetInTheDatabase over *_test.go	HOLDS	
docs/audit/AUDIT_FINDINGS.md	9042	testname	TestAudit_AClosedUserCanBeReopenedByTheApplicationRole	grep for func TestAudit_AClosedUserCanBeReopenedByTheApplicationRole over *_test.go	HOLDS	
docs/audit/AUDIT_FINDINGS.md	9044	path	internal/profile	ls internal/profile	HOLDS	
docs/audit/AUDIT_FINDINGS.md	9060	path	test/integration/enums	ls test/integration/enums	HOLDS	
docs/audit/AUDIT_FINDINGS.md	9069	path	migrations/00798_a_cooling_off_period_is_measured_by_the_clock.sql	ls migrations/00798_a_cooling_off_period_is_measured_by_the_clock.sql	HOLDS	
docs/audit/AUDIT_FINDINGS.md	9070	path	internal/profile	ls internal/profile	HOLDS	
docs/audit/AUDIT_FINDINGS.md	9070	testname	TestAudit_TheClosureStateMachineHasNoEdgeSetInTheDatabase	grep for func TestAudit_TheClosureStateMachineHasNoEdgeSetInTheDatabase over *_test.go	HOLDS	
docs/audit/AUDIT_FINDINGS.md	9071	testname	TestAudit_AClosedUserCanBeReopenedByTheApplicationRole	grep for func TestAudit_AClosedUserCanBeReopenedByTheApplicationRole over *_test.go	HOLDS	
docs/audit/AUDIT_FINDINGS.md	9072	path	test/integration/enums	ls test/integration/enums	HOLDS	
docs/audit/AUDIT_FINDINGS.md	9072	testname	TestIntegration_EveryDeclaredEnumMatchesItsCheck	grep for func TestIntegration_EveryDeclaredEnumMatchesItsCheck over *_test.go	HOLDS	
docs/audit/AUDIT_FINDINGS.md	9079	testname	TestAudit_StepUpLoginLeavesThePreviousSessionLiveAndUsable	grep for func TestAudit_StepUpLoginLeavesThePreviousSessionLiveAndUsable over *_test.go	HOLDS	
docs/audit/AUDIT_FINDINGS.md	9104	gosymbol	internal/identity/login.go	go symbol selector, not a path	UNCHECKABLE	
docs/audit/AUDIT_FINDINGS.md	9105	path	internal/httpapi/handlers_auth.go	ls internal/httpapi/handlers_auth.go	HOLDS	
docs/audit/AUDIT_FINDINGS.md	9106	path	internal/identity	ls internal/identity	HOLDS	
docs/audit/AUDIT_FINDINGS.md	9106	testname	TestAudit_StepUpLoginLeavesThePreviousSessionLiveAndUsable	grep for func TestAudit_StepUpLoginLeavesThePreviousSessionLiveAndUsable over *_test.go	HOLDS	
docs/audit/AUDIT_FINDINGS.md	9109	testname	TestAudit_AColdStepUpIssuesAndAStrangersSessionIsNotRotated	grep for func TestAudit_AColdStepUpIssuesAndAStrangersSessionIsNotRotated over *_test.go	HOLDS	
docs/audit/AUDIT_FINDINGS.md	9110	path	internal/httpapi	ls internal/httpapi	HOLDS	
docs/audit/AUDIT_FINDINGS.md	9110	testname	TestAudit_TheCallbackHandsTheCurrentSessionToTheLoginService	grep for func TestAudit_TheCallbackHandsTheCurrentSessionToTheLoginService over *_test.go	HOLDS	
docs/audit/AUDIT_FINDINGS.md	9115	testname	TestAudit_MeRoutesNameAnAccountInTheQueryStringWhereTheInvariantTestCannotSee	grep for func TestAudit_MeRoutesNameAnAccountInTheQueryStringWhereTheInvariantTestCannotSee over *_test.go	HOLDS	
docs/audit/AUDIT_FINDINGS.md	9116	testname	TestAudit_TheMeAllowlistCommentIsWrongAboutVerificationSessions	grep for func TestAudit_TheMeAllowlistCommentIsWrongAboutVerificationSessions over *_test.go	HOLDS	
docs/audit/AUDIT_FINDINGS.md	9120	testname	TestProfile_NoSelfServiceRouteTakesAnIdentifier	grep for func TestProfile_NoSelfServiceRouteTakesAnIdentifier over *_test.go	HOLDS	
docs/audit/AUDIT_FINDINGS.md	9140	testname	TestProfile_EveryMeOperationNamingAnAccountIsAccountedFor	grep for func TestProfile_EveryMeOperationNamingAnAccountIsAccountedFor over *_test.go	HOLDS	
docs/audit/AUDIT_FINDINGS.md	9154	path	internal/httpapi/handlers_verification.go	ls internal/httpapi/handlers_verification.go	HOLDS	
docs/audit/AUDIT_FINDINGS.md	9157	path	internal/httpapi	ls internal/httpapi	HOLDS	
docs/audit/AUDIT_FINDINGS.md	9157	testname	TestAudit_MeRoutesNameAnAccountInTheQueryStringWhereTheInvariantTestCannotSee	grep for func TestAudit_MeRoutesNameAnAccountInTheQueryStringWhereTheInvariantTestCannotSee over *_test.go	HOLDS	
docs/audit/AUDIT_FINDINGS.md	9158	testname	TestAudit_TheMeAllowlistCommentIsWrongAboutVerificationSessions	grep for func TestAudit_TheMeAllowlistCommentIsWrongAboutVerificationSessions over *_test.go	HOLDS	
docs/audit/AUDIT_FINDINGS.md	9159	testname	TestProfile_EveryMeOperationNamingAnAccountIsAccountedFor	grep for func TestProfile_EveryMeOperationNamingAnAccountIsAccountedFor over *_test.go	HOLDS	
docs/audit/AUDIT_FINDINGS.md	9160	testname	TestAccountScope_TheWriteHelperIsActuallyUsed	grep for func TestAccountScope_TheWriteHelperIsActuallyUsed over *_test.go	HOLDS	
docs/audit/AUDIT_FINDINGS.md	9165	testname	TestAudit_EffectingAClosureChecksNothingFinancial	grep for func TestAudit_EffectingAClosureChecksNothingFinancial over *_test.go	HOLDS	
docs/audit/AUDIT_FINDINGS.md	9166	testname	TestAudit_TheClosureDecisionSurfaceCarriesNoFinancialFact	grep for func TestAudit_TheClosureDecisionSurfaceCarriesNoFinancialFact over *_test.go	HOLDS	
docs/audit/AUDIT_FINDINGS.md	9177	gosymbol	internal/profile/closure.go	go symbol selector, not a path	UNCHECKABLE	
docs/audit/AUDIT_FINDINGS.md	9196	gosymbol	internal/profile/closure.go	go symbol selector, not a path	UNCHECKABLE	
docs/audit/AUDIT_FINDINGS.md	9197	path	openapi/openapi.yaml	ls openapi/openapi.yaml	HOLDS	
docs/audit/AUDIT_FINDINGS.md	9198	path	apps/admin/src/views/accounts.ts	ls apps/admin/src/views/accounts.ts	HOLDS	
docs/audit/AUDIT_FINDINGS.md	9199	path	internal/profile	ls internal/profile	HOLDS	
docs/audit/AUDIT_FINDINGS.md	9199	testname	TestAudit_EffectingAClosureChecksNothingFinancial	grep for func TestAudit_EffectingAClosureChecksNothingFinancial over *_test.go	HOLDS	
docs/audit/AUDIT_FINDINGS.md	9200	testname	TestAudit_EffectingAClosureIsRefusedWhileCreditsRemain	grep for func TestAudit_EffectingAClosureIsRefusedWhileCreditsRemain over *_test.go	HOLDS	
docs/audit/AUDIT_FINDINGS.md	9201	testname	TestAudit_EffectingAClosureIsRefusedWhileAPositionIsOpen	grep for func TestAudit_EffectingAClosureIsRefusedWhileAPositionIsOpen over *_test.go	HOLDS	
docs/audit/AUDIT_FINDINGS.md	9202	testname	TestClosureBlockers_TheTerminalPayoutStatesAreThePayoutPackages	grep for func TestClosureBlockers_TheTerminalPayoutStatesAreThePayoutPackages over *_test.go	HOLDS	
docs/audit/AUDIT_FINDINGS.md	9203	path	internal/httpapi	ls internal/httpapi	HOLDS	
docs/audit/AUDIT_FINDINGS.md	9203	testname	TestClosureBlockers_ClearIsTheAbsenceOfAllThree	grep for func TestClosureBlockers_ClearIsTheAbsenceOfAllThree over *_test.go	HOLDS	
docs/audit/AUDIT_FINDINGS.md	9204	testname	TestAudit_TheClosureDecisionSurfaceCarriesNoFinancialFact	grep for func TestAudit_TheClosureDecisionSurfaceCarriesNoFinancialFact over *_test.go	HOLDS	
docs/audit/AUDIT_FINDINGS.md	9209	testname	TestAudit_StagingAcceptsAnUnboundedBootstrapDeclaration	grep for func TestAudit_StagingAcceptsAnUnboundedBootstrapDeclaration over *_test.go	HOLDS	
docs/audit/AUDIT_FINDINGS.md	9224	gosymbol	internal/config/validate.go	go symbol selector, not a path	UNCHECKABLE	
docs/audit/AUDIT_FINDINGS.md	9224	path	internal/config	ls internal/config	HOLDS	
docs/audit/AUDIT_FINDINGS.md	9225	testname	TestAudit_StagingAcceptsAnUnboundedBootstrapDeclaration	grep for func TestAudit_StagingAcceptsAnUnboundedBootstrapDeclaration over *_test.go	HOLDS	
docs/audit/AUDIT_FINDINGS.md	9227	path	docs/adr/0024-how-a-principal-becomes-an-operator.md	ls docs/adr/0024-how-a-principal-becomes-an-operator.md	HOLDS	
docs/audit/AUDIT_FINDINGS.md	9232	testname	TestAudit_TheOperatorDirectoryMayNameCUSTOMER	grep for func TestAudit_TheOperatorDirectoryMayNameCUSTOMER over *_test.go	HOLDS	
docs/audit/AUDIT_FINDINGS.md	9236	path	internal/identity	ls internal/identity	HOLDS	
docs/audit/AUDIT_FINDINGS.md	9253	path	migrations/00800_the_operator_directory_does_not_name_a_customer.sql	ls migrations/00800_the_operator_directory_does_not_name_a_customer.sql	HOLDS	
docs/audit/AUDIT_FINDINGS.md	9254	gosymbol	internal/operatorroles/operatorroles.go	go symbol selector, not a path	UNCHECKABLE	
docs/audit/AUDIT_FINDINGS.md	9254	path	internal/config	ls internal/config	HOLDS	
docs/audit/AUDIT_FINDINGS.md	9255	testname	TestAudit_TheOperatorDirectoryMayNameCUSTOMER	grep for func TestAudit_TheOperatorDirectoryMayNameCUSTOMER over *_test.go	HOLDS	
docs/audit/AUDIT_FINDINGS.md	9256	path	internal/operatorroles	ls internal/operatorroles	HOLDS	
docs/audit/AUDIT_FINDINGS.md	9256	testname	TestDirectory_IsEveryRoleExceptBreakGlassAndCustomer	grep for func TestDirectory_IsEveryRoleExceptBreakGlassAndCustomer over *_test.go	HOLDS	
docs/audit/AUDIT_FINDINGS.md	9257	path	test/integration/enums	ls test/integration/enums	HOLDS	
docs/audit/AUDIT_FINDINGS.md	9257	testname	TestParseDeclarations_RefusesCustomer	grep for func TestParseDeclarations_RefusesCustomer over *_test.go	HOLDS	
docs/audit/AUDIT_FINDINGS.md	9264	testname	TestAudit_ASecondLoginInvalidatesTheFirstTabsFlow	grep for func TestAudit_ASecondLoginInvalidatesTheFirstTabsFlow over *_test.go	HOLDS	
docs/audit/AUDIT_FINDINGS.md	9267	route	GET /v1/auth/login	grep the api.gen.go route table	HOLDS	
docs/audit/AUDIT_FINDINGS.md	9282	path	internal/httpapi	ls internal/httpapi	HOLDS	
docs/audit/AUDIT_FINDINGS.md	9282	path	internal/httpapi/handlers_auth.go	ls internal/httpapi/handlers_auth.go	HOLDS	
docs/audit/AUDIT_FINDINGS.md	9283	testname	TestAudit_ASecondLoginInvalidatesTheFirstTabsFlow	grep for func TestAudit_ASecondLoginInvalidatesTheFirstTabsFlow over *_test.go	HOLDS	
docs/audit/AUDIT_FINDINGS.md	9293	path	cmd/api	ls cmd/api	HOLDS	
docs/audit/AUDIT_FINDINGS.md	9304	path	internal/terms/documents/privacy_policy.md	ls internal/terms/documents/privacy_policy.md	HOLDS	
docs/audit/AUDIT_FINDINGS.md	9305	gosymbol	internal/terms/terms.go	go symbol selector, not a path	UNCHECKABLE	
docs/audit/AUDIT_FINDINGS.md	9305	path	internal/terms	ls internal/terms	HOLDS	
docs/audit/AUDIT_FINDINGS.md	9306	testname	TestRegistry_EveryDeclaredDocumentLoads	grep for func TestRegistry_EveryDeclaredDocumentLoads over *_test.go	HOLDS	
docs/audit/AUDIT_FINDINGS.md	9307	testname	TestRegistry_ContentHashesAreDistinctAndLineEndingIndependent	grep for func TestRegistry_ContentHashesAreDistinctAndLineEndingIndependent over *_test.go	HOLDS	
docs/audit/AUDIT_FINDINGS.md	9313	path	internal/httpapi/domaina_admin_integration_test.go	ls internal/httpapi/domaina_admin_integration_test.go	HOLDS	
docs/audit/AUDIT_FINDINGS.md	9322	path	internal/httpapi/domaina_admin_integration_test.go	ls internal/httpapi/domaina_admin_integration_test.go	HOLDS	
docs/audit/AUDIT_FINDINGS.md	9323	path	internal/httpapi	ls internal/httpapi	HOLDS	
docs/audit/AUDIT_FINDINGS.md	9323	testname	TestIntegration_EveryStoppingControlIsOneOperator	grep for func TestIntegration_EveryStoppingControlIsOneOperator over *_test.go	HOLDS	
docs/audit/AUDIT_FINDINGS.md	9324	testname	TestIntegration_ResumingAMarketTakesTwoPeople	grep for func TestIntegration_ResumingAMarketTakesTwoPeople over *_test.go	HOLDS	
docs/audit/AUDIT_FINDINGS.md	9328	path	test/infra/render_test.go	ls test/infra/render_test.go	HOLDS	
docs/audit/AUDIT_FINDINGS.md	9332	testname	TestTheWebServiceIsNotGivenTheSchemaOwner	grep for func TestTheWebServiceIsNotGivenTheSchemaOwner over *_test.go	HOLDS	
docs/audit/AUDIT_FINDINGS.md	9344	path	test/infra/render_test.go	ls test/infra/render_test.go	HOLDS	
docs/audit/AUDIT_FINDINGS.md	9345	path	cmd/migrate	ls cmd/migrate	HOLDS	
docs/audit/AUDIT_FINDINGS.md	9345	path	test/deployed/surface_test.go	ls test/deployed/surface_test.go	HOLDS	
docs/audit/AUDIT_FINDINGS.md	9352	testname	TestTheWebServiceIsNotGivenTheSchemaOwner	grep for func TestTheWebServiceIsNotGivenTheSchemaOwner over *_test.go	HOLDS	
docs/audit/AUDIT_FINDINGS.md	9356	path	docs/operations/LAUNCH_TIER.md	ls docs/operations/LAUNCH_TIER.md	HOLDS	
docs/audit/AUDIT_FINDINGS.md	9363	testname	TestTheWebServiceIsNotGivenTheSchemaOwner	grep for func TestTheWebServiceIsNotGivenTheSchemaOwner over *_test.go	HOLDS	
docs/audit/AUDIT_FINDINGS.md	9364	testname	TestAuditConfigDeploy_TheAPIServiceIsNotHandedTheSchemaOwnerDSN	grep for func TestAuditConfigDeploy_TheAPIServiceIsNotHandedTheSchemaOwnerDSN over *_test.go	HOLDS	
docs/audit/AUDIT_FINDINGS.md	9383	gosymbol	cmd/api/alerts.go	go symbol selector, not a path	UNCHECKABLE	
docs/audit/AUDIT_FINDINGS.md	9383	gosymbol	cmd/api/pii.go	go symbol selector, not a path	UNCHECKABLE	
docs/audit/AUDIT_FINDINGS.md	9402	testname	TestValidate_TheAlertDestinationAndTheKeyringAreRESOLVED	grep for func TestValidate_TheAlertDestinationAndTheKeyringAreRESOLVED over *_test.go	HOLDS	
docs/audit/AUDIT_FINDINGS.md	9404	testname	TestADeploymentWithNowhereToAlertRefusesToStart	grep for func TestADeploymentWithNowhereToAlertRefusesToStart over *_test.go	HOLDS	
docs/audit/AUDIT_FINDINGS.md	9405	testname	TestADeploymentWithoutAUsableKeyringRefusesToStart	grep for func TestADeploymentWithoutAUsableKeyringRefusesToStart over *_test.go	HOLDS	
docs/audit/AUDIT_FINDINGS.md	9406	testname	TestRender_TheBlueprintActuallyStartsTheAPI	grep for func TestRender_TheBlueprintActuallyStartsTheAPI over *_test.go	HOLDS	
docs/audit/AUDIT_FINDINGS.md	9409	testname	TestAuditConfigDeploy_STAGINGRefusesToBootWithoutTheAlertDestinationAndKeyring	grep for func TestAuditConfigDeploy_STAGINGRefusesToBootWithoutTheAlertDestinationAndKeyring over *_test.go	HOLDS	
docs/audit/AUDIT_FINDINGS.md	9415	testname	TestRender_NoSecretIsWrittenIntoTheBlueprint	grep for func TestRender_NoSecretIsWrittenIntoTheBlueprint over *_test.go	HOLDS	
docs/audit/AUDIT_FINDINGS.md	9429	path	test/deployed/surface_test.go	ls test/deployed/surface_test.go	HOLDS	
docs/audit/AUDIT_FINDINGS.md	9443	testname	TestRender_NoSecretIsWrittenIntoTheBlueprint	grep for func TestRender_NoSecretIsWrittenIntoTheBlueprint over *_test.go	HOLDS	
docs/audit/AUDIT_FINDINGS.md	9444	testname	TestRender_TheStaticSiteIsBuiltAndPublishedFromThisRepository	grep for func TestRender_TheStaticSiteIsBuiltAndPublishedFromThisRepository over *_test.go	HOLDS	
docs/audit/AUDIT_FINDINGS.md	9445	testname	TestRender_TheSPARewriteExists	grep for func TestRender_TheSPARewriteExists over *_test.go	HOLDS	
docs/audit/AUDIT_FINDINGS.md	9446	testname	TestRender_EveryServiceDeclaresItsOwnHostname	grep for func TestRender_EveryServiceDeclaresItsOwnHostname over *_test.go	HOLDS	
docs/audit/AUDIT_FINDINGS.md	9447	testname	TestRender_TheStaticSitesSecurityHeadersAreWhatTheAppNeeds	grep for func TestRender_TheStaticSitesSecurityHeadersAreWhatTheAppNeeds over *_test.go	HOLDS	
docs/audit/AUDIT_FINDINGS.md	9448	testname	TestAuditConfigDeploy_TheSecretScanCoversEveryServiceInTheBlueprint	grep for func TestAuditConfigDeploy_TheSecretScanCoversEveryServiceInTheBlueprint over *_test.go	HOLDS	
docs/audit/AUDIT_FINDINGS.md	9450	testname	TestAuditConfigDeploy_TheStaticSitesSecurityHeadersArePinnedSomewhere	grep for func TestAuditConfigDeploy_TheStaticSitesSecurityHeadersArePinnedSomewhere over *_test.go	HOLDS	
docs/audit/AUDIT_FINDINGS.md	9482	testname	TestRender_TheStaticSitesSecurityHeadersAreWhatTheAppNeeds	grep for func TestRender_TheStaticSitesSecurityHeadersAreWhatTheAppNeeds over *_test.go	HOLDS	
docs/audit/AUDIT_FINDINGS.md	9484	testname	TestAuditConfigDeploy_TheCSPPermitsTheInlineStylesTheAppShips	grep for func TestAuditConfigDeploy_TheCSPPermitsTheInlineStylesTheAppShips over *_test.go	HOLDS	
docs/audit/AUDIT_FINDINGS.md	9485	path	apps/web/src	ls apps/web/src	HOLDS	
docs/audit/AUDIT_FINDINGS.md	9511	testname	TestRender_TheStaticSitesSecurityHeadersAreWhatTheAppNeeds	grep for func TestRender_TheStaticSitesSecurityHeadersAreWhatTheAppNeeds over *_test.go	HOLDS	
docs/audit/AUDIT_FINDINGS.md	9512	testname	TestRender_TheStripeKeyAndTheStripeAccountAreTheSameAccount	grep for func TestRender_TheStripeKeyAndTheStripeAccountAreTheSameAccount over *_test.go	HOLDS	
docs/audit/AUDIT_FINDINGS.md	9538	testname	TestRender_EveryServiceDeclaresItsOwnHostname	grep for func TestRender_EveryServiceDeclaresItsOwnHostname over *_test.go	HOLDS	
docs/audit/AUDIT_FINDINGS.md	9539	testname	TestAuditConfigDeploy_TheAPIServiceDeclaresItsOwnHostname	grep for func TestAuditConfigDeploy_TheAPIServiceDeclaresItsOwnHostname over *_test.go	HOLDS	
docs/audit/AUDIT_FINDINGS.md	9544	path	build/Dockerfile	ls build/Dockerfile	HOLDS	
docs/audit/AUDIT_FINDINGS.md	9546	path	build/Dockerfile	ls build/Dockerfile	HOLDS	
docs/audit/AUDIT_FINDINGS.md	9563	path	scripts/images	ls scripts/images	HOLDS	
docs/audit/AUDIT_FINDINGS.md	9568	testname	TestAuditConfigDeploy_TheBuildStampsAVersion	grep for func TestAuditConfigDeploy_TheBuildStampsAVersion over *_test.go	HOLDS	
docs/audit/AUDIT_FINDINGS.md	9595	path	apps/web/src/lib/source-scan.test.ts	ls apps/web/src/lib/source-scan.test.ts	HOLDS	
docs/audit/AUDIT_FINDINGS.md	9603	testname	TestAuditConfigDeploy_TheEventStreamCarriesTheSessionCrossOrigin	grep for func TestAuditConfigDeploy_TheEventStreamCarriesTheSessionCrossOrigin over *_test.go	HOLDS	
docs/audit/AUDIT_FINDINGS.md	9611	path	internal/config	ls internal/config	HOLDS	
docs/audit/AUDIT_FINDINGS.md	9614	gosymbol	cmd/api/marketsurfaces.go	go symbol selector, not a path	UNCHECKABLE	
docs/audit/AUDIT_FINDINGS.md	9617	path	internal/config	ls internal/config	HOLDS	
docs/audit/AUDIT_FINDINGS.md	9633	path	scripts/demodata	ls scripts/demodata	HOLDS	
docs/audit/AUDIT_FINDINGS.md	9633	path	scripts/seed	ls scripts/seed	HOLDS	
docs/audit/AUDIT_FINDINGS.md	9633	path	scripts/seedeconomy	ls scripts/seedeconomy	HOLDS	
docs/audit/AUDIT_FINDINGS.md	9637	testname	TestSeedScriptsAllowed	grep for func TestSeedScriptsAllowed over *_test.go	HOLDS	
docs/audit/AUDIT_FINDINGS.md	9640	testname	TestVars_DocumentedInDocGo	grep for func TestVars_DocumentedInDocGo over *_test.go	HOLDS	
docs/audit/AUDIT_FINDINGS.md	9641	testname	TestAuditConfigDeploy_SeedingHonoursTheVariableThatForbidsIt	grep for func TestAuditConfigDeploy_SeedingHonoursTheVariableThatForbidsIt over *_test.go	HOLDS	
docs/audit/AUDIT_FINDINGS.md	9652	path	cmd/api	ls cmd/api	HOLDS	
docs/audit/AUDIT_FINDINGS.md	9652	path	internal/gates	ls internal/gates	HOLDS	
docs/audit/AUDIT_FINDINGS.md	9666	path	test/infra	ls test/infra	HOLDS	
docs/audit/AUDIT_FINDINGS.md	9669	path	internal/config	ls internal/config	HOLDS	
docs/audit/AUDIT_FINDINGS.md	9669	path	internal/gates	ls internal/gates	HOLDS	
docs/audit/AUDIT_FINDINGS.md	9670	path	internal/agent	ls internal/agent	HOLDS	
docs/audit/AUDIT_FINDINGS.md	9670	path	internal/config	ls internal/config	HOLDS	
docs/audit/AUDIT_FINDINGS.md	9672	gosymbol	internal/config/capability.go	go symbol selector, not a path	UNCHECKABLE	
docs/audit/AUDIT_FINDINGS.md	9673	path	test/infra	ls test/infra	HOLDS	
docs/audit/AUDIT_FINDINGS.md	9678	testname	TestConfigTable_TheCapabilityNamesAreTheOnesGatesDeclares	grep for func TestConfigTable_TheCapabilityNamesAreTheOnesGatesDeclares over *_test.go	HOLDS	
docs/audit/AUDIT_FINDINGS.md	9679	testname	TestParseCapabilities	grep for func TestParseCapabilities over *_test.go	HOLDS	
docs/audit/AUDIT_FINDINGS.md	9679	testname	TestRender_EveryCapabilityNamedInTheBlueprintExists	grep for func TestRender_EveryCapabilityNamedInTheBlueprintExists over *_test.go	HOLDS	
docs/audit/AUDIT_FINDINGS.md	9680	testname	TestAuditConfigDeploy_AMisspelledCapabilityIsRefusedByTheConfiguration	grep for func TestAuditConfigDeploy_AMisspelledCapabilityIsRefusedByTheConfiguration over *_test.go	HOLDS	
docs/audit/AUDIT_FINDINGS.md	9687	gosymbol	internal/identity/login.go	go symbol selector, not a path	UNCHECKABLE	
docs/audit/AUDIT_FINDINGS.md	9719	testname	TestAuditConfigDeploy_PostLoginDestinationCannotLeaveTheOrigin	grep for func TestAuditConfigDeploy_PostLoginDestinationCannotLeaveTheOrigin over *_test.go	HOLDS	
docs/audit/AUDIT_FINDINGS.md	9720	testname	TestPostLoginDestination_HonoursARealPathAndRefusesEverythingElse	grep for func TestPostLoginDestination_HonoursARealPathAndRefusesEverythingElse over *_test.go	HOLDS	
docs/audit/AUDIT_FINDINGS.md	9723	testname	TestValidate_PostLoginURL	grep for func TestValidate_PostLoginURL over *_test.go	HOLDS	
docs/audit/AUDIT_FINDINGS.md	9732	path	docs/operations/LAUNCH_TIER.md	ls docs/operations/LAUNCH_TIER.md	HOLDS	
docs/audit/AUDIT_FINDINGS.md	9733	path	docs/build/HUMAN_ACTIONS_QUEUE.md	ls docs/build/HUMAN_ACTIONS_QUEUE.md	HOLDS	
docs/audit/AUDIT_FINDINGS.md	9741	path	test/docs	ls test/docs	HOLDS	
docs/audit/AUDIT_FINDINGS.md	9745	path	apps/web/vite.config.ts	ls apps/web/vite.config.ts	HOLDS	
docs/audit/AUDIT_FINDINGS.md	9758	path	apps/web/vite.config.ts	ls apps/web/vite.config.ts	HOLDS	
docs/audit/AUDIT_FINDINGS.md	9774	path	apps/web/e2e/auth.setup.ts	ls apps/web/e2e/auth.setup.ts	HOLDS	
docs/audit/AUDIT_FINDINGS.md	9775	route	GET /v1/auth/login	grep the api.gen.go route table	HOLDS	
docs/audit/AUDIT_FINDINGS.md	9787	testname	TestValidate_PostLoginURL	grep for func TestValidate_PostLoginURL over *_test.go	HOLDS	
docs/audit/AUDIT_FINDINGS.md	9808	testname	TestRender_TheStaticSitesSecurityHeadersAreWhatTheAppNeeds	grep for func TestRender_TheStaticSitesSecurityHeadersAreWhatTheAppNeeds over *_test.go	HOLDS	
docs/audit/AUDIT_FINDINGS.md	9814	testname	TestAUDIT_ASandboxGateEnteredFromRevokedCanNeverBeActive	grep for func TestAUDIT_ASandboxGateEnteredFromRevokedCanNeverBeActive over *_test.go	HOLDS	
docs/audit/AUDIT_FINDINGS.md	9815	testname	TestAUDIT_ASandboxTierCanRecoverAGateItRevoked	grep for func TestAUDIT_ASandboxTierCanRecoverAGateItRevoked over *_test.go	HOLDS	
docs/audit/AUDIT_FINDINGS.md	9816	testname	TestIntegration_AUDIT_SandboxFromRevokedKeepsTheRevoke	grep for func TestIntegration_AUDIT_SandboxFromRevokedKeepsTheRevoke over *_test.go	HOLDS	
docs/audit/AUDIT_FINDINGS.md	9839	testname	TestIntegration_SandboxGate	grep for func TestIntegration_SandboxGate over *_test.go	HOLDS	
docs/audit/AUDIT_FINDINGS.md	9841	testname	TestIntegration_AUDIT_SandboxFromRevokedKeepsTheRevoke	grep for func TestIntegration_AUDIT_SandboxFromRevokedKeepsTheRevoke over *_test.go	HOLDS	
docs/audit/AUDIT_FINDINGS.md	9842	path	cmd/api	ls cmd/api	HOLDS	
docs/audit/AUDIT_FINDINGS.md	9843	testname	TestEvaluateWith_SandboxRowIsActiveOnlyOnASandboxTier	grep for func TestEvaluateWith_SandboxRowIsActiveOnlyOnASandboxTier over *_test.go	HOLDS	
docs/audit/AUDIT_FINDINGS.md	9846	path	migrations/00791_a_sandbox_row_carries_no_approval_and_no_revoke.sql	ls migrations/00791_a_sandbox_row_carries_no_approval_and_no_revoke.sql	HOLDS	
docs/audit/AUDIT_FINDINGS.md	9851	testname	TestIntegration_AUDIT_SandboxFromExpiredCarriesTheApprovalItClaimsNotToHave	grep for func TestIntegration_AUDIT_SandboxFromExpiredCarriesTheApprovalItClaimsNotToHave over *_test.go	HOLDS	
docs/audit/AUDIT_FINDINGS.md	9853	path	internal/gates	ls internal/gates	HOLDS	
docs/audit/AUDIT_FINDINGS.md	9860	route	GET /v1/admin/gates	grep the api.gen.go route table	HOLDS	
docs/audit/AUDIT_FINDINGS.md	9870	gosymbol	internal/gates/sandbox.go	go symbol selector, not a path	UNCHECKABLE	
docs/audit/AUDIT_FINDINGS.md	9876	testname	TestIntegration_SandboxFromAFinishedCeremonyCarriesNoneOfIt	grep for func TestIntegration_SandboxFromAFinishedCeremonyCarriesNoneOfIt over *_test.go	HOLDS	
docs/audit/AUDIT_FINDINGS.md	9879	testname	TestIntegration_AUDIT_SandboxFromExpiredCarriesTheApprovalItClaimsNotToHave	grep for func TestIntegration_AUDIT_SandboxFromExpiredCarriesTheApprovalItClaimsNotToHave over *_test.go	HOLDS	
docs/audit/AUDIT_FINDINGS.md	9880	path	apps/admin/src/views/gates.ts	ls apps/admin/src/views/gates.ts	HOLDS	
docs/audit/AUDIT_FINDINGS.md	9885	testname	TestIntegration_AUDIT_ARealCeremonyOnASandboxCapabilityBlocksTheNextBoot	grep for func TestIntegration_AUDIT_ARealCeremonyOnASandboxCapabilityBlocksTheNextBoot over *_test.go	HOLDS	
docs/audit/AUDIT_FINDINGS.md	9889	path	cmd/api	ls cmd/api	HOLDS	
docs/audit/AUDIT_FINDINGS.md	9898	path	cmd/api	ls cmd/api	HOLDS	
docs/audit/AUDIT_FINDINGS.md	9904	testname	TestIntegration_BootstrapSandboxIsIdempotentAndNeverMovesAnApproval	grep for func TestIntegration_BootstrapSandboxIsIdempotentAndNeverMovesAnApproval over *_test.go	HOLDS	
docs/audit/AUDIT_FINDINGS.md	9912	testname	TestAUDIT_NoKillSwitchCanReachTheConversionRequestPath	grep for func TestAUDIT_NoKillSwitchCanReachTheConversionRequestPath over *_test.go	HOLDS	
docs/audit/AUDIT_FINDINGS.md	9916	path	internal/payout	ls internal/payout	HOLDS	
docs/audit/AUDIT_FINDINGS.md	9917	path	internal/killswitch	ls internal/killswitch	HOLDS	
docs/audit/AUDIT_FINDINGS.md	9917	route	POST /v1/payouts	grep the api.gen.go route table	HOLDS	
docs/audit/AUDIT_FINDINGS.md	9928	path	internal/withdrawal	ls internal/withdrawal	HOLDS	
docs/audit/AUDIT_FINDINGS.md	9945	testname	TestIntegration_EveryWithdrawSwitchStopsAConversionRequest	grep for func TestIntegration_EveryWithdrawSwitchStopsAConversionRequest over *_test.go	HOLDS	
docs/audit/AUDIT_FINDINGS.md	9948	testname	TestIntegration_AFrozenAccountCannotConvert	grep for func TestIntegration_AFrozenAccountCannotConvert over *_test.go	HOLDS	
docs/audit/AUDIT_FINDINGS.md	9949	testname	TestIntegration_AKillSwitchStopsASubmissionMidFlight	grep for func TestIntegration_AKillSwitchStopsASubmissionMidFlight over *_test.go	HOLDS	
docs/audit/AUDIT_FINDINGS.md	9951	testname	TestAUDIT_NoKillSwitchCanReachTheConversionRequestPath	grep for func TestAUDIT_NoKillSwitchCanReachTheConversionRequestPath over *_test.go	HOLDS	
docs/audit/AUDIT_FINDINGS.md	9952	gosymbol	cmd/api/wire.go	go symbol selector, not a path	UNCHECKABLE	
docs/audit/AUDIT_FINDINGS.md	9952	gosymbol	internal/payout/service.go	go symbol selector, not a path	UNCHECKABLE	
docs/audit/AUDIT_FINDINGS.md	9957	testname	TestAUDIT_EverySandboxPermissionsApprovalReferenceSaysItIsNotAnApproval	grep for func TestAUDIT_EverySandboxPermissionsApprovalReferenceSaysItIsNotAnApproval over *_test.go	HOLDS	
docs/audit/AUDIT_FINDINGS.md	9973	testname	TestAUDIT_EverySandboxPermissionsApprovalReferenceSaysItIsNotAnApproval	grep for func TestAUDIT_EverySandboxPermissionsApprovalReferenceSaysItIsNotAnApproval over *_test.go	HOLDS	
docs/audit/AUDIT_FINDINGS.md	9974	path	docs/adr/0023-the-sandbox-tier.md	ls docs/adr/0023-the-sandbox-tier.md	HOLDS	
docs/audit/AUDIT_FINDINGS.md	9975	gosymbol	internal/legalrouter/sandbox.go	go symbol selector, not a path	UNCHECKABLE	
docs/audit/AUDIT_FINDINGS.md	9981	path	test/integration/gates	ls test/integration/gates	HOLDS	absent, and the paragraph says so
docs/audit/AUDIT_FINDINGS.md	9985	path	test/integration	ls test/integration	HOLDS	
docs/audit/AUDIT_FINDINGS.md	9986	path	internal/gates	ls internal/gates	HOLDS	
docs/audit/AUDIT_FINDINGS.md	9988	path	test/docs	ls test/docs	HOLDS	
docs/audit/AUDIT_FINDINGS.md	9990	path	internal/gates/sandbox_integration_test.go	ls internal/gates/sandbox_integration_test.go	HOLDS	
docs/audit/AUDIT_FINDINGS.md	9992	path	test/docs	ls test/docs	HOLDS	
docs/audit/AUDIT_FINDINGS.md	9996	testname	TestDocs_EveryPathTheyNameExists	grep for func TestDocs_EveryPathTheyNameExists over *_test.go	HOLDS	
docs/audit/AUDIT_FINDINGS.md	9997	path	docs/adr/0023-the-sandbox-tier.md	ls docs/adr/0023-the-sandbox-tier.md	HOLDS	
docs/audit/LAUNCH_GATE_MATRIX.md	9	prose	last audited against the working tree at migration 00739	the newest migration is 00805 and 88 findings closed since	FAILS	stale header
docs/audit/LAUNCH_GATE_MATRIX.md	43	gosymbol	internal/gates.Admin.Propose	go symbol selector, not a path	UNCHECKABLE	
docs/audit/LAUNCH_GATE_MATRIX.md	44	gosymbol	internal/gates.Admin.Approve	go symbol selector, not a path	UNCHECKABLE	
docs/audit/LAUNCH_GATE_MATRIX.md	45	gosymbol	internal/gates.Admin.Activate	go symbol selector, not a path	UNCHECKABLE	
docs/audit/LAUNCH_GATE_MATRIX.md	63	path	internal/legalrouter	ls internal/legalrouter	HOLDS	
docs/audit/LAUNCH_GATE_MATRIX.md	67	path	test/security	ls test/security	HOLDS	
docs/audit/LAUNCH_GATE_MATRIX.md	68	prose	CP_API_SETTLEMENT_MINT is a Solana devnet USDC mint	render.yaml:215 is 4zMMC9, the devnet mint	HOLDS	
docs/audit/LAUNCH_GATE_MATRIX.md	76	path	docs/audit/AUDIT_FINDINGS.md	ls docs/audit/AUDIT_FINDINGS.md	HOLDS	
docs/audit/LAUNCH_GATE_MATRIX.md	80	path	cmd/api	ls cmd/api	HOLDS	
docs/audit/LAUNCH_GATE_MATRIX.md	80	path	internal/alert	ls internal/alert	HOLDS	
docs/audit/LAUNCH_GATE_MATRIX.md	89	path	internal/pii	ls internal/pii	HOLDS	
docs/audit/LAUNCH_GATE_MATRIX.md	98	path	cmd/api	ls cmd/api	HOLDS	
docs/build/BLOCKERS.md	25	gosymbol	internal/payout.Provider	go symbol selector, not a path	UNCHECKABLE	
docs/build/BLOCKERS.md	28	gosymbol	internal/payout.Registry	go symbol selector, not a path	UNCHECKABLE	
docs/build/BLOCKERS.md	31	gosymbol	internal/payout/payouttest.Sandbox	go symbol selector, not a path	UNCHECKABLE	
docs/build/BLOCKERS.md	31	prose	internal/payout/payouttest.Sandbox	ls internal/payout/payouttest/sandbox.go	HOLDS	
docs/build/BLOCKERS.md	89	path	internal/credit	ls internal/credit	HOLDS	
docs/build/BLOCKERS.md	92	path	internal/provider/stripecredit	ls internal/provider/stripecredit	HOLDS	
docs/build/BLOCKERS.md	99	path	docs/providers/STRIPE_PRODUCTION_CHECKLIST.md	ls docs/providers/STRIPE_PRODUCTION_CHECKLIST.md	HOLDS	
docs/build/BLOCKERS.md	142	path	cmd/api	ls cmd/api	HOLDS	
docs/build/BLOCKERS.md	175	path	docs/threat-model/THREAT_MODEL.md	ls docs/threat-model/THREAT_MODEL.md	HOLDS	
docs/build/BLOCKERS.md	175	path	test/security	ls test/security	HOLDS	
docs/build/BLOCKERS.md	187	path	docs/providers/STRIPE_BUSINESS_MODEL_REVIEW.md	ls docs/providers/STRIPE_BUSINESS_MODEL_REVIEW.md	HOLDS	
docs/build/BLOCKERS.md	210	path	docs/providers/STRIPE_ACCOUNT_STRUCTURE.md	ls docs/providers/STRIPE_ACCOUNT_STRUCTURE.md	HOLDS	
docs/build/BLOCKERS.md	226	route	GET /v1/accounts	grep the api.gen.go route table	HOLDS	
docs/build/BLOCKERS.md	238	path	internal/provider/stripepayout	ls internal/provider/stripepayout	HOLDS	
docs/build/BLOCKERS.md	311	route	GET /v1/auth/login	grep the api.gen.go route table	HOLDS	
docs/build/BLOCKERS.md	327	path	internal/auth/oidc	ls internal/auth/oidc	HOLDS	
docs/build/BLOCKERS.md	328	path	internal/auth/devidp	ls internal/auth/devidp	HOLDS	
docs/build/BLOCKERS.md	330	path	docs/operations/IDENTITY_PROVIDER.md	ls docs/operations/IDENTITY_PROVIDER.md	HOLDS	
docs/build/BLOCKERS.md	365	path	docs/operations/DEPLOYMENT_GAP_ANALYSIS.md	ls docs/operations/DEPLOYMENT_GAP_ANALYSIS.md	HOLDS	
docs/build/BLOCKERS.md	393	path	test/integration/enums	ls test/integration/enums	HOLDS	
docs/build/BLOCKERS.md	397	path	docs/audit/LAUNCH_GATE_MATRIX.md	ls docs/audit/LAUNCH_GATE_MATRIX.md	HOLDS	
docs/build/BLOCKERS.md	441	path	docs/product/PROVIDER_BOUNDARY.md	ls docs/product/PROVIDER_BOUNDARY.md	HOLDS	
docs/build/BLOCKERS.md	466	path	docs/product/VERIFICATION_AND_WITHDRAWAL.md	ls docs/product/VERIFICATION_AND_WITHDRAWAL.md	HOLDS	
docs/build/BLOCKERS.md	475	path	internal/verification/rules	ls internal/verification/rules	HOLDS	
docs/build/BLOCKERS.md	495	route	POST /v1/strategies/{id}/compile	grep the api.gen.go route table	HOLDS	
docs/build/BLOCKERS.md	504	path	test/security	ls test/security	HOLDS	
docs/build/BLOCKERS.md	509	path	internal/backtest	ls internal/backtest	HOLDS	absent, and the paragraph says so
docs/build/BLOCKERS.md	510	path	internal/performance	ls internal/performance	HOLDS	absent, and the paragraph says so
docs/build/CURRENT_SYSTEM_INVENTORY.md	17	path	docs/operations/PROVIDER_ACTIVATION_CHECKPOINT.md	ls docs/operations/PROVIDER_ACTIVATION_CHECKPOINT.md	HOLDS	
docs/build/CURRENT_SYSTEM_INVENTORY.md	18	path	docs/audit/AUDIT_FINDINGS.md	ls docs/audit/AUDIT_FINDINGS.md	HOLDS	
docs/build/CURRENT_SYSTEM_INVENTORY.md	20	path	cmd/api	ls cmd/api	HOLDS	
docs/build/CURRENT_SYSTEM_INVENTORY.md	27	path	docs/audit/LAUNCH_GATE_MATRIX.md	ls docs/audit/LAUNCH_GATE_MATRIX.md	HOLDS	
docs/build/CURRENT_SYSTEM_INVENTORY.md	69	path	cmd/migrate	ls cmd/migrate	HOLDS	
docs/build/CURRENT_SYSTEM_INVENTORY.md	71	path	internal/event	ls internal/event	HOLDS	
docs/build/CURRENT_SYSTEM_INVENTORY.md	72	path	cmd/workflow-worker	ls cmd/workflow-worker	HOLDS	
docs/build/CURRENT_SYSTEM_INVENTORY.md	72	path	internal/workflows	ls internal/workflows	HOLDS	
docs/build/CURRENT_SYSTEM_INVENTORY.md	73	path	internal/archive	ls internal/archive	HOLDS	
docs/build/CURRENT_SYSTEM_INVENTORY.md	74	path	internal/ratelimit	ls internal/ratelimit	HOLDS	
docs/build/CURRENT_SYSTEM_INVENTORY.md	74	path	internal/reality/datasource	ls internal/reality/datasource	HOLDS	
docs/build/CURRENT_SYSTEM_INVENTORY.md	76	path	apps/admin	ls apps/admin	HOLDS	
docs/build/CURRENT_SYSTEM_INVENTORY.md	76	path	apps/web	ls apps/web	HOLDS	
docs/build/CURRENT_SYSTEM_INVENTORY.md	77	path	packages/generated-client	ls packages/generated-client	HOLDS	
docs/build/CURRENT_SYSTEM_INVENTORY.md	78	path	internal/gen/api	ls internal/gen/api	HOLDS	
docs/build/CURRENT_SYSTEM_INVENTORY.md	78	path	proto/controlplane/signing/v1	ls proto/controlplane/signing/v1	HOLDS	
docs/build/CURRENT_SYSTEM_INVENTORY.md	88	path	internal/money	ls internal/money	HOLDS	
docs/build/CURRENT_SYSTEM_INVENTORY.md	89	path	internal/ledger	ls internal/ledger	HOLDS	
docs/build/CURRENT_SYSTEM_INVENTORY.md	90	path	internal/capital	ls internal/capital	HOLDS	
docs/build/CURRENT_SYSTEM_INVENTORY.md	91	path	internal/capital/buyingpower	ls internal/capital/buyingpower	HOLDS	
docs/build/CURRENT_SYSTEM_INVENTORY.md	92	path	internal/assets	ls internal/assets	HOLDS	
docs/build/CURRENT_SYSTEM_INVENTORY.md	93	path	internal/accounts	ls internal/accounts	HOLDS	
docs/build/CURRENT_SYSTEM_INVENTORY.md	94	path	internal/idempotency	ls internal/idempotency	HOLDS	
docs/build/CURRENT_SYSTEM_INVENTORY.md	95	path	internal/intent	ls internal/intent	HOLDS	
docs/build/CURRENT_SYSTEM_INVENTORY.md	96	path	internal/settlement	ls internal/settlement	HOLDS	
docs/build/CURRENT_SYSTEM_INVENTORY.md	97	path	internal/risk	ls internal/risk	HOLDS	
docs/build/CURRENT_SYSTEM_INVENTORY.md	98	path	internal/eligibility	ls internal/eligibility	HOLDS	
docs/build/CURRENT_SYSTEM_INVENTORY.md	99	path	internal/compliance	ls internal/compliance	HOLDS	
docs/build/CURRENT_SYSTEM_INVENTORY.md	100	path	internal/gates	ls internal/gates	HOLDS	
docs/build/CURRENT_SYSTEM_INVENTORY.md	101	path	internal/killswitch	ls internal/killswitch	HOLDS	
docs/build/CURRENT_SYSTEM_INVENTORY.md	102	path	internal/proof	ls internal/proof	HOLDS	
docs/build/CURRENT_SYSTEM_INVENTORY.md	103	path	internal/audit	ls internal/audit	HOLDS	
docs/build/CURRENT_SYSTEM_INVENTORY.md	104	path	internal/event	ls internal/event	HOLDS	
docs/build/CURRENT_SYSTEM_INVENTORY.md	105	path	internal/reconciliation	ls internal/reconciliation	HOLDS	
docs/build/CURRENT_SYSTEM_INVENTORY.md	106	path	internal/reality	ls internal/reality	HOLDS	
docs/build/CURRENT_SYSTEM_INVENTORY.md	107	path	internal/prediction	ls internal/prediction	HOLDS	
docs/build/CURRENT_SYSTEM_INVENTORY.md	108	path	internal/strategy	ls internal/strategy	HOLDS	
docs/build/CURRENT_SYSTEM_INVENTORY.md	109	path	internal/agent	ls internal/agent	HOLDS	
docs/build/CURRENT_SYSTEM_INVENTORY.md	110	path	internal/positions	ls internal/positions	HOLDS	
docs/build/CURRENT_SYSTEM_INVENTORY.md	111	path	internal/funding	ls internal/funding	HOLDS	
docs/build/CURRENT_SYSTEM_INVENTORY.md	112	path	internal/withdrawal	ls internal/withdrawal	HOLDS	
docs/build/CURRENT_SYSTEM_INVENTORY.md	113	path	internal/instruments	ls internal/instruments	HOLDS	
docs/build/CURRENT_SYSTEM_INVENTORY.md	114	path	internal/execution	ls internal/execution	HOLDS	
docs/build/CURRENT_SYSTEM_INVENTORY.md	115	path	internal/quote	ls internal/quote	HOLDS	
docs/build/CURRENT_SYSTEM_INVENTORY.md	116	path	internal/signing	ls internal/signing	HOLDS	
docs/build/CURRENT_SYSTEM_INVENTORY.md	117	path	internal/chain	ls internal/chain	HOLDS	
docs/build/CURRENT_SYSTEM_INVENTORY.md	118	path	internal/wallet	ls internal/wallet	HOLDS	
docs/build/CURRENT_SYSTEM_INVENTORY.md	119	path	internal/provider/*	ls internal/provider/*	HOLDS	
docs/build/CURRENT_SYSTEM_INVENTORY.md	120	path	internal/httpapi	ls internal/httpapi	HOLDS	
docs/build/CURRENT_SYSTEM_INVENTORY.md	121	path	internal/auth*	ls internal/auth*	HOLDS	
docs/build/CURRENT_SYSTEM_INVENTORY.md	122	path	internal/admin	ls internal/admin	HOLDS	
docs/build/CURRENT_SYSTEM_INVENTORY.md	123	path	internal/config	ls internal/config	HOLDS	
docs/build/CURRENT_SYSTEM_INVENTORY.md	151	path	internal/agent	ls internal/agent	HOLDS	
docs/build/CURRENT_SYSTEM_INVENTORY.md	152	path	internal/strategy	ls internal/strategy	HOLDS	
docs/build/CURRENT_SYSTEM_INVENTORY.md	156	path	docs/build	ls docs/build	HOLDS	
docs/build/CURRENT_SYSTEM_INVENTORY.md	163	path	docs/audit/INDEPENDENT_AUDIT.md	ls docs/audit/INDEPENDENT_AUDIT.md	HOLDS	
docs/build/CURRENT_SYSTEM_INVENTORY.md	191	path	docs/product/VERIFICATION_AND_WITHDRAWAL.md	ls docs/product/VERIFICATION_AND_WITHDRAWAL.md	HOLDS	
docs/build/CURRENT_SYSTEM_INVENTORY.md	224	route	GET /v1/payouts/{id}	grep the api.gen.go route table	HOLDS	
docs/build/CURRENT_SYSTEM_INVENTORY.md	224	route	POST /v1/payouts	grep the api.gen.go route table	HOLDS	
docs/build/CURRENT_SYSTEM_INVENTORY.md	254	route	GET /v1/native-markets	grep the api.gen.go route table	HOLDS	
docs/build/CURRENT_SYSTEM_INVENTORY.md	255	route	GET /v1/native-markets/{marketId}/summary	grep the api.gen.go route table	HOLDS	
docs/build/CURRENT_SYSTEM_INVENTORY.md	256	route	GET /v1/native-markets/{marketId}/candles	grep the api.gen.go route table	HOLDS	
docs/build/CURRENT_SYSTEM_INVENTORY.md	257	route	GET /v1/native-markets/{marketId}/trades	grep the api.gen.go route table	HOLDS	
docs/build/CURRENT_SYSTEM_INVENTORY.md	258	path	internal/credit	ls internal/credit	HOLDS	
docs/build/CURRENT_SYSTEM_INVENTORY.md	258	route	GET /v1/me/portfolio	grep the api.gen.go route table	HOLDS	
docs/build/CURRENT_SYSTEM_INVENTORY.md	259	prose	GET /v1/me/activity is the timeline: seven kinds	internal/activity declares 18 Kinds; openapi ActivityFeedKind lists 18	FAILS	F-docs-8
docs/build/CURRENT_SYSTEM_INVENTORY.md	259	route	GET /v1/me/activity	grep the api.gen.go route table	HOLDS	
docs/build/CURRENT_SYSTEM_INVENTORY.md	261	route	GET /v1/accounts/{accountId}/activity	grep the api.gen.go route table	HOLDS	
docs/build/CURRENT_SYSTEM_INVENTORY.md	266	path	internal/activity	ls internal/activity	HOLDS	
docs/build/CURRENT_SYSTEM_INVENTORY.md	268	path	internal/demo	ls internal/demo	HOLDS	
docs/build/CURRENT_SYSTEM_INVENTORY.md	269	path	cmd/api	ls cmd/api	HOLDS	
docs/build/CURRENT_SYSTEM_INVENTORY.md	270	path	scripts/demodata	ls scripts/demodata	HOLDS	
docs/build/CURRENT_SYSTEM_INVENTORY.md	271	path	scripts/marketsafety	ls scripts/marketsafety	HOLDS	
docs/build/CURRENT_SYSTEM_INVENTORY.md	297	path	test/integration/enums	ls test/integration/enums	HOLDS	
docs/build/CURRENT_SYSTEM_INVENTORY.md	303	path	test/integration/enums	ls test/integration/enums	HOLDS	
docs/build/CURRENT_SYSTEM_INVENTORY.md	307	prose	Routes added (10)	the table below it has ten rows	HOLDS	
docs/build/CURRENT_SYSTEM_INVENTORY.md	327	path	internal/profile	ls internal/profile	HOLDS	
docs/build/CURRENT_SYSTEM_INVENTORY.md	330	path	internal/terms	ls internal/terms	HOLDS	
docs/build/CURRENT_SYSTEM_INVENTORY.md	332	path	internal/operatorroles	ls internal/operatorroles	HOLDS	
docs/build/CURRENT_SYSTEM_INVENTORY.md	333	path	internal/security	ls internal/security	HOLDS	
docs/build/CURRENT_SYSTEM_INVENTORY.md	334	path	internal/config	ls internal/config	HOLDS	
docs/build/CURRENT_SYSTEM_INVENTORY.md	334	path	internal/errs	ls internal/errs	HOLDS	
docs/build/CURRENT_SYSTEM_INVENTORY.md	359	route	GET /me/notifications	grep the api.gen.go route table	HOLDS	
docs/build/CURRENT_SYSTEM_INVENTORY.md	360	route	GET /me/notifications/unread-count	grep the api.gen.go route table	HOLDS	
docs/build/CURRENT_SYSTEM_INVENTORY.md	361	route	POST /me/notifications/{notificationId}/read	grep the api.gen.go route table	HOLDS	
docs/build/CURRENT_SYSTEM_INVENTORY.md	362	route	POST /me/notifications/read-all	grep the api.gen.go route table	HOLDS	
docs/build/CURRENT_SYSTEM_INVENTORY.md	363	route	GET /me/notification-preferences	grep the api.gen.go route table	HOLDS	
docs/build/CURRENT_SYSTEM_INVENTORY.md	364	route	PUT /me/notification-preferences	grep the api.gen.go route table	HOLDS	
docs/build/CURRENT_SYSTEM_INVENTORY.md	365	route	GET /me/audit	grep the api.gen.go route table	HOLDS	
docs/build/CURRENT_SYSTEM_INVENTORY.md	373	route	GET /v1/events/stream	grep the api.gen.go route table	HOLDS	
docs/build/CURRENT_SYSTEM_INVENTORY.md	380	prose	the notifications kind CHECK is 21 values, 13 product plus 8 inherited	internal/notifications/kind.go	HOLDS	
docs/build/CURRENT_SYSTEM_INVENTORY.md	401	path	internal/verification	ls internal/verification	HOLDS	
docs/build/CURRENT_SYSTEM_INVENTORY.md	402	path	internal/verification/rules	ls internal/verification/rules	HOLDS	
docs/build/CURRENT_SYSTEM_INVENTORY.md	403	path	internal/provider/verifysandbox	ls internal/provider/verifysandbox	HOLDS	
docs/build/CURRENT_SYSTEM_INVENTORY.md	404	gosymbol	internal/eligibility/withdrawal.go	go symbol selector, not a path	UNCHECKABLE	
docs/build/CURRENT_SYSTEM_INVENTORY.md	405	gosymbol	internal/payout/destination.go	go symbol selector, not a path	UNCHECKABLE	
docs/build/CURRENT_SYSTEM_INVENTORY.md	406	path	internal/httpapi/handlers_verification.go	ls internal/httpapi/handlers_verification.go	HOLDS	
docs/build/CURRENT_SYSTEM_INVENTORY.md	412	path	internal/verification	ls internal/verification	HOLDS	
docs/build/CURRENT_SYSTEM_INVENTORY.md	413	path	internal/credit	ls internal/credit	HOLDS	
docs/build/CURRENT_SYSTEM_INVENTORY.md	413	path	internal/ledger	ls internal/ledger	HOLDS	
docs/build/CURRENT_SYSTEM_INVENTORY.md	415	path	internal/notifications	ls internal/notifications	HOLDS	
docs/build/CURRENT_SYSTEM_INVENTORY.md	416	path	internal/stream	ls internal/stream	HOLDS	
docs/build/CURRENT_SYSTEM_INVENTORY.md	417	path	internal/notification	ls internal/notification	HOLDS	
docs/build/CURRENT_SYSTEM_INVENTORY.md	418	gosymbol	cmd/api/notifications.go	go symbol selector, not a path	UNCHECKABLE	
docs/build/CURRENT_SYSTEM_INVENTORY.md	430	prose	Routes added (nine)	the table below it has ten rows	FAILS	F-docs-13
docs/build/CURRENT_SYSTEM_INVENTORY.md	435	route	POST /v1/strategies	grep the api.gen.go route table	HOLDS	
docs/build/CURRENT_SYSTEM_INVENTORY.md	436	route	GET /v1/strategies	grep the api.gen.go route table	HOLDS	
docs/build/CURRENT_SYSTEM_INVENTORY.md	437	route	GET /v1/strategies/{strategyId}	grep the api.gen.go route table	HOLDS	
docs/build/CURRENT_SYSTEM_INVENTORY.md	438	route	POST /v1/strategies/{strategyId}/compile	grep the api.gen.go route table	HOLDS	
docs/build/CURRENT_SYSTEM_INVENTORY.md	439	route	POST /v1/agents	grep the api.gen.go route table	HOLDS	
docs/build/CURRENT_SYSTEM_INVENTORY.md	440	route	GET /v1/agents	grep the api.gen.go route table	HOLDS	
docs/build/CURRENT_SYSTEM_INVENTORY.md	441	route	GET /v1/agents/{agentId}	grep the api.gen.go route table	HOLDS	
docs/build/CURRENT_SYSTEM_INVENTORY.md	442	route	POST /v1/agents/{agentId}/{action}	grep the api.gen.go route table	HOLDS	
docs/build/CURRENT_SYSTEM_INVENTORY.md	443	route	GET /v1/admin/agents	grep the api.gen.go route table	HOLDS	
docs/build/CURRENT_SYSTEM_INVENTORY.md	444	route	POST /v1/admin/agents/{agentId}/pause	grep the api.gen.go route table	HOLDS	
docs/build/CURRENT_SYSTEM_INVENTORY.md	452	path	internal/agents	ls internal/agents	HOLDS	
docs/build/CURRENT_SYSTEM_INVENTORY.md	453	path	internal/agent	ls internal/agent	HOLDS	
docs/build/CURRENT_SYSTEM_INVENTORY.md	459	path	internal/backtest	ls internal/backtest	HOLDS	absent, and the paragraph says so
docs/build/CURRENT_SYSTEM_INVENTORY.md	460	path	internal/performance	ls internal/performance	HOLDS	absent, and the paragraph says so
docs/build/CURRENT_SYSTEM_INVENTORY.md	465	path	test/security	ls test/security	HOLDS	
docs/build/CURRENT_SYSTEM_INVENTORY.md	466	path	apps/admin	ls apps/admin	HOLDS	
docs/build/CURRENT_SYSTEM_INVENTORY.md	471	path	packages/generated-client	ls packages/generated-client	HOLDS	
docs/build/CURRENT_SYSTEM_INVENTORY.md	478	route	GET /v1/admin/actions	grep the api.gen.go route table	HOLDS	
docs/build/CURRENT_SYSTEM_INVENTORY.md	479	route	GET /v1/admin/reconciliation/records	grep the api.gen.go route table	HOLDS	
docs/build/CURRENT_SYSTEM_INVENTORY.md	480	route	GET /v1/admin/kill-switches	grep the api.gen.go route table	HOLDS	
docs/build/CURRENT_SYSTEM_INVENTORY.md	481	route	GET /v1/admin/gates	grep the api.gen.go route table	HOLDS	
docs/build/CURRENT_SYSTEM_INVENTORY.md	482	route	GET /v1/admin/accounts	grep the api.gen.go route table	HOLDS	
docs/build/CURRENT_SYSTEM_INVENTORY.md	483	route	GET /v1/admin/actions	grep the api.gen.go route table	HOLDS	
docs/build/CURRENT_SYSTEM_INVENTORY.md	484	route	GET /v1/admin/actions	grep the api.gen.go route table	HOLDS	
docs/build/CURRENT_SYSTEM_INVENTORY.md	485	route	GET /v1/admin/providers	grep the api.gen.go route table	HOLDS	
docs/build/CURRENT_SYSTEM_INVENTORY.md	500	path	internal/adminplane	ls internal/adminplane	HOLDS	
docs/build/CURRENT_SYSTEM_INVENTORY.md	501	testname	TestAuthorityGolden	grep for func TestAuthorityGolden over *_test.go	HOLDS	
docs/build/CURRENT_SYSTEM_INVENTORY.md	501	testname	TestDecisionVectorsGolden	grep for func TestDecisionVectorsGolden over *_test.go	HOLDS	
docs/build/CURRENT_SYSTEM_INVENTORY.md	503	testname	TestConsoleBuiltArtifactsMatchTheirSource	grep for func TestConsoleBuiltArtifactsMatchTheirSource over *_test.go	HOLDS	
docs/build/CURRENT_SYSTEM_INVENTORY.md	508	route	GET /v1/admin/gates/{capability}/history	grep the api.gen.go route table	HOLDS	
docs/build/CURRENT_SYSTEM_INVENTORY.md	511	route	GET /v1/admin/users/{userId}	grep the api.gen.go route table	HOLDS	
docs/build/CURRENT_SYSTEM_INVENTORY.md	512	route	POST /v1/admin/users/{userId}/closure	grep the api.gen.go route table	HOLDS	
docs/build/CURRENT_SYSTEM_INVENTORY.md	513	route	GET /v1/admin/agents	grep the api.gen.go route table	HOLDS	
docs/build/CURRENT_SYSTEM_INVENTORY.md	513	route	POST /v1/admin/agents/{agentId}/pause	grep the api.gen.go route table	HOLDS	
docs/build/CURRENT_SYSTEM_INVENTORY.md	522	path	internal/adminplane	ls internal/adminplane	HOLDS	
docs/build/CURRENT_SYSTEM_INVENTORY.md	546	path	internal/activity	ls internal/activity	HOLDS	
docs/build/CURRENT_SYSTEM_INVENTORY.md	546	path	internal/agents	ls internal/agents	HOLDS	
docs/build/CURRENT_SYSTEM_INVENTORY.md	546	path	internal/notifications	ls internal/notifications	HOLDS	
docs/build/CURRENT_SYSTEM_INVENTORY.md	547	path	internal/eligibility	ls internal/eligibility	HOLDS	
docs/build/CURRENT_SYSTEM_INVENTORY.md	547	path	internal/payout	ls internal/payout	HOLDS	
docs/build/CURRENT_SYSTEM_INVENTORY.md	547	path	internal/profile	ls internal/profile	HOLDS	
docs/build/CURRENT_SYSTEM_INVENTORY.md	548	path	cmd/api	ls cmd/api	HOLDS	
docs/build/CURRENT_SYSTEM_INVENTORY.md	548	path	internal/verification	ls internal/verification	HOLDS	
docs/build/CURRENT_SYSTEM_INVENTORY.md	554	route	GET /v1/me/activity	grep the api.gen.go route table	HOLDS	
docs/build/CURRENT_SYSTEM_INVENTORY.md	555	path	cmd/api	ls cmd/api	HOLDS	
docs/build/CURRENT_SYSTEM_INVENTORY.md	555	route	GET /v1/me/notifications	grep the api.gen.go route table	HOLDS	
docs/build/CURRENT_SYSTEM_INVENTORY.md	556	route	POST /v1/payouts	grep the api.gen.go route table	HOLDS	
docs/build/CURRENT_SYSTEM_INVENTORY.md	556	route	POST /v1/payouts/quote	grep the api.gen.go route table	HOLDS	
docs/build/CURRENT_SYSTEM_INVENTORY.md	557	route	GET /v1/me/eligibility	grep the api.gen.go route table	HOLDS	
docs/build/CURRENT_SYSTEM_INVENTORY.md	565	path	cmd/api	ls cmd/api	HOLDS	
docs/build/CURRENT_SYSTEM_INVENTORY.md	579	path	scripts/seedeconomy	ls scripts/seedeconomy	HOLDS	
docs/build/CURRENT_SYSTEM_INVENTORY.md	586	testname	TestIntegration_BootingTwiceCreatesEverythingOnceOnASandboxTier	grep for func TestIntegration_BootingTwiceCreatesEverythingOnceOnASandboxTier over *_test.go	HOLDS	
docs/build/CURRENT_SYSTEM_INVENTORY.md	604	path	cmd/api	ls cmd/api	HOLDS	
docs/build/CURRENT_SYSTEM_INVENTORY.md	637	path	internal/errs	ls internal/errs	HOLDS	
docs/build/CURRENT_SYSTEM_INVENTORY.md	637	path	internal/httpapi	ls internal/httpapi	HOLDS	
docs/build/CURRENT_SYSTEM_INVENTORY.md	637	path	internal/ratelimit	ls internal/ratelimit	HOLDS	
docs/build/CURRENT_SYSTEM_INVENTORY.md	638	path	internal/compliance	ls internal/compliance	HOLDS	
docs/build/CURRENT_SYSTEM_INVENTORY.md	638	path	internal/notifications	ls internal/notifications	HOLDS	
docs/build/CURRENT_SYSTEM_INVENTORY.md	638	path	internal/verification	ls internal/verification	HOLDS	
docs/build/CURRENT_SYSTEM_INVENTORY.md	639	path	cmd/api	ls cmd/api	HOLDS	
docs/build/CURRENT_SYSTEM_INVENTORY.md	666	route	GET /v1/credits/pricing	grep the api.gen.go route table	HOLDS	
docs/build/CURRENT_SYSTEM_INVENTORY.md	667	route	GET /v1/credits/balance	grep the api.gen.go route table	HOLDS	
docs/build/CURRENT_SYSTEM_INVENTORY.md	667	route	GET /v1/me/portfolio	grep the api.gen.go route table	HOLDS	
docs/build/CURRENT_SYSTEM_INVENTORY.md	668	route	GET /v1/payments/{id}	grep the api.gen.go route table	HOLDS	
docs/build/CURRENT_SYSTEM_INVENTORY.md	668	route	POST /v1/payments	grep the api.gen.go route table	HOLDS	
docs/build/CURRENT_SYSTEM_INVENTORY.md	670	route	POST /v1/payments	grep the api.gen.go route table	HOLDS	
docs/build/CURRENT_SYSTEM_INVENTORY.md	682	path	internal/capacity	ls internal/capacity	HOLDS	
docs/build/CURRENT_SYSTEM_INVENTORY.md	682	path	internal/credit	ls internal/credit	HOLDS	
docs/build/CURRENT_SYSTEM_INVENTORY.md	682	path	internal/valuedomain	ls internal/valuedomain	HOLDS	
docs/build/CURRENT_SYSTEM_INVENTORY.md	683	path	cmd/api	ls cmd/api	HOLDS	
docs/build/CURRENT_SYSTEM_INVENTORY.md	683	path	internal/httpapi	ls internal/httpapi	HOLDS	
docs/build/CURRENT_SYSTEM_INVENTORY.md	683	path	internal/provider/stripecredit	ls internal/provider/stripecredit	HOLDS	
docs/build/CURRENT_SYSTEM_INVENTORY.md	684	path	apps/web	ls apps/web	HOLDS	
docs/build/CURRENT_SYSTEM_INVENTORY.md	684	path	cmd/reconciliation-worker	ls cmd/reconciliation-worker	HOLDS	
docs/build/CURRENT_SYSTEM_INVENTORY.md	695	path	cmd/api	ls cmd/api	HOLDS	
docs/build/CURRENT_SYSTEM_INVENTORY.md	703	path	cmd/reconciliation-worker	ls cmd/reconciliation-worker	HOLDS	
docs/build/CURRENT_SYSTEM_INVENTORY.md	713	route	POST /v1/payment_intents/:id/cancel	grep the api.gen.go route table	UNCHECKABLE	Stripe's own API, not Nodal's
docs/build/DECISION_REGISTER.md	30	path	cmd/{api,execution-worker,reconciliation-worker,market-ingest-worker,agent-worker,workflow-worker,audit-worker,migrate}	ls cmd/{api,execution-worker,reconciliation-worker,market-ingest-worker,agent-worker,workflow-worker,audit-worker,migrate}	HOLDS	
docs/build/DECISION_REGISTER.md	43	path	cmd/migrate	ls cmd/migrate	HOLDS	
docs/build/DECISION_REGISTER.md	49	path	internal/auth	ls internal/auth	HOLDS	
docs/build/DECISION_REGISTER.md	72	path	apps/web	ls apps/web	HOLDS	
docs/build/DECISION_REGISTER.md	72	path	openapi/openapi.yaml	ls openapi/openapi.yaml	HOLDS	
docs/build/DECISION_REGISTER.md	72	path	packages/generated-client	ls packages/generated-client	HOLDS	
docs/build/DECISION_REGISTER.md	76	path	test/contract	ls test/contract	HOLDS	
docs/build/DECISION_REGISTER.md	76	path	test/integration	ls test/integration	HOLDS	
docs/build/DECISION_REGISTER.md	81	path	internal/auth/oidc	ls internal/auth/oidc	HOLDS	
docs/build/DECISION_REGISTER.md	85	path	internal/auth/oidc	ls internal/auth/oidc	HOLDS	
docs/build/DECISION_REGISTER.md	85	testname	FuzzVerifyNeverPanics	grep for func FuzzVerifyNeverPanics over *_test.go	HOLDS	
docs/build/DECISION_REGISTER.md	99	path	test/integration/migrations/privileges_test.go	ls test/integration/migrations/privileges_test.go	HOLDS	
docs/build/DECISION_REGISTER.md	100	path	docker/postgres/init/001_roles.sql	ls docker/postgres/init/001_roles.sql	HOLDS	
docs/build/DECISION_REGISTER.md	100	path	scripts/testdb	ls scripts/testdb	HOLDS	
docs/build/DECISION_REGISTER.md	134	path	internal/admin	ls internal/admin	HOLDS	
docs/build/DECISION_REGISTER.md	135	gosymbol	internal/capital.EnvelopeAdmin	go symbol selector, not a path	UNCHECKABLE	
docs/build/DECISION_REGISTER.md	141	gosymbol	internal/event/topics.go	go symbol selector, not a path	UNCHECKABLE	
docs/build/DECISION_REGISTER.md	141	testname	TestProp_LegalWalksNeverReachForbiddenState	grep for func TestProp_LegalWalksNeverReachForbiddenState over *_test.go	HOLDS	
docs/build/DECISION_REGISTER.md	145	path	internal/chain	ls internal/chain	HOLDS	
docs/build/DECISION_REGISTER.md	151	testname	TestIntegration_RelayRetriesWithBackoff	grep for func TestIntegration_RelayRetriesWithBackoff over *_test.go	FAILS	
docs/build/DECISION_REGISTER.md	155	gosymbol	internal/chain.AgreementPolicy	go symbol selector, not a path	UNCHECKABLE	
docs/build/DECISION_REGISTER.md	164	path	internal/capital	ls internal/capital	HOLDS	
docs/build/DECISION_REGISTER.md	164	path	internal/event	ls internal/event	HOLDS	
docs/build/DECISION_REGISTER.md	165	path	internal/event/topics_test.go	ls internal/event/topics_test.go	HOLDS	
docs/build/DECISION_REGISTER.md	166	path	test/contract/eventtopics	ls test/contract/eventtopics	HOLDS	
docs/build/DECISION_REGISTER.md	168	gosymbol	internal/stream/hub.go	go symbol selector, not a path	UNCHECKABLE	
docs/build/DECISION_REGISTER.md	173	path	internal/config	ls internal/config	HOLDS	
docs/build/DECISION_REGISTER.md	173	path	internal/db	ls internal/db	HOLDS	
docs/build/DECISION_REGISTER.md	181	path	openapi/openapi.yaml	ls openapi/openapi.yaml	HOLDS	
docs/build/DECISION_REGISTER.md	188	gosymbol	internal/httpapi.validateIdempotencyKey	go symbol selector, not a path	UNCHECKABLE	
docs/build/DECISION_REGISTER.md	198	gosymbol	internal/httpapi/canonicalid.go	go symbol selector, not a path	UNCHECKABLE	
docs/build/DECISION_REGISTER.md	205	path	internal/intent	ls internal/intent	HOLDS	
docs/build/DECISION_REGISTER.md	205	testname	TestIdempotency_KeysAreScopedPerPrincipal	grep for func TestIdempotency_KeysAreScopedPerPrincipal over *_test.go	HOLDS	
docs/build/DECISION_REGISTER.md	212	testname	TestIntegration_ConcurrentRelaysPublishExactlyOnceAndInPartitionOrder	grep for func TestIntegration_ConcurrentRelaysPublishExactlyOnceAndInPartitionOrder over *_test.go	HOLDS	
docs/build/DECISION_REGISTER.md	212	testname	TestIntegration_OrderingSurvivesConcurrentRelaysAndAMidPartitionFailure	grep for func TestIntegration_OrderingSurvivesConcurrentRelaysAndAMidPartitionFailure over *_test.go	HOLDS	
docs/build/DECISION_REGISTER.md	218	path	internal/event	ls internal/event	HOLDS	
docs/build/DECISION_REGISTER.md	218	testname	TestIntegration_TwoRelaysNeverDoublePublish	grep for func TestIntegration_TwoRelaysNeverDoublePublish over *_test.go	HOLDS	
docs/build/DECISION_REGISTER.md	220	path	internal/event	ls internal/event	HOLDS	
docs/build/DECISION_REGISTER.md	220	testname	TestIntegration_RelayNeverPublishesPastARowHeldByAnotherInstance	grep for func TestIntegration_RelayNeverPublishesPastARowHeldByAnotherInstance over *_test.go	HOLDS	
docs/build/DECISION_REGISTER.md	221	path	internal/event	ls internal/event	HOLDS	
docs/build/DECISION_REGISTER.md	239	path	scripts/seed	ls scripts/seed	HOLDS	
docs/build/DECISION_REGISTER.md	242	path	internal/ledger	ls internal/ledger	HOLDS	
docs/build/DECISION_REGISTER.md	244	path	scripts/seed	ls scripts/seed	HOLDS	
docs/build/DECISION_REGISTER.md	248	path	internal/reality/redpandabus	ls internal/reality/redpandabus	HOLDS	
docs/build/DECISION_REGISTER.md	261	path	internal/chain	ls internal/chain	HOLDS	
docs/build/DECISION_REGISTER.md	261	path	test/contract/solanarpc	ls test/contract/solanarpc	HOLDS	
docs/build/DECISION_REGISTER.md	261	path	test/contract/stripe	ls test/contract/stripe	HOLDS	
docs/build/DECISION_REGISTER.md	262	path	internal/chain	ls internal/chain	HOLDS	
docs/build/DECISION_REGISTER.md	262	path	internal/provider/jupiter	ls internal/provider/jupiter	HOLDS	
docs/build/DECISION_REGISTER.md	262	path	test/contract/jupiter	ls test/contract/jupiter	HOLDS	
docs/build/DECISION_REGISTER.md	262	path	test/contract/solanarpc	ls test/contract/solanarpc	HOLDS	
docs/build/DECISION_REGISTER.md	262	path	test/contract/stripe	ls test/contract/stripe	HOLDS	
docs/build/DECISION_REGISTER.md	263	path	internal/db	ls internal/db	HOLDS	
docs/build/DECISION_REGISTER.md	263	path	internal/provider/solanarpc	ls internal/provider/solanarpc	HOLDS	
docs/build/DECISION_REGISTER.md	285	testname	TestIntegration_KeyRotation	grep for func TestIntegration_KeyRotation over *_test.go	HOLDS	
docs/build/DECISION_REGISTER.md	287	path	internal/gates	ls internal/gates	HOLDS	
docs/build/DECISION_REGISTER.md	289	path	docs/compliance-gates/PRODUCTION_GATES.md	ls docs/compliance-gates/PRODUCTION_GATES.md	HOLDS	
docs/build/DECISION_REGISTER.md	289	path	internal/httpapi	ls internal/httpapi	HOLDS	
docs/build/DECISION_REGISTER.md	295	path	internal/gates	ls internal/gates	HOLDS	
docs/build/DECISION_REGISTER.md	298	path	internal/gates	ls internal/gates	HOLDS	
docs/build/DECISION_REGISTER.md	298	path	test/integration/migrations	ls test/integration/migrations	HOLDS	
docs/build/DECISION_REGISTER.md	298	testname	TestIntegration_CapabilityGateStateAuthority	grep for func TestIntegration_CapabilityGateStateAuthority over *_test.go	HOLDS	
docs/build/DECISION_REGISTER.md	298	testname	TestIntegration_DatabaseRefusesForgedActivation	grep for func TestIntegration_DatabaseRefusesForgedActivation over *_test.go	HOLDS	
docs/build/DECISION_REGISTER.md	310	path	internal/agent	ls internal/agent	HOLDS	
docs/build/DECISION_REGISTER.md	310	testname	TestIntegration_ABareStageUpdateIsRefused	grep for func TestIntegration_ABareStageUpdateIsRefused over *_test.go	HOLDS	
docs/build/DECISION_REGISTER.md	310	testname	TestIntegration_APromotionCannotBeLicensedByARowThatDeniesIt	grep for func TestIntegration_APromotionCannotBeLicensedByARowThatDeniesIt over *_test.go	HOLDS	
docs/build/DECISION_REGISTER.md	310	testname	TestIntegration_AStageChangeWithAnHonestRowIsAccepted	grep for func TestIntegration_AStageChangeWithAnHonestRowIsAccepted over *_test.go	HOLDS	
docs/build/DECISION_REGISTER.md	312	path	internal/agent	ls internal/agent	HOLDS	
docs/build/DECISION_REGISTER.md	319	path	cmd/api	ls cmd/api	HOLDS	
docs/build/DECISION_REGISTER.md	321	path	internal/identity	ls internal/identity	HOLDS	
docs/build/DECISION_REGISTER.md	321	testname	TestIntegration_ExpiredLoginAttemptsArePurged	grep for func TestIntegration_ExpiredLoginAttemptsArePurged over *_test.go	HOLDS	
docs/build/DECISION_REGISTER.md	321	testname	TestIntegration_ThePurgeRefusesTooShortARetention	grep for func TestIntegration_ThePurgeRefusesTooShortARetention over *_test.go	HOLDS	
docs/build/DECISION_REGISTER.md	328	path	internal/capacity	ls internal/capacity	HOLDS	
docs/build/DECISION_REGISTER.md	329	path	cmd/api	ls cmd/api	HOLDS	
docs/build/DECISION_REGISTER.md	332	path	scripts/configcheck	ls scripts/configcheck	HOLDS	
docs/build/DECISION_REGISTER.md	333	testname	TestIntegration_SettlementDrainsTheMoneyAtRiskCeiling	grep for func TestIntegration_SettlementDrainsTheMoneyAtRiskCeiling over *_test.go	HOLDS	
docs/build/DECISION_REGISTER.md	342	testname	TestRateLimitKeyDistinguishesCallersBehindAProxy	grep for func TestRateLimitKeyDistinguishesCallersBehindAProxy over *_test.go	HOLDS	
docs/build/DECISION_REGISTER.md	346	gosymbol	internal/auth/identity.go	go symbol selector, not a path	UNCHECKABLE	
docs/build/DECISION_REGISTER.md	351	path	test/security	ls test/security	HOLDS	
docs/build/DECISION_REGISTER.md	355	path	cmd/reconciliation-worker	ls cmd/reconciliation-worker	HOLDS	
docs/build/DECISION_REGISTER.md	360	testname	TestIntegration_ConcurrentPurchasesCannotAllPassOneCeiling	grep for func TestIntegration_ConcurrentPurchasesCannotAllPassOneCeiling over *_test.go	HOLDS	
docs/build/DECISION_REGISTER.md	365	path	internal/pii	ls internal/pii	HOLDS	
docs/build/DECISION_REGISTER.md	369	path	internal/pii	ls internal/pii	HOLDS	
docs/build/DECISION_REGISTER.md	369	testname	TestIntegration_ApplicationRolePrivileges	grep for func TestIntegration_ApplicationRolePrivileges over *_test.go	HOLDS	
docs/build/DECISION_REGISTER.md	369	testname	TestIntegration_ExpiredSessionsArePurgedAsOps	grep for func TestIntegration_ExpiredSessionsArePurgedAsOps over *_test.go	HOLDS	
docs/build/DECISION_REGISTER.md	369	testname	TestIntegration_Login_StoresTheVerifiedEmailEncrypted	grep for func TestIntegration_Login_StoresTheVerifiedEmailEncrypted over *_test.go	HOLDS	
docs/build/DECISION_REGISTER.md	369	testname	TestPII_OnlyTheEncryptingStoreWritesPersonalData	grep for func TestPII_OnlyTheEncryptingStoreWritesPersonalData over *_test.go	HOLDS	
docs/build/DECISION_REGISTER.md	377	path	docs/operations/IDENTITY_PROVIDER.md	ls docs/operations/IDENTITY_PROVIDER.md	HOLDS	
docs/build/DECISION_REGISTER.md	377	path	docs/operations/LAUNCH_TIER.md	ls docs/operations/LAUNCH_TIER.md	HOLDS	
docs/build/DECISION_REGISTER.md	382	path	internal/provider/payoutsandbox	ls internal/provider/payoutsandbox	HOLDS	
docs/build/DECISION_REGISTER.md	384	path	test/infra	ls test/infra	HOLDS	
docs/build/DECISION_REGISTER.md	385	gosymbol	cmd/api/sandboxtier.go	go symbol selector, not a path	UNCHECKABLE	
docs/build/DECISION_REGISTER.md	385	path	internal/config	ls internal/config	HOLDS	
docs/build/DECISION_REGISTER.md	385	path	internal/gates/sandbox*.go	ls internal/gates/sandbox*.go	HOLDS	
docs/build/DECISION_REGISTER.md	385	path	internal/legalrouter/sandbox_test.go	ls internal/legalrouter/sandbox_test.go	HOLDS	
docs/build/DECISION_REGISTER.md	385	path	internal/valuedomain/sandboxpolicy_test.go	ls internal/valuedomain/sandboxpolicy_test.go	HOLDS	
docs/build/DECISION_REGISTER.md	385	path	test/integration/enums	ls test/integration/enums	HOLDS	
docs/build/DECISION_REGISTER.md	385	testname	TestValidate_	grep for func TestValidate_ over *_test.go	HOLDS	
docs/build/DECISION_REGISTER.md	390	path	internal/eligibility	ls internal/eligibility	HOLDS	
docs/build/DECISION_REGISTER.md	391	path	internal/compliance	ls internal/compliance	HOLDS	
docs/build/DECISION_REGISTER.md	391	path	internal/verification	ls internal/verification	HOLDS	
docs/build/DECISION_REGISTER.md	391	path	test/integration/enums	ls test/integration/enums	HOLDS	
docs/build/DECISION_REGISTER.md	391	testname	TestVerificationStatesAgreeAcrossPackages	grep for func TestVerificationStatesAgreeAcrossPackages over *_test.go	HOLDS	
docs/build/DECISION_REGISTER.md	392	path	internal/verification	ls internal/verification	HOLDS	
docs/build/DECISION_REGISTER.md	392	path	test/integration/enums	ls test/integration/enums	HOLDS	
docs/build/DECISION_REGISTER.md	392	testname	TestStateMachine_EveryEdgeIsTheOneIntended	grep for func TestStateMachine_EveryEdgeIsTheOneIntended over *_test.go	HOLDS	
docs/build/DECISION_REGISTER.md	397	path	internal/verification/rules	ls internal/verification/rules	HOLDS	
docs/build/DECISION_REGISTER.md	401	path	internal/verification/rules/rules_test.go	ls internal/verification/rules/rules_test.go	HOLDS	
docs/build/DECISION_REGISTER.md	401	testname	TestAge_ThresholdsOnlyEverRise	grep for func TestAge_ThresholdsOnlyEverRise over *_test.go	HOLDS	
docs/build/DECISION_REGISTER.md	401	testname	TestAge_UnknownIsNotAPass	grep for func TestAge_UnknownIsNotAPass over *_test.go	HOLDS	
docs/build/DECISION_REGISTER.md	401	testname	TestCapabilities_SupportsOnlyWhatItCanActuallyDo	grep for func TestCapabilities_SupportsOnlyWhatItCanActuallyDo over *_test.go	HOLDS	
docs/build/DECISION_REGISTER.md	409	path	internal/verification/rules	ls internal/verification/rules	HOLDS	
docs/build/DECISION_REGISTER.md	409	testname	TestIntegration_AnUnofferedJurisdictionIsRefusedBeforeAnythingStarts	grep for func TestIntegration_AnUnofferedJurisdictionIsRefusedBeforeAnythingStarts over *_test.go	HOLDS	
docs/build/DECISION_REGISTER.md	415	path	test/integration/enums	ls test/integration/enums	HOLDS	
docs/build/DECISION_REGISTER.md	417	path	test/reachability	ls test/reachability	HOLDS	
docs/build/DECISION_REGISTER.md	418	testname	TestDestinationLifecycle_EveryEdgeIsTheOneIntended	grep for func TestDestinationLifecycle_EveryEdgeIsTheOneIntended over *_test.go	HOLDS	
docs/build/DECISION_REGISTER.md	418	testname	TestIntegration_ADestinationStatusIsNotTheApplicationsToWrite	grep for func TestIntegration_ADestinationStatusIsNotTheApplicationsToWrite over *_test.go	HOLDS	
docs/build/DECISION_REGISTER.md	418	testname	TestIntegration_DestinationLifecycleAndWhoMayMoveIt	grep for func TestIntegration_DestinationLifecycleAndWhoMayMoveIt over *_test.go	HOLDS	
docs/build/DECISION_REGISTER.md	427	path	internal/verification	ls internal/verification	HOLDS	
docs/build/DECISION_REGISTER.md	427	testname	TestLevelFrom_EarnsTheLevelFromEvidence	grep for func TestLevelFrom_EarnsTheLevelFromEvidence over *_test.go	HOLDS	
docs/build/DECISION_REGISTER.md	432	route	POST /v1/payouts	grep the api.gen.go route table	HOLDS	
docs/build/DECISION_REGISTER.md	437	path	internal/payout	ls internal/payout	HOLDS	
docs/build/DECISION_REGISTER.md	437	testname	TestIntegration_AQuoteMustMatchTheRequestItFunds	grep for func TestIntegration_AQuoteMustMatchTheRequestItFunds over *_test.go	HOLDS	
docs/build/DECISION_REGISTER.md	437	testname	TestIntegration_AQuoteStandsAndIsSpentOnce	grep for func TestIntegration_AQuoteStandsAndIsSpentOnce over *_test.go	HOLDS	
docs/build/DECISION_REGISTER.md	437	testname	TestIntegration_AnExpiredQuoteRefusesThePayout	grep for func TestIntegration_AnExpiredQuoteRefusesThePayout over *_test.go	HOLDS	
docs/build/DECISION_REGISTER.md	437	testname	TestQuoteFee_AnUnpublishedModelIsNotAFreeOne	grep for func TestQuoteFee_AnUnpublishedModelIsNotAFreeOne over *_test.go	HOLDS	
docs/build/DECISION_REGISTER.md	437	testname	TestQuote_ExpiryAndUsability	grep for func TestQuote_ExpiryAndUsability over *_test.go	HOLDS	
docs/build/DECISION_REGISTER.md	440	path	internal/valuedomain	ls internal/valuedomain	HOLDS	
docs/build/DECISION_REGISTER.md	441	route	GET /v1/me/portfolio	grep the api.gen.go route table	HOLDS	
docs/build/DECISION_REGISTER.md	444	gosymbol	internal/nativemarket/positions.go	go symbol selector, not a path	UNCHECKABLE	
docs/build/DECISION_REGISTER.md	444	testname	TestIntegration_APositionCannotBeWrittenByTheApplication	grep for func TestIntegration_APositionCannotBeWrittenByTheApplication over *_test.go	HOLDS	
docs/build/DECISION_REGISTER.md	444	testname	TestIntegration_PositionsAgreeWithTheGoStatementOfTheArithmetic	grep for func TestIntegration_PositionsAgreeWithTheGoStatementOfTheArithmetic over *_test.go	HOLDS	
docs/build/DECISION_REGISTER.md	444	testname	TestIntegration_PositionsReconcileAgainstTheLedger	grep for func TestIntegration_PositionsReconcileAgainstTheLedger over *_test.go	HOLDS	
docs/build/DECISION_REGISTER.md	444	testname	TestIntegration_TheCreatorAllocationIsPartOfTheirPosition	grep for func TestIntegration_TheCreatorAllocationIsPartOfTheirPosition over *_test.go	HOLDS	
docs/build/DECISION_REGISTER.md	444	testname	TestProp_PositionQuantityIsAlwaysTheSumOfItsFills	grep for func TestProp_PositionQuantityIsAlwaysTheSumOfItsFills over *_test.go	HOLDS	
docs/build/DECISION_REGISTER.md	452	gosymbol	internal/nativemarket/prints.go	go symbol selector, not a path	UNCHECKABLE	
docs/build/DECISION_REGISTER.md	452	testname	TestCandleRequest_TheWindowIsBounded	grep for func TestCandleRequest_TheWindowIsBounded over *_test.go	HOLDS	
docs/build/DECISION_REGISTER.md	452	testname	TestIntegration_APrintThatDisagreesWithItsFillIsRefused	grep for func TestIntegration_APrintThatDisagreesWithItsFillIsRefused over *_test.go	HOLDS	
docs/build/DECISION_REGISTER.md	452	testname	TestIntegration_CandlesMatchHandComputedFixtures	grep for func TestIntegration_CandlesMatchHandComputedFixtures over *_test.go	HOLDS	
docs/build/DECISION_REGISTER.md	457	path	scripts/marketsafety	ls scripts/marketsafety	HOLDS	
docs/build/DECISION_REGISTER.md	458	gosymbol	internal/nativemarket/doc.go	go symbol selector, not a path	UNCHECKABLE	
docs/build/DECISION_REGISTER.md	458	testname	TestIntegration_SurveillanceRaisesAlertsWithoutBlocking	grep for func TestIntegration_SurveillanceRaisesAlertsWithoutBlocking over *_test.go	HOLDS	
docs/build/DECISION_REGISTER.md	459	path	scripts/marketsafety	ls scripts/marketsafety	HOLDS	
docs/build/DECISION_REGISTER.md	460	gosymbol	internal/nativemarket/safety.go	go symbol selector, not a path	UNCHECKABLE	
docs/build/DECISION_REGISTER.md	460	path	scripts/marketsafety	ls scripts/marketsafety	HOLDS	
docs/build/DECISION_REGISTER.md	460	testname	TestCheckOpeningLiquidity_AtTheBoundary	grep for func TestCheckOpeningLiquidity_AtTheBoundary over *_test.go	HOLDS	
docs/build/DECISION_REGISTER.md	460	testname	TestCheckSafety_CreatorSelfBuyIsAPolicyChoice	grep for func TestCheckSafety_CreatorSelfBuyIsAPolicyChoice over *_test.go	HOLDS	
docs/build/DECISION_REGISTER.md	460	testname	TestCheckSafety_EachLimitAtItsBoundary	grep for func TestCheckSafety_EachLimitAtItsBoundary over *_test.go	HOLDS	
docs/build/DECISION_REGISTER.md	460	testname	TestIntegration_TheBreakerDoesNotTripOnAMoveOutsideItsWindow	grep for func TestIntegration_TheBreakerDoesNotTripOnAMoveOutsideItsWindow over *_test.go	HOLDS	
docs/build/DECISION_REGISTER.md	460	testname	TestIntegration_TheCircuitBreakerPausesToCloseOnly	grep for func TestIntegration_TheCircuitBreakerPausesToCloseOnly over *_test.go	HOLDS	
docs/build/DECISION_REGISTER.md	460	testname	TestIntegration_TheSafetyPolicyRefusesWhatItSaysItRefuses	grep for func TestIntegration_TheSafetyPolicyRefusesWhatItSaysItRefuses over *_test.go	HOLDS	
docs/build/DECISION_REGISTER.md	464	route	GET /v1/accounts/{accountId}/activity	grep the api.gen.go route table	HOLDS	
docs/build/DECISION_REGISTER.md	465	path	internal/activity	ls internal/activity	HOLDS	
docs/build/DECISION_REGISTER.md	466	path	internal/activity	ls internal/activity	HOLDS	
docs/build/DECISION_REGISTER.md	467	testname	TestEveryKindHasASource	grep for func TestEveryKindHasASource over *_test.go	HOLDS	
docs/build/DECISION_REGISTER.md	467	testname	TestEveryKindHasASummaryTemplate	grep for func TestEveryKindHasASummaryTemplate over *_test.go	HOLDS	
docs/build/DECISION_REGISTER.md	467	testname	TestSQLInjection_EveryStatementIsBuiltFromConstants	grep for func TestSQLInjection_EveryStatementIsBuiltFromConstants over *_test.go	HOLDS	
docs/build/DECISION_REGISTER.md	468	path	internal/activity/{doc,activity,sources,feed,summary}.go	ls internal/activity/{doc,activity,sources,feed,summary}.go	HOLDS	
docs/build/DECISION_REGISTER.md	468	path	internal/httpapi/wiring_markets.go	ls internal/httpapi/wiring_markets.go	HOLDS	
docs/build/DECISION_REGISTER.md	468	testname	TestIntegration_TheActivityFeedSeesWhatTheSeederDid	grep for func TestIntegration_TheActivityFeedSeesWhatTheSeederDid over *_test.go	HOLDS	
docs/build/DECISION_REGISTER.md	472	path	internal/nativemarket	ls internal/nativemarket	HOLDS	
docs/build/DECISION_REGISTER.md	472	path	scripts/riskpolicy	ls scripts/riskpolicy	HOLDS	
docs/build/DECISION_REGISTER.md	473	path	cmd/api	ls cmd/api	HOLDS	
docs/build/DECISION_REGISTER.md	473	path	scripts/riskpolicy	ls scripts/riskpolicy	HOLDS	
docs/build/DECISION_REGISTER.md	476	gosymbol	cmd/api/marketsurfaces.go	go symbol selector, not a path	UNCHECKABLE	
docs/build/DECISION_REGISTER.md	476	gosymbol	internal/risk/store.go	go symbol selector, not a path	UNCHECKABLE	
docs/build/DECISION_REGISTER.md	476	path	scripts/riskpolicy	ls scripts/riskpolicy	HOLDS	
docs/build/DECISION_REGISTER.md	481	path	cmd/api	ls cmd/api	HOLDS	
docs/build/DECISION_REGISTER.md	481	path	internal/demo	ls internal/demo	HOLDS	
docs/build/DECISION_REGISTER.md	481	path	scripts/demodata	ls scripts/demodata	HOLDS	
docs/build/DECISION_REGISTER.md	484	gosymbol	cmd/api/marketsurfaces.go	go symbol selector, not a path	UNCHECKABLE	
docs/build/DECISION_REGISTER.md	484	path	internal/demo	ls internal/demo	HOLDS	
docs/build/DECISION_REGISTER.md	484	path	scripts/demodata	ls scripts/demodata	HOLDS	
docs/build/DECISION_REGISTER.md	484	testname	TestIntegration_DemoCreditsCanBeSpentAndCanNeverLeave	grep for func TestIntegration_DemoCreditsCanBeSpentAndCanNeverLeave over *_test.go	HOLDS	
docs/build/DECISION_REGISTER.md	484	testname	TestIntegration_SeedingIsIdempotentAndEverythingItMakesIsLabelled	grep for func TestIntegration_SeedingIsIdempotentAndEverythingItMakesIsLabelled over *_test.go	HOLDS	
docs/build/DECISION_REGISTER.md	484	testname	TestIntegration_TheSeederRefusesWhereItMustRefuse	grep for func TestIntegration_TheSeederRefusesWhereItMustRefuse over *_test.go	HOLDS	
docs/build/DECISION_REGISTER.md	490	path	internal/terms	ls internal/terms	HOLDS	
docs/build/DECISION_REGISTER.md	491	path	internal/terms	ls internal/terms	HOLDS	
docs/build/DECISION_REGISTER.md	491	path	test/integration/enums	ls test/integration/enums	HOLDS	
docs/build/DECISION_REGISTER.md	491	testname	TestBuildTermsView_AcceptanceCountsOnlyAtTheCurrentBytes	grep for func TestBuildTermsView_AcceptanceCountsOnlyAtTheCurrentBytes over *_test.go	HOLDS	
docs/build/DECISION_REGISTER.md	491	testname	TestIntegration_Profile_AStepCannotBeRestampedOrBornFinished	grep for func TestIntegration_Profile_AStepCannotBeRestampedOrBornFinished over *_test.go	HOLDS	
docs/build/DECISION_REGISTER.md	491	testname	TestIntegration_Terms_AStaleHashIsOutstandingAgain	grep for func TestIntegration_Terms_AStaleHashIsOutstandingAgain over *_test.go	HOLDS	
docs/build/DECISION_REGISTER.md	491	testname	TestIntegration_Terms_AcceptanceCompletesOnboardingAndIsIdempotent	grep for func TestIntegration_Terms_AcceptanceCompletesOnboardingAndIsIdempotent over *_test.go	HOLDS	
docs/build/DECISION_REGISTER.md	491	testname	TestRegistry_	grep for func TestRegistry_ over *_test.go	HOLDS	
docs/build/DECISION_REGISTER.md	496	route	GET /v1/me/security	grep the api.gen.go route table	HOLDS	
docs/build/DECISION_REGISTER.md	498	route	GET /v1/me/account	grep the api.gen.go route table	HOLDS	
docs/build/DECISION_REGISTER.md	499	gosymbol	internal/httpapi/authz.go	go symbol selector, not a path	UNCHECKABLE	
docs/build/DECISION_REGISTER.md	499	testname	TestIntegration_UserStatus_MovesOnlyThroughATransitionRow	grep for func TestIntegration_UserStatus_MovesOnlyThroughATransitionRow over *_test.go	HOLDS	
docs/build/DECISION_REGISTER.md	499	testname	TestProfile_ACustomerCannotReachTheSupportView	grep for func TestProfile_ACustomerCannotReachTheSupportView over *_test.go	HOLDS	
docs/build/DECISION_REGISTER.md	499	testname	TestProfile_NoSelfServiceRouteTakesAnIdentifier	grep for func TestProfile_NoSelfServiceRouteTakesAnIdentifier over *_test.go	HOLDS	
docs/build/DECISION_REGISTER.md	504	route	POST /v1/me/account/close	grep the api.gen.go route table	HOLDS	
docs/build/DECISION_REGISTER.md	504	route	POST /v1/me/account/close/cancel	grep the api.gen.go route table	HOLDS	
docs/build/DECISION_REGISTER.md	506	testname	TestIntegration_Closure_EffectingClosesTheUserTheAccountsAndTheSessions	grep for func TestIntegration_Closure_EffectingClosesTheUserTheAccountsAndTheSessions over *_test.go	HOLDS	
docs/build/DECISION_REGISTER.md	507	gosymbol	internal/profile/closure.go	go symbol selector, not a path	UNCHECKABLE	
docs/build/DECISION_REGISTER.md	507	testname	TestClosureStateMachine_EveryPair	grep for func TestClosureStateMachine_EveryPair over *_test.go	HOLDS	
docs/build/DECISION_REGISTER.md	507	testname	TestIntegration_Closure_AnOperatorCannotDecideTheirOwnRequest	grep for func TestIntegration_Closure_AnOperatorCannotDecideTheirOwnRequest over *_test.go	HOLDS	
docs/build/DECISION_REGISTER.md	507	testname	TestIntegration_Closure_CannotBeEffectedBeforeTheCoolingOffPeriod	grep for func TestIntegration_Closure_CannotBeEffectedBeforeTheCoolingOffPeriod over *_test.go	HOLDS	
docs/build/DECISION_REGISTER.md	507	testname	TestIntegration_Closure_RequestWaitsAndCanBeCancelled	grep for func TestIntegration_Closure_RequestWaitsAndCanBeCancelled over *_test.go	HOLDS	
docs/build/DECISION_REGISTER.md	507	testname	TestProfile_CancellingAClosureDoesNotRequireStepUp	grep for func TestProfile_CancellingAClosureDoesNotRequireStepUp over *_test.go	HOLDS	
docs/build/DECISION_REGISTER.md	507	testname	TestProfile_ClosureRequestRequiresStepUp	grep for func TestProfile_ClosureRequestRequiresStepUp over *_test.go	HOLDS	
docs/build/DECISION_REGISTER.md	513	path	internal/identity	ls internal/identity	HOLDS	
docs/build/DECISION_REGISTER.md	515	gosymbol	internal/identity/bootstrap.go	go symbol selector, not a path	UNCHECKABLE	
docs/build/DECISION_REGISTER.md	515	path	internal/config	ls internal/config	HOLDS	
docs/build/DECISION_REGISTER.md	515	path	internal/operatorroles	ls internal/operatorroles	HOLDS	
docs/build/DECISION_REGISTER.md	515	testname	TestBootstrap_APrincipalWithEveryRoleCannotActivateAGateAlone	grep for func TestBootstrap_APrincipalWithEveryRoleCannotActivateAGateAlone over *_test.go	HOLDS	
docs/build/DECISION_REGISTER.md	515	testname	TestBootstrap_APrincipalWithEveryRoleStillCannotApproveItsOwnProposal	grep for func TestBootstrap_APrincipalWithEveryRoleStillCannotApproveItsOwnProposal over *_test.go	HOLDS	
docs/build/DECISION_REGISTER.md	515	testname	TestBootstrap_NoDirectoryRoleHoldsADualControlPermission	grep for func TestBootstrap_NoDirectoryRoleHoldsADualControlPermission over *_test.go	HOLDS	
docs/build/DECISION_REGISTER.md	515	testname	TestIntegration_Bootstrap_DoesNotRestoreARevokedGrant	grep for func TestIntegration_Bootstrap_DoesNotRestoreARevokedGrant over *_test.go	HOLDS	
docs/build/DECISION_REGISTER.md	515	testname	TestIntegration_Bootstrap_GrantsNothingToAnUndeclaredIdentity	grep for func TestIntegration_Bootstrap_GrantsNothingToAnUndeclaredIdentity over *_test.go	HOLDS	
docs/build/DECISION_REGISTER.md	515	testname	TestIntegration_Bootstrap_GrantsTheDeclaredRoleAtLogin	grep for func TestIntegration_Bootstrap_GrantsTheDeclaredRoleAtLogin over *_test.go	HOLDS	
docs/build/DECISION_REGISTER.md	515	testname	TestIntegration_Bootstrap_IsIdempotent	grep for func TestIntegration_Bootstrap_IsIdempotent over *_test.go	HOLDS	
docs/build/DECISION_REGISTER.md	515	testname	TestIntegration_Bootstrap_MatchesOnIssuerAsWellAsSubject	grep for func TestIntegration_Bootstrap_MatchesOnIssuerAsWellAsSubject over *_test.go	HOLDS	
docs/build/DECISION_REGISTER.md	515	testname	TestIntegration_OperatorDirectoryRefusesAnUnknownRoleAndBreakGlass	grep for func TestIntegration_OperatorDirectoryRefusesAnUnknownRoleAndBreakGlass over *_test.go	HOLDS	
docs/build/DECISION_REGISTER.md	518	path	internal/notification	ls internal/notification	HOLDS	
docs/build/DECISION_REGISTER.md	519	path	internal/accounts	ls internal/accounts	HOLDS	
docs/build/DECISION_REGISTER.md	519	path	internal/credit	ls internal/credit	HOLDS	
docs/build/DECISION_REGISTER.md	519	path	internal/identity	ls internal/identity	HOLDS	
docs/build/DECISION_REGISTER.md	519	path	internal/nativemarket	ls internal/nativemarket	HOLDS	
docs/build/DECISION_REGISTER.md	519	path	internal/payout	ls internal/payout	HOLDS	
docs/build/DECISION_REGISTER.md	520	gosymbol	internal/notifications.Follower	go symbol selector, not a path	UNCHECKABLE	
docs/build/DECISION_REGISTER.md	520	path	cmd/api	ls cmd/api	HOLDS	
docs/build/DECISION_REGISTER.md	523	testname	TestIntegration_EverySourceQueryRunsAgainstTheRealSchema	grep for func TestIntegration_EverySourceQueryRunsAgainstTheRealSchema over *_test.go	HOLDS	
docs/build/DECISION_REGISTER.md	524	path	internal/notifications	ls internal/notifications	HOLDS	
docs/build/DECISION_REGISTER.md	524	testname	TestIntegration_ACrashBetweenReadingAndEmittingDuplicatesNothing	grep for func TestIntegration_ACrashBetweenReadingAndEmittingDuplicatesNothing over *_test.go	HOLDS	
docs/build/DECISION_REGISTER.md	524	testname	TestIntegration_ANewSessionTellsThePersonWhoSignedIn	grep for func TestIntegration_ANewSessionTellsThePersonWhoSignedIn over *_test.go	HOLDS	
docs/build/DECISION_REGISTER.md	524	testname	TestIntegration_AnAccountLeavingActiveTellsItsOwner	grep for func TestIntegration_AnAccountLeavingActiveTellsItsOwner over *_test.go	HOLDS	
docs/build/DECISION_REGISTER.md	524	testname	TestIntegration_EverySourceQueryRunsAgainstTheRealSchema	grep for func TestIntegration_EverySourceQueryRunsAgainstTheRealSchema over *_test.go	HOLDS	
docs/build/DECISION_REGISTER.md	524	testname	TestIntegration_NobodyIsToldAboutHistoryTheFollowerNeverSaw	grep for func TestIntegration_NobodyIsToldAboutHistoryTheFollowerNeverSaw over *_test.go	HOLDS	
docs/build/DECISION_REGISTER.md	524	testname	TestIntegration_TheFollowerFindsARowThatCommittedBehindItsCursor	grep for func TestIntegration_TheFollowerFindsARowThatCommittedBehindItsCursor over *_test.go	HOLDS	
docs/build/DECISION_REGISTER.md	524	testname	TestIntegration_TheFollowerNotifiesOnceForACapturedPurchase	grep for func TestIntegration_TheFollowerNotifiesOnceForACapturedPurchase over *_test.go	HOLDS	
docs/build/DECISION_REGISTER.md	528	path	internal/notification	ls internal/notification	HOLDS	
docs/build/DECISION_REGISTER.md	530	path	internal/notifications	ls internal/notifications	HOLDS	
docs/build/DECISION_REGISTER.md	530	path	test/integration/enums	ls test/integration/enums	HOLDS	
docs/build/DECISION_REGISTER.md	533	path	internal/notifications	ls internal/notifications	HOLDS	
docs/build/DECISION_REGISTER.md	534	path	internal/notification	ls internal/notification	HOLDS	
docs/build/DECISION_REGISTER.md	535	path	internal/httpapi	ls internal/httpapi	HOLDS	
docs/build/DECISION_REGISTER.md	535	path	internal/notifications	ls internal/notifications	HOLDS	
docs/build/DECISION_REGISTER.md	535	path	test/integration/enums	ls test/integration/enums	HOLDS	
docs/build/DECISION_REGISTER.md	535	testname	TestEmit_RefusesASandboxLabelOffASandboxTier	grep for func TestEmit_RefusesASandboxLabelOffASandboxTier over *_test.go	HOLDS	
docs/build/DECISION_REGISTER.md	535	testname	TestEveryGeneratedOperationHasAnExplicitPolicy	grep for func TestEveryGeneratedOperationHasAnExplicitPolicy over *_test.go	HOLDS	
docs/build/DECISION_REGISTER.md	535	testname	TestEveryRouteRefusesAPrincipalWithoutPermissions	grep for func TestEveryRouteRefusesAPrincipalWithoutPermissions over *_test.go	HOLDS	
docs/build/DECISION_REGISTER.md	535	testname	TestIntegration_EveryDeclaredEnumMatchesItsCheck	grep for func TestIntegration_EveryDeclaredEnumMatchesItsCheck over *_test.go	HOLDS	
docs/build/DECISION_REGISTER.md	535	testname	TestIntegration_NoEnumCheckAppearsUnnoticed	grep for func TestIntegration_NoEnumCheckAppearsUnnoticed over *_test.go	HOLDS	
docs/build/DECISION_REGISTER.md	535	testname	TestKinds_TheCheckAdmitsEveryNameEitherPackageDeclares	grep for func TestKinds_TheCheckAdmitsEveryNameEitherPackageDeclares over *_test.go	HOLDS	
docs/build/DECISION_REGISTER.md	535	testname	TestValidate_RefusesWhatCannotBeDeduplicatedOrAddressed	grep for func TestValidate_RefusesWhatCannotBeDeduplicatedOrAddressed over *_test.go	HOLDS	
docs/build/DECISION_REGISTER.md	543	path	cmd/api	ls cmd/api	HOLDS	
docs/build/DECISION_REGISTER.md	545	path	internal/stream	ls internal/stream	HOLDS	
docs/build/DECISION_REGISTER.md	545	testname	TestEventIDs_SurviveARestart	grep for func TestEventIDs_SurviveARestart over *_test.go	HOLDS	
docs/build/DECISION_REGISTER.md	545	testname	TestHub_ResumeAndResync	grep for func TestHub_ResumeAndResync over *_test.go	HOLDS	
docs/build/DECISION_REGISTER.md	545	testname	TestSSEHandler_ARevokedSessionStopsStreaming	grep for func TestSSEHandler_ARevokedSessionStopsStreaming over *_test.go	HOLDS	
docs/build/DECISION_REGISTER.md	545	testname	TestSSEHandler_FramingHeartbeatAndAuth	grep for func TestSSEHandler_FramingHeartbeatAndAuth over *_test.go	HOLDS	
docs/build/DECISION_REGISTER.md	545	testname	TestSSE_CapsConcurrentStreamsPerPerson	grep for func TestSSE_CapsConcurrentStreamsPerPerson over *_test.go	HOLDS	
docs/build/DECISION_REGISTER.md	545	testname	TestSSE_DeliversANotificationAndADataChangeAfterAnEmit	grep for func TestSSE_DeliversANotificationAndADataChangeAfterAnEmit over *_test.go	HOLDS	
docs/build/DECISION_REGISTER.md	545	testname	TestSSE_ResumesFromTheDurableRecordBeforeTheBuffer	grep for func TestSSE_ResumesFromTheDurableRecordBeforeTheBuffer over *_test.go	HOLDS	
docs/build/DECISION_REGISTER.md	545	testname	TestSubscribe_ResyncsWhateverTheBufferCannotProve	grep for func TestSubscribe_ResyncsWhateverTheBufferCannotProve over *_test.go	HOLDS	
docs/build/DECISION_REGISTER.md	545	testname	TestVisibility_ANotificationGoesToItsRecipientAndNobodyElse	grep for func TestVisibility_ANotificationGoesToItsRecipientAndNobodyElse over *_test.go	HOLDS	
docs/build/DECISION_REGISTER.md	549	path	cmd/api	ls cmd/api	HOLDS	
docs/build/DECISION_REGISTER.md	549	path	cmd/relay-worker	ls cmd/relay-worker	HOLDS	
docs/build/DECISION_REGISTER.md	550	path	cmd/relay-worker	ls cmd/relay-worker	HOLDS	
docs/build/DECISION_REGISTER.md	551	gosymbol	internal/httpapi/readmodel.go	go symbol selector, not a path	UNCHECKABLE	
docs/build/DECISION_REGISTER.md	551	path	cmd/execution-worker	ls cmd/execution-worker	HOLDS	
docs/build/DECISION_REGISTER.md	552	path	internal/capacity	ls internal/capacity	HOLDS	
docs/build/DECISION_REGISTER.md	553	path	cmd/relay-worker	ls cmd/relay-worker	HOLDS	
docs/build/DECISION_REGISTER.md	554	gosymbol	internal/event/topics.go	go symbol selector, not a path	UNCHECKABLE	
docs/build/DECISION_REGISTER.md	554	gosymbol	internal/httpapi/readmodel.go	go symbol selector, not a path	UNCHECKABLE	
docs/build/DECISION_REGISTER.md	554	path	internal/{credit,nativemarket,payout,commerce}	ls internal/{credit,nativemarket,payout,commerce}	HOLDS	
docs/build/DECISION_REGISTER.md	557	path	cmd/api	ls cmd/api	HOLDS	
docs/build/DECISION_REGISTER.md	557	path	internal/agent	ls internal/agent	HOLDS	
docs/build/DECISION_REGISTER.md	557	path	test/security	ls test/security	HOLDS	
docs/build/DECISION_REGISTER.md	558	path	internal/agents	ls internal/agents	HOLDS	
docs/build/DECISION_REGISTER.md	559	path	internal/agent	ls internal/agent	HOLDS	
docs/build/DECISION_REGISTER.md	560	path	cmd/api	ls cmd/api	HOLDS	
docs/build/DECISION_REGISTER.md	560	path	internal/activity	ls internal/activity	HOLDS	
docs/build/DECISION_REGISTER.md	560	path	internal/agents	ls internal/agents	HOLDS	
docs/build/DECISION_REGISTER.md	560	path	internal/gates	ls internal/gates	HOLDS	
docs/build/DECISION_REGISTER.md	560	path	internal/httpapi	ls internal/httpapi	HOLDS	
docs/build/DECISION_REGISTER.md	560	path	internal/notifications	ls internal/notifications	HOLDS	
docs/build/DECISION_REGISTER.md	561	gosymbol	internal/agents/doc.go	go symbol selector, not a path	UNCHECKABLE	
docs/build/DECISION_REGISTER.md	561	path	test/security/deferred_bridge_test.go	ls test/security/deferred_bridge_test.go	HOLDS	
docs/build/DECISION_REGISTER.md	570	testname	TestIntegration_ACompilerBackendProducesAVersionAndEveryAttemptIsRecorded	grep for func TestIntegration_ACompilerBackendProducesAVersionAndEveryAttemptIsRecorded over *_test.go	HOLDS	
docs/build/DECISION_REGISTER.md	570	testname	TestIntegration_ADeploymentWithNoCompilerRecordsTheAttemptAndSaysSo	grep for func TestIntegration_ADeploymentWithNoCompilerRecordsTheAttemptAndSaysSo over *_test.go	HOLDS	
docs/build/DECISION_REGISTER.md	570	testname	TestStrategies_CompileSaysCompilerUnavailableWithoutInventingAnything	grep for func TestStrategies_CompileSaysCompilerUnavailableWithoutInventingAnything over *_test.go	HOLDS	
docs/build/DECISION_REGISTER.md	578	path	internal/agent	ls internal/agent	HOLDS	
docs/build/DECISION_REGISTER.md	579	path	internal/agents	ls internal/agents	HOLDS	
docs/build/DECISION_REGISTER.md	579	testname	TestCustomerRoleHoldsNoAdminRoutePermission	grep for func TestCustomerRoleHoldsNoAdminRoutePermission over *_test.go	HOLDS	
docs/build/DECISION_REGISTER.md	581	testname	TestAdminCommandsDeclareStepUp	grep for func TestAdminCommandsDeclareStepUp over *_test.go	HOLDS	
docs/build/DECISION_REGISTER.md	581	testname	TestCustomerRoleHoldsNoAdminRoutePermission	grep for func TestCustomerRoleHoldsNoAdminRoutePermission over *_test.go	HOLDS	
docs/build/DECISION_REGISTER.md	581	testname	TestIntegration_EnablingWalksTheLadderOneRungAtATime	grep for func TestIntegration_EnablingWalksTheLadderOneRungAtATime over *_test.go	HOLDS	
docs/build/DECISION_REGISTER.md	586	path	internal/credit	ls internal/credit	HOLDS	
docs/build/DECISION_REGISTER.md	590	gosymbol	internal/agents.Limits.Validate	go symbol selector, not a path	UNCHECKABLE	
docs/build/DECISION_REGISTER.md	590	testname	TestAgents_CreateCarriesTheLimitsThroughAsExactQuantities	grep for func TestAgents_CreateCarriesTheLimitsThroughAsExactQuantities over *_test.go	HOLDS	
docs/build/DECISION_REGISTER.md	590	testname	TestIntegration_AnAgentIsBornStoppedAndItsGrantIsRecorded	grep for func TestIntegration_AnAgentIsBornStoppedAndItsGrantIsRecorded over *_test.go	HOLDS	
docs/build/DECISION_REGISTER.md	593	path	apps/web	ls apps/web	HOLDS	
docs/build/DECISION_REGISTER.md	594	path	docs/product/STAGING_E2E.md	ls docs/product/STAGING_E2E.md	HOLDS	
docs/build/DECISION_REGISTER.md	596	path	apps/admin	ls apps/admin	HOLDS	
docs/build/DECISION_REGISTER.md	596	path	test/e2e	ls test/e2e	HOLDS	
docs/build/DECISION_REGISTER.md	597	path	docs/product/STAGING_E2E.md	ls docs/product/STAGING_E2E.md	HOLDS	
docs/build/DECISION_REGISTER.md	597	path	docs/product/USER_JOURNEY.md	ls docs/product/USER_JOURNEY.md	HOLDS	
docs/build/DECISION_REGISTER.md	601	route	POST /v1/payments	grep the api.gen.go route table	HOLDS	
docs/build/DECISION_REGISTER.md	604	path	test/infra	ls test/infra	HOLDS	
docs/build/DECISION_REGISTER.md	609	path	apps/admin	ls apps/admin	HOLDS	
docs/build/DECISION_REGISTER.md	609	path	internal/admin	ls internal/admin	HOLDS	
docs/build/DECISION_REGISTER.md	609	path	internal/adminplane	ls internal/adminplane	HOLDS	
docs/build/DECISION_REGISTER.md	609	path	internal/gates	ls internal/gates	HOLDS	
docs/build/DECISION_REGISTER.md	609	path	internal/killswitch	ls internal/killswitch	HOLDS	
docs/build/DECISION_REGISTER.md	609	path	internal/security	ls internal/security	HOLDS	
docs/build/DECISION_REGISTER.md	609	path	openapi/openapi.yaml	ls openapi/openapi.yaml	HOLDS	
docs/build/DECISION_REGISTER.md	609	path	packages/generated-client/src/schema.d.ts	ls packages/generated-client/src/schema.d.ts	HOLDS	
docs/build/DECISION_REGISTER.md	612	path	internal/adminplane	ls internal/adminplane	HOLDS	
docs/build/DECISION_REGISTER.md	612	path	internal/gates	ls internal/gates	HOLDS	
docs/build/DECISION_REGISTER.md	612	path	openapi/openapi.yaml	ls openapi/openapi.yaml	HOLDS	
docs/build/DECISION_REGISTER.md	613	path	apps/admin/src/api.ts	ls apps/admin/src/api.ts	HOLDS	
docs/build/DECISION_REGISTER.md	613	path	apps/admin/src/scan.test.ts	ls apps/admin/src/scan.test.ts	HOLDS	
docs/build/DECISION_REGISTER.md	613	path	apps/admin/src/views/gates.ts	ls apps/admin/src/views/gates.ts	HOLDS	
docs/build/DECISION_REGISTER.md	613	route	GET /v1/admin/gates	grep the api.gen.go route table	HOLDS	
docs/build/DECISION_REGISTER.md	613	route	POST /v1/admin/gates/CREDIT_PURCHASE/unsandbox	grep the api.gen.go route table	HOLDS	
docs/build/DECISION_REGISTER.md	615	path	openapi/openapi.yaml	ls openapi/openapi.yaml	HOLDS	
docs/build/DECISION_REGISTER.md	620	path	internal/terms	ls internal/terms	HOLDS	
docs/build/DECISION_REGISTER.md	620	route	GET /v1/native-markets	grep the api.gen.go route table	HOLDS	
docs/build/DECISION_REGISTER.md	620	route	GET /v1/terms	grep the api.gen.go route table	HOLDS	
docs/build/DECISION_REGISTER.md	620	route	POST /v1/me/terms-acceptances	grep the api.gen.go route table	HOLDS	
docs/build/DECISION_REGISTER.md	621	testname	TestNoRouteIsUnintentionallyUnauthenticated	grep for func TestNoRouteIsUnintentionallyUnauthenticated over *_test.go	HOLDS	
docs/build/DECISION_REGISTER.md	625	path	internal/httpapi/handlers_public_terms.go	ls internal/httpapi/handlers_public_terms.go	HOLDS	
docs/build/DECISION_REGISTER.md	625	path	openapi/openapi.yaml	ls openapi/openapi.yaml	HOLDS	
docs/build/DECISION_REGISTER.md	629	path	internal/config	ls internal/config	HOLDS	
docs/build/DECISION_REGISTER.md	630	path	scripts/seed	ls scripts/seed	HOLDS	
docs/build/DECISION_REGISTER.md	630	path	scripts/seedeconomy	ls scripts/seedeconomy	HOLDS	
docs/build/DECISION_REGISTER.md	633	path	scripts/demodata	ls scripts/demodata	HOLDS	
docs/build/DECISION_REGISTER.md	633	path	test/infra	ls test/infra	HOLDS	
docs/build/DECISION_REGISTER.md	634	gosymbol	cmd/api/marketsurfaces.go	go symbol selector, not a path	UNCHECKABLE	
docs/build/DECISION_REGISTER.md	634	gosymbol	internal/config/config.go	go symbol selector, not a path	UNCHECKABLE	
docs/build/DECISION_REGISTER.md	634	gosymbol	internal/config/seed.go	go symbol selector, not a path	UNCHECKABLE	
docs/build/DECISION_REGISTER.md	634	testname	TestAuditConfigDeploy_SeedingHonoursTheVariableThatForbidsIt	grep for func TestAuditConfigDeploy_SeedingHonoursTheVariableThatForbidsIt over *_test.go	HOLDS	
docs/build/DECISION_REGISTER.md	634	testname	TestSeedScriptsAllowed	grep for func TestSeedScriptsAllowed over *_test.go	HOLDS	
docs/build/DECISION_REGISTER.md	641	testname	TestRender_TheStaticSitesSecurityHeadersAreWhatTheAppNeeds	grep for func TestRender_TheStaticSitesSecurityHeadersAreWhatTheAppNeeds over *_test.go	HOLDS	
docs/build/DECISION_REGISTER.md	643	path	apps/web/src/components/SegmentedBar.tsx	ls apps/web/src/components/SegmentedBar.tsx	HOLDS	
docs/build/DECISION_REGISTER.md	643	testname	TestAuditConfigDeploy_TheCSPPermitsTheInlineStylesTheAppShips	grep for func TestAuditConfigDeploy_TheCSPPermitsTheInlineStylesTheAppShips over *_test.go	HOLDS	
docs/build/DECISION_REGISTER.md	647	path	build/Dockerfile	ls build/Dockerfile	HOLDS	
docs/build/DECISION_REGISTER.md	651	path	scripts/images	ls scripts/images	HOLDS	
docs/build/DECISION_REGISTER.md	652	path	build/Dockerfile	ls build/Dockerfile	HOLDS	
docs/build/DECISION_REGISTER.md	652	testname	TestAuditConfigDeploy_TheBuildStampsAVersion	grep for func TestAuditConfigDeploy_TheBuildStampsAVersion over *_test.go	HOLDS	
docs/build/DECISION_REGISTER.md	656	path	internal/activity	ls internal/activity	HOLDS	
docs/build/DECISION_REGISTER.md	658	testname	TestIntegration_TheProductDomainsAppearOnTheTimeline	grep for func TestIntegration_TheProductDomainsAppearOnTheTimeline over *_test.go	HOLDS	
docs/build/DECISION_REGISTER.md	660	path	internal/notifications	ls internal/notifications	HOLDS	
docs/build/DECISION_REGISTER.md	663	path	internal/notifications	ls internal/notifications	HOLDS	
docs/build/DECISION_REGISTER.md	663	path	test/security	ls test/security	HOLDS	
docs/build/DECISION_REGISTER.md	664	path	internal/activity/integration_test.go	ls internal/activity/integration_test.go	HOLDS	
docs/build/DECISION_REGISTER.md	664	path	internal/activity/{activity,sources,summary,doc}.go	ls internal/activity/{activity,sources,summary,doc}.go	HOLDS	
docs/build/DECISION_REGISTER.md	664	path	test/security	ls test/security	HOLDS	
docs/build/DECISION_REGISTER.md	664	testname	TestEveryKindHasASource	grep for func TestEveryKindHasASource over *_test.go	HOLDS	
docs/build/DECISION_REGISTER.md	664	testname	TestEveryKindHasASummaryTemplate	grep for func TestEveryKindHasASummaryTemplate over *_test.go	HOLDS	
docs/build/DECISION_REGISTER.md	664	testname	TestEverySourceIsInTheCompiledQuery	grep for func TestEverySourceIsInTheCompiledQuery over *_test.go	HOLDS	
docs/build/DECISION_REGISTER.md	664	testname	TestSQLInjection_EveryStatementIsBuiltFromConstants	grep for func TestSQLInjection_EveryStatementIsBuiltFromConstants over *_test.go	HOLDS	
docs/build/DECISION_REGISTER.md	664	testname	TestSources_TheProductKindsScopeToTheAccountInTheParameter	grep for func TestSources_TheProductKindsScopeToTheAccountInTheParameter over *_test.go	HOLDS	
docs/build/DECISION_REGISTER.md	664	testname	TestSummary_TheProductKindsSayWhatHappened	grep for func TestSummary_TheProductKindsSayWhatHappened over *_test.go	HOLDS	
docs/build/DECISION_REGISTER.md	668	path	cmd/api	ls cmd/api	HOLDS	
docs/build/DECISION_REGISTER.md	669	path	cmd/api	ls cmd/api	HOLDS	
docs/build/DECISION_REGISTER.md	678	gosymbol	cmd/api/agentevents.go	go symbol selector, not a path	UNCHECKABLE	
docs/build/DECISION_REGISTER.md	678	gosymbol	internal/notifications/sources.go	go symbol selector, not a path	UNCHECKABLE	
docs/build/DECISION_REGISTER.md	678	testname	TestAgentPauseCopy_NamesTheReasonAndNotThePerson	grep for func TestAgentPauseCopy_NamesTheReasonAndNotThePerson over *_test.go	HOLDS	
docs/build/DECISION_REGISTER.md	678	testname	TestIntegration_AVerificationDecisionTellsThePersonItIsAbout	grep for func TestIntegration_AVerificationDecisionTellsThePersonItIsAbout over *_test.go	HOLDS	
docs/build/DECISION_REGISTER.md	678	testname	TestVerificationCopy_AnExpiredDecisionIsNotARejection	grep for func TestVerificationCopy_AnExpiredDecisionIsNotARejection over *_test.go	HOLDS	
docs/build/DECISION_REGISTER.md	682	path	internal/terms	ls internal/terms	HOLDS	
docs/build/DECISION_REGISTER.md	682	route	POST /v1/payouts	grep the api.gen.go route table	HOLDS	
docs/build/DECISION_REGISTER.md	682	route	POST /v1/payouts/quote	grep the api.gen.go route table	HOLDS	
docs/build/DECISION_REGISTER.md	683	route	GET /v1/me/eligibility	grep the api.gen.go route table	HOLDS	
docs/build/DECISION_REGISTER.md	684	path	internal/payout	ls internal/payout	HOLDS	
docs/build/DECISION_REGISTER.md	690	gosymbol	internal/eligibility/withdrawal.go	go symbol selector, not a path	UNCHECKABLE	
docs/build/DECISION_REGISTER.md	690	gosymbol	internal/payout/service.go	go symbol selector, not a path	UNCHECKABLE	
docs/build/DECISION_REGISTER.md	690	gosymbol	internal/profile/service.go	go symbol selector, not a path	UNCHECKABLE	
docs/build/DECISION_REGISTER.md	690	path	docs/product/VERIFICATION_AND_WITHDRAWAL.md	ls docs/product/VERIFICATION_AND_WITHDRAWAL.md	HOLDS	
docs/build/DECISION_REGISTER.md	690	path	internal/httpapi/wiring_verification.go	ls internal/httpapi/wiring_verification.go	HOLDS	
docs/build/DECISION_REGISTER.md	690	testname	TestIntegration_APayoutIsRefusedUntilTheDisclosureIsAccepted	grep for func TestIntegration_APayoutIsRefusedUntilTheDisclosureIsAccepted over *_test.go	HOLDS	
docs/build/DECISION_REGISTER.md	695	path	scripts/seedeconomy	ls scripts/seedeconomy	HOLDS	
docs/build/DECISION_REGISTER.md	698	path	cmd/api	ls cmd/api	HOLDS	
docs/build/DECISION_REGISTER.md	699	path	cmd/api	ls cmd/api	HOLDS	
docs/build/DECISION_REGISTER.md	700	testname	TestIntegration_BootingTwiceCreatesEverythingOnceOnASandboxTier	grep for func TestIntegration_BootingTwiceCreatesEverythingOnceOnASandboxTier over *_test.go	HOLDS	
docs/build/DECISION_REGISTER.md	701	gosymbol	cmd/api/sandboxtier.go	go symbol selector, not a path	UNCHECKABLE	
docs/build/DECISION_REGISTER.md	701	gosymbol	cmd/api/verifyexpiry.go	go symbol selector, not a path	UNCHECKABLE	
docs/build/DECISION_REGISTER.md	701	gosymbol	internal/verification/expiry.go	go symbol selector, not a path	UNCHECKABLE	
docs/build/DECISION_REGISTER.md	701	testname	TestIntegration_BootingTwiceCreatesEverythingOnceOnASandboxTier	grep for func TestIntegration_BootingTwiceCreatesEverythingOnceOnASandboxTier over *_test.go	HOLDS	
docs/build/DECISION_REGISTER.md	706	path	cmd/api	ls cmd/api	HOLDS	
docs/build/DECISION_REGISTER.md	711	gosymbol	cmd/api/payoutsweep.go	go symbol selector, not a path	UNCHECKABLE	
docs/build/DECISION_REGISTER.md	711	gosymbol	internal/payout/service.go	go symbol selector, not a path	UNCHECKABLE	
docs/build/DECISION_REGISTER.md	711	testname	TestIntegration_AReservedPayoutReachesTheProviderAndSettles	grep for func TestIntegration_AReservedPayoutReachesTheProviderAndSettles over *_test.go	HOLDS	
docs/build/DECISION_REGISTER.md	716	path	cmd/api	ls cmd/api	HOLDS	
docs/build/DECISION_REGISTER.md	718	path	scripts/configcheck	ls scripts/configcheck	HOLDS	
docs/build/DECISION_REGISTER.md	720	gosymbol	cmd/api/creditsettle.go	go symbol selector, not a path	UNCHECKABLE	
docs/build/DECISION_REGISTER.md	720	path	docs/product/CREDIT_ECONOMY.md	ls docs/product/CREDIT_ECONOMY.md	HOLDS	
docs/build/DECISION_REGISTER.md	720	testname	TestCreditSettlement_ASandboxTierSettlesInMinutesAndProdNeverDoes	grep for func TestCreditSettlement_ASandboxTierSettlesInMinutesAndProdNeverDoes over *_test.go	HOLDS	
docs/build/DECISION_REGISTER.md	720	testname	TestIntegration_ASandboxTierSettlesInMinutesAndAChargebackWindowDoesNot	grep for func TestIntegration_ASandboxTierSettlesInMinutesAndAChargebackWindowDoesNot over *_test.go	HOLDS	
docs/build/DECISION_REGISTER.md	726	gosymbol	internal/notifications/follower.go	go symbol selector, not a path	UNCHECKABLE	
docs/build/DECISION_REGISTER.md	729	path	apps/web/src/components/StreamStatus.tsx	ls apps/web/src/components/StreamStatus.tsx	HOLDS	
docs/build/DECISION_REGISTER.md	729	path	apps/web/src/lib/stream-scopes.test.ts	ls apps/web/src/lib/stream-scopes.test.ts	HOLDS	
docs/build/DECISION_REGISTER.md	729	path	apps/web/src/pages/markets/MarketDetail.tsx	ls apps/web/src/pages/markets/MarketDetail.tsx	HOLDS	
docs/build/DECISION_REGISTER.md	739	path	apps/web/src/lib/audit-frontend.test.ts	ls apps/web/src/lib/audit-frontend.test.ts	HOLDS	
docs/build/DECISION_REGISTER.md	739	path	docs/product/UI_UX_SYSTEM.md	ls docs/product/UI_UX_SYSTEM.md	HOLDS	
docs/build/DECISION_REGISTER.md	748	path	apps/web/src/lib/scan.ts	ls apps/web/src/lib/scan.ts	HOLDS	
docs/build/DECISION_REGISTER.md	757	gosymbol	cmd/api/notifications.go	go symbol selector, not a path	UNCHECKABLE	
docs/build/DECISION_REGISTER.md	757	gosymbol	internal/notifications/store.go	go symbol selector, not a path	UNCHECKABLE	
docs/build/DECISION_REGISTER.md	757	gosymbol	internal/stream/sse.go	go symbol selector, not a path	UNCHECKABLE	
docs/build/DECISION_REGISTER.md	757	path	migrations/00801_a_notification_carries_the_instant_it_became_visible.sql	ls migrations/00801_a_notification_carries_the_instant_it_became_visible.sql	HOLDS	
docs/build/DECISION_REGISTER.md	757	testname	TestAuditAgnot_LastEventIDSkipsNotificationsWrittenBehindThePublishInstant	grep for func TestAuditAgnot_LastEventIDSkipsNotificationsWrittenBehindThePublishInstant over *_test.go	HOLDS	
docs/build/DECISION_REGISTER.md	757	testname	TestIntegration_NotificationResumeReadsTheTableNotTheBuffer	grep for func TestIntegration_NotificationResumeReadsTheTableNotTheBuffer over *_test.go	HOLDS	
docs/build/DECISION_REGISTER.md	757	testname	TestIntegration_SinceIsOldestFirstAndReportsTruncation	grep for func TestIntegration_SinceIsOldestFirstAndReportsTruncation over *_test.go	HOLDS	
docs/build/DECISION_REGISTER.md	767	gosymbol	internal/agents/service.go	go symbol selector, not a path	UNCHECKABLE	
docs/build/DECISION_REGISTER.md	767	path	migrations/00802_an_agent_names_a_version_of_the_strategy_it_names.sql	ls migrations/00802_an_agent_names_a_version_of_the_strategy_it_names.sql	HOLDS	
docs/build/DECISION_REGISTER.md	767	testname	TestAuditAgnot_AnAgentCannotBindToAnotherAccountsStrategyVersion	grep for func TestAuditAgnot_AnAgentCannotBindToAnotherAccountsStrategyVersion over *_test.go	HOLDS	
docs/build/DECISION_REGISTER.md	767	testname	TestAuditAgnot_AnAgentIsRefusedFromANeverAcceptedVersion	grep for func TestAuditAgnot_AnAgentIsRefusedFromANeverAcceptedVersion over *_test.go	HOLDS	
docs/build/DECISION_REGISTER.md	767	testname	TestAuditAgnot_TheStrategyVersionMustBelongToTheStrategy	grep for func TestAuditAgnot_TheStrategyVersionMustBelongToTheStrategy over *_test.go	HOLDS	
docs/build/DECISION_REGISTER.md	767	testname	TestIntegration_OnlyTheOwnerActsOnTheirAgent	grep for func TestIntegration_OnlyTheOwnerActsOnTheirAgent over *_test.go	HOLDS	
docs/build/DECISION_REGISTER.md	777	gosymbol	internal/notifications/device.go	go symbol selector, not a path	UNCHECKABLE	
docs/build/DECISION_REGISTER.md	777	path	migrations/00803_two_capabilities_the_grants_claimed_and_the_table_refuses.sql	ls migrations/00803_two_capabilities_the_grants_claimed_and_the_table_refuses.sql	HOLDS	
docs/build/DECISION_REGISTER.md	777	path	test/integration/migrations/privileges_test.go	ls test/integration/migrations/privileges_test.go	HOLDS	
docs/build/DECISION_REGISTER.md	777	testname	TestAuditAgnot_ALoginsIPAddressDoesNotLandInATableNothingCanPurge	grep for func TestAuditAgnot_ALoginsIPAddressDoesNotLandInATableNothingCanPurge over *_test.go	HOLDS	
docs/build/DECISION_REGISTER.md	777	testname	TestDeviceSummary_NamesTheBrowserAndThePlatformAndNothingElse	grep for func TestDeviceSummary_NamesTheBrowserAndThePlatformAndNothingElse over *_test.go	HOLDS	
docs/build/DECISION_REGISTER.md	777	testname	TestIntegration_ANewSessionTellsThePersonWhoSignedIn	grep for func TestIntegration_ANewSessionTellsThePersonWhoSignedIn over *_test.go	HOLDS	
docs/build/DECISION_REGISTER.md	777	testname	TestIntegration_ApplicationRolePrivileges	grep for func TestIntegration_ApplicationRolePrivileges over *_test.go	HOLDS	
docs/build/DECISION_REGISTER.md	787	gosymbol	internal/notifications/follower.go	go symbol selector, not a path	UNCHECKABLE	
docs/build/DECISION_REGISTER.md	787	gosymbol	internal/notifications/sources.go	go symbol selector, not a path	UNCHECKABLE	
docs/build/DECISION_REGISTER.md	787	testname	TestAuditAgnot_TheLapRepublishesTheSameSignalsEveryPass	grep for func TestAuditAgnot_TheLapRepublishesTheSameSignalsEveryPass over *_test.go	HOLDS	
docs/build/DECISION_REGISTER.md	787	testname	TestIntegration_ABreakerTripTellsTheMarketsTraders	grep for func TestIntegration_ABreakerTripTellsTheMarketsTraders over *_test.go	HOLDS	
docs/build/DECISION_REGISTER.md	787	testname	TestIntegration_EverySourceQueryRunsAgainstTheRealSchema	grep for func TestIntegration_EverySourceQueryRunsAgainstTheRealSchema over *_test.go	HOLDS	
docs/build/DECISION_REGISTER.md	797	path	internal/nativemarket/{curve,safety,discovery}.go	ls internal/nativemarket/{curve,safety,discovery}.go	HOLDS	
docs/build/DECISION_REGISTER.md	797	path	migrations/00805_a_positive_price_is_never_printed_as_zero.sql	ls migrations/00805_a_positive_price_is_never_printed_as_zero.sql	HOLDS	
docs/build/DECISION_REGISTER.md	797	testname	TestAudit_AMarketWhoseSpotTruncatesToZeroIsNotOpenable	grep for func TestAudit_AMarketWhoseSpotTruncatesToZeroIsNotOpenable over *_test.go	HOLDS	
docs/build/DECISION_REGISTER.md	797	testname	TestCheckOpeningLiquidity_RefusesAPriceTooSmallToMeasure	grep for func TestCheckOpeningLiquidity_RefusesAPriceTooSmallToMeasure over *_test.go	HOLDS	
docs/build/DECISION_REGISTER.md	797	testname	TestPriceImpactBPS_IsTheMarketsMoveNotTheCallersCost	grep for func TestPriceImpactBPS_IsTheMarketsMoveNotTheCallersCost over *_test.go	HOLDS	
docs/build/DECISION_REGISTER.md	797	testname	TestTheSafetyReadersFailClosedOnAPriceTheyCannotMeasure	grep for func TestTheSafetyReadersFailClosedOnAPriceTheyCannotMeasure over *_test.go	HOLDS	
docs/build/DECISION_REGISTER.md	802	path	test/integration/migrations	ls test/integration/migrations	HOLDS	
docs/build/DECISION_REGISTER.md	805	path	migrations/00804_a_definers_search_path_pins_pg_temp.sql	ls migrations/00804_a_definers_search_path_pins_pg_temp.sql	HOLDS	
docs/build/DECISION_REGISTER.md	805	testname	TestAudit_APositionCannotBeForgedThroughAnUnpinnedSearchPath	grep for func TestAudit_APositionCannotBeForgedThroughAnUnpinnedSearchPath over *_test.go	HOLDS	
docs/build/DECISION_REGISTER.md	805	testname	TestAudit_TheNM001PrintCheckReadsOnlyTablesTheCallerCannotControl	grep for func TestAudit_TheNM001PrintCheckReadsOnlyTablesTheCallerCannotControl over *_test.go	HOLDS	
docs/build/DECISION_REGISTER.md	805	testname	TestIntegration_EverySecurityDefinerPinsPgTemp	grep for func TestIntegration_EverySecurityDefinerPinsPgTemp over *_test.go	HOLDS	
docs/build/DECISION_REGISTER.md	809	route	GET /v1/native-markets	grep the api.gen.go route table	HOLDS	
docs/build/DECISION_REGISTER.md	810	path	internal/nativemarket	ls internal/nativemarket	HOLDS	
docs/build/DECISION_REGISTER.md	810	route	GET /v1/native-markets/{id}/summary	grep the api.gen.go route table	HOLDS	
docs/build/DECISION_REGISTER.md	815	gosymbol	internal/nativemarket/discovery.go	go symbol selector, not a path	UNCHECKABLE	
docs/build/DECISION_REGISTER.md	815	path	apps/web/src/{api/queries.ts,pages/markets/MarketDetail.tsx}	ls apps/web/src/{api/queries.ts,pages/markets/MarketDetail.tsx}	HOLDS	
docs/build/DECISION_REGISTER.md	815	path	internal/httpapi/{handlers_native_markets,authz}.go	ls internal/httpapi/{handlers_native_markets,authz}.go	HOLDS	
docs/build/DECISION_REGISTER.md	815	path	openapi/openapi.yaml	ls openapi/openapi.yaml	HOLDS	
docs/build/DECISION_REGISTER.md	815	testname	TestAudit_ThePublicMarketListCarriesNoIdentity	grep for func TestAudit_ThePublicMarketListCarriesNoIdentity over *_test.go	HOLDS	
docs/build/DECISION_REGISTER.md	815	testname	TestIntegration_MarketDiscoveryFiltersSortsAndSearches	grep for func TestIntegration_MarketDiscoveryFiltersSortsAndSearches over *_test.go	HOLDS	
docs/build/DECISION_REGISTER.md	824	route	GET /v1/native-markets/{id}	grep the api.gen.go route table	HOLDS	
docs/build/DECISION_REGISTER.md	825	gosymbol	internal/nativemarket/repository.go	go symbol selector, not a path	UNCHECKABLE	
docs/build/DECISION_REGISTER.md	825	path	apps/web/src/pages/markets/MarketDetail.tsx	ls apps/web/src/pages/markets/MarketDetail.tsx	HOLDS	
docs/build/DECISION_REGISTER.md	825	path	internal/httpapi/handlers_native_markets.go	ls internal/httpapi/handlers_native_markets.go	HOLDS	
docs/build/DECISION_REGISTER.md	825	path	openapi/openapi.yaml	ls openapi/openapi.yaml	HOLDS	
docs/build/DECISION_REGISTER.md	825	testname	TestAudit_NoSignedInAccountLearnsAnotherAccountsHolding	grep for func TestAudit_NoSignedInAccountLearnsAnotherAccountsHolding over *_test.go	HOLDS	
docs/build/DECISION_REGISTER.md	825	testname	TestGetNativeMarketsMarketIdSummary_NamesNoHolder	grep for func TestGetNativeMarketsMarketIdSummary_NamesNoHolder over *_test.go	HOLDS	
docs/build/DECISION_REGISTER.md	833	gosymbol	internal/notifications/follower.go	go symbol selector, not a path	UNCHECKABLE	
docs/build/DECISION_REGISTER.md	833	testname	TestAudit_FollowerStallsForeverAfterABatchSizedBurst	grep for func TestAudit_FollowerStallsForeverAfterABatchSizedBurst over *_test.go	HOLDS	
docs/build/DECISION_REGISTER.md	833	testname	TestIntegration_TheFollowerFindsARowThatCommittedBehindItsCursor	grep for func TestIntegration_TheFollowerFindsARowThatCommittedBehindItsCursor over *_test.go	HOLDS	
docs/build/DECISION_REGISTER.md	833	testname	TestIntegration_TheFollowerNotifiesOnceForACapturedPurchase	grep for func TestIntegration_TheFollowerNotifiesOnceForACapturedPurchase over *_test.go	HOLDS	
docs/build/DECISION_REGISTER.md	837	path	internal/eligibility	ls internal/eligibility	HOLDS	
docs/build/DECISION_REGISTER.md	841	gosymbol	internal/id.Parse	go symbol selector, not a path	UNCHECKABLE	
docs/build/DECISION_REGISTER.md	843	gosymbol	internal/compliance/profile.go	go symbol selector, not a path	UNCHECKABLE	
docs/build/DECISION_REGISTER.md	843	path	migrations/00796_a_sanctions_screen_is_a_decision_not_an_attribute.sql	ls migrations/00796_a_sanctions_screen_is_a_decision_not_an_attribute.sql	HOLDS	
docs/build/DECISION_REGISTER.md	843	testname	TestAudit_SanctionsStateIsWritableWithNoTransitionRow	grep for func TestAudit_SanctionsStateIsWritableWithNoTransitionRow over *_test.go	HOLDS	
docs/build/DECISION_REGISTER.md	843	testname	TestIntegration_Compliance_AProfileBornScreenedRecordsIt	grep for func TestIntegration_Compliance_AProfileBornScreenedRecordsIt over *_test.go	HOLDS	
docs/build/DECISION_REGISTER.md	843	testname	TestIntegration_Compliance_ASanctionsScreenIsRecordedAsADecision	grep for func TestIntegration_Compliance_ASanctionsScreenIsRecordedAsADecision over *_test.go	HOLDS	
docs/build/DECISION_REGISTER.md	848	path	cmd/api	ls cmd/api	HOLDS	
docs/build/DECISION_REGISTER.md	854	gosymbol	cmd/api/expiresweeps.go	go symbol selector, not a path	UNCHECKABLE	
docs/build/DECISION_REGISTER.md	854	gosymbol	cmd/api/ratelimitstore.go	go symbol selector, not a path	UNCHECKABLE	
docs/build/DECISION_REGISTER.md	854	gosymbol	internal/ratelimit/ratelimit.go	go symbol selector, not a path	UNCHECKABLE	
docs/build/DECISION_REGISTER.md	854	gosymbol	internal/verification/expiry.go	go symbol selector, not a path	UNCHECKABLE	
docs/build/DECISION_REGISTER.md	854	testname	TestAudit_TheMemoryRateLimitStoreIsNeverSwept	grep for func TestAudit_TheMemoryRateLimitStoreIsNeverSwept over *_test.go	HOLDS	
docs/build/DECISION_REGISTER.md	854	testname	TestIntegration_TheExpirySweepsRunInThisProcess	grep for func TestIntegration_TheExpirySweepsRunInThisProcess over *_test.go	HOLDS	
docs/build/DECISION_REGISTER.md	854	testname	TestIntegration_TheSessionSweepClosesWhatCannotBeDecided	grep for func TestIntegration_TheSessionSweepClosesWhatCannotBeDecided over *_test.go	HOLDS	
docs/build/DECISION_REGISTER.md	854	testname	TestIntegration_TheSessionSweepLeavesADecidedSessionAlone	grep for func TestIntegration_TheSessionSweepLeavesADecidedSessionAlone over *_test.go	HOLDS	
docs/build/DECISION_REGISTER.md	854	testname	TestMemoryStore_StopsGrowingAtItsCap	grep for func TestMemoryStore_StopsGrowingAtItsCap over *_test.go	HOLDS	
docs/build/DECISION_REGISTER.md	854	testname	TestRateLimitSweeper_RemovesExpiredCountersAndStops	grep for func TestRateLimitSweeper_RemovesExpiredCountersAndStops over *_test.go	HOLDS	
docs/build/DECISION_REGISTER.md	858	path	cmd/api	ls cmd/api	HOLDS	
docs/build/DECISION_REGISTER.md	858	path	internal/payout	ls internal/payout	HOLDS	
docs/build/DECISION_REGISTER.md	860	route	GET /v1/credits/balance	grep the api.gen.go route table	HOLDS	
docs/build/DECISION_REGISTER.md	860	route	GET /v1/credits/pricing	grep the api.gen.go route table	HOLDS	
docs/build/DECISION_REGISTER.md	861	path	apps/web/src/lib/credits.ts	ls apps/web/src/lib/credits.ts	HOLDS	
docs/build/DECISION_REGISTER.md	862	gosymbol	internal/credit/pricing.go	go symbol selector, not a path	UNCHECKABLE	
docs/build/DECISION_REGISTER.md	862	path	apps/web/src/lib/credits.ts	ls apps/web/src/lib/credits.ts	HOLDS	
docs/build/DECISION_REGISTER.md	862	testname	TestAudit_PricingPolicyIssuesBaseUnitsAsIfACreditHadNoDecimals	grep for func TestAudit_PricingPolicyIssuesBaseUnitsAsIfACreditHadNoDecimals over *_test.go	HOLDS	
docs/build/DECISION_REGISTER.md	862	testname	TestIntegration_APurchaseMintsWhatTheFundingPagePromised	grep for func TestIntegration_APurchaseMintsWhatTheFundingPagePromised over *_test.go	HOLDS	
docs/build/DECISION_REGISTER.md	862	testname	TestIntegration_APurchaseServiceRefusesAPolicyAtTheWrongScale	grep for func TestIntegration_APurchaseServiceRefusesAPolicyAtTheWrongScale over *_test.go	HOLDS	
docs/build/DECISION_REGISTER.md	862	testname	TestPricingPolicy_DefaultIsValidAndPricesTheObviousCase	grep for func TestPricingPolicy_DefaultIsValidAndPricesTheObviousCase over *_test.go	HOLDS	
docs/build/DECISION_REGISTER.md	862	testname	TestPricingPolicy_TheScaleIsTheAssetsAndNotAConstant	grep for func TestPricingPolicy_TheScaleIsTheAssetsAndNotAConstant over *_test.go	HOLDS	
docs/build/DECISION_REGISTER.md	872	gosymbol	internal/credit/purchaseprovider.go	go symbol selector, not a path	UNCHECKABLE	
docs/build/DECISION_REGISTER.md	872	gosymbol	internal/provider/stripecredit/webhook.go	go symbol selector, not a path	UNCHECKABLE	
docs/build/DECISION_REGISTER.md	872	testname	TestAudit_AWonDisputeReturnsTheFundingToItsWindowRatherThanSettlingIt	grep for func TestAudit_AWonDisputeReturnsTheFundingToItsWindowRatherThanSettlingIt over *_test.go	HOLDS	
docs/build/DECISION_REGISTER.md	872	testname	TestAudit_AnInquiryThatClosesUnfreezesTheFundingAndDoesNotSettleIt	grep for func TestAudit_AnInquiryThatClosesUnfreezesTheFundingAndDoesNotSettleIt over *_test.go	HOLDS	
docs/build/DECISION_REGISTER.md	876	path	docs/product/CREDIT_ECONOMY.md	ls docs/product/CREDIT_ECONOMY.md	HOLDS	
docs/build/DECISION_REGISTER.md	879	path	internal/eligibility	ls internal/eligibility	HOLDS	
docs/build/DECISION_REGISTER.md	880	testname	TestSandboxPolicy	grep for func TestSandboxPolicy over *_test.go	HOLDS	
docs/build/DECISION_REGISTER.md	881	gosymbol	internal/valuedomain/sandboxpolicy.go	go symbol selector, not a path	UNCHECKABLE	
docs/build/DECISION_REGISTER.md	881	testname	TestAudit_SandboxPolicyPermitsOnlyTheOriginsTheDocumentLists	grep for func TestAudit_SandboxPolicyPermitsOnlyTheOriginsTheDocumentLists over *_test.go	HOLDS	
docs/build/DECISION_REGISTER.md	881	testname	TestExplainWithdrawal_TheSandboxPolicyPerOrigin	grep for func TestExplainWithdrawal_TheSandboxPolicyPerOrigin over *_test.go	HOLDS	
docs/build/DECISION_REGISTER.md	881	testname	TestSandboxPolicy	grep for func TestSandboxPolicy over *_test.go	HOLDS	
docs/build/DECISION_REGISTER.md	890	path	internal/config	ls internal/config	HOLDS	
docs/build/DECISION_REGISTER.md	890	path	test/integration/enums	ls test/integration/enums	HOLDS	
docs/build/DECISION_REGISTER.md	891	gosymbol	internal/credit/funding.go	go symbol selector, not a path	UNCHECKABLE	
docs/build/DECISION_REGISTER.md	891	path	internal/httpapi/handlers_credits.go	ls internal/httpapi/handlers_credits.go	HOLDS	
docs/build/DECISION_REGISTER.md	891	path	migrations/00793_a_funding_records_the_mode_that_opened_its_payment.sql	ls migrations/00793_a_funding_records_the_mode_that_opened_its_payment.sql	HOLDS	
docs/build/DECISION_REGISTER.md	891	testname	TestCreateFundingRequest_Validate	grep for func TestCreateFundingRequest_Validate over *_test.go	HOLDS	
docs/build/DECISION_REGISTER.md	891	testname	TestCreditPurchaseCarriesItsTemperature	grep for func TestCreditPurchaseCarriesItsTemperature over *_test.go	HOLDS	
docs/build/DECISION_REGISTER.md	898	testname	TestIntegration_OperatorDirectoryAuthority	grep for func TestIntegration_OperatorDirectoryAuthority over *_test.go	HOLDS	
docs/build/DECISION_REGISTER.md	899	path	test/security	ls test/security	HOLDS	
docs/build/DECISION_REGISTER.md	900	path	internal/operatorroles	ls internal/operatorroles	HOLDS	
docs/build/DECISION_REGISTER.md	900	path	migrations/00799_a_revoked_operator_role_stays_revoked.sql	ls migrations/00799_a_revoked_operator_role_stays_revoked.sql	HOLDS	
docs/build/DECISION_REGISTER.md	900	path	test/integration/enums	ls test/integration/enums	HOLDS	
docs/build/DECISION_REGISTER.md	900	testname	TestAudit_TheOperatorDirectoryIsRewritableByTheApplicationRole	grep for func TestAudit_TheOperatorDirectoryIsRewritableByTheApplicationRole over *_test.go	HOLDS	
docs/build/DECISION_REGISTER.md	900	testname	TestIntegration_Bootstrap_DoesNotRestoreARevokedGrant	grep for func TestIntegration_Bootstrap_DoesNotRestoreARevokedGrant over *_test.go	HOLDS	
docs/build/DECISION_REGISTER.md	900	testname	TestIntegration_OperatorDirectoryAuthority	grep for func TestIntegration_OperatorDirectoryAuthority over *_test.go	HOLDS	
docs/build/DECISION_REGISTER.md	910	route	GET /v1/me/security	grep the api.gen.go route table	HOLDS	
docs/build/DECISION_REGISTER.md	911	gosymbol	internal/identity/login.go	go symbol selector, not a path	UNCHECKABLE	
docs/build/DECISION_REGISTER.md	911	path	internal/httpapi/handlers_auth.go	ls internal/httpapi/handlers_auth.go	HOLDS	
docs/build/DECISION_REGISTER.md	911	testname	TestAudit_AColdStepUpIssuesAndAStrangersSessionIsNotRotated	grep for func TestAudit_AColdStepUpIssuesAndAStrangersSessionIsNotRotated over *_test.go	HOLDS	
docs/build/DECISION_REGISTER.md	911	testname	TestAudit_StepUpLoginLeavesThePreviousSessionLiveAndUsable	grep for func TestAudit_StepUpLoginLeavesThePreviousSessionLiveAndUsable over *_test.go	HOLDS	
docs/build/DECISION_REGISTER.md	911	testname	TestAudit_TheCallbackHandsTheCurrentSessionToTheLoginService	grep for func TestAudit_TheCallbackHandsTheCurrentSessionToTheLoginService over *_test.go	HOLDS	
docs/build/DECISION_REGISTER.md	915	gosymbol	internal/profile/closure.go	go symbol selector, not a path	UNCHECKABLE	
docs/build/DECISION_REGISTER.md	921	path	internal/payout	ls internal/payout	HOLDS	
docs/build/DECISION_REGISTER.md	921	path	internal/profile	ls internal/profile	HOLDS	
docs/build/DECISION_REGISTER.md	922	route	GET /v1/admin/users/{userId}	grep the api.gen.go route table	HOLDS	
docs/build/DECISION_REGISTER.md	923	gosymbol	internal/profile/closure.go	go symbol selector, not a path	UNCHECKABLE	
docs/build/DECISION_REGISTER.md	923	path	apps/admin/src/views/accounts.ts	ls apps/admin/src/views/accounts.ts	HOLDS	
docs/build/DECISION_REGISTER.md	923	path	openapi/openapi.yaml	ls openapi/openapi.yaml	HOLDS	
docs/build/DECISION_REGISTER.md	923	testname	TestAudit_EffectingAClosureChecksNothingFinancial	grep for func TestAudit_EffectingAClosureChecksNothingFinancial over *_test.go	HOLDS	
docs/build/DECISION_REGISTER.md	923	testname	TestAudit_EffectingAClosureIsRefusedWhileAPositionIsOpen	grep for func TestAudit_EffectingAClosureIsRefusedWhileAPositionIsOpen over *_test.go	HOLDS	
docs/build/DECISION_REGISTER.md	923	testname	TestAudit_EffectingAClosureIsRefusedWhileCreditsRemain	grep for func TestAudit_EffectingAClosureIsRefusedWhileCreditsRemain over *_test.go	HOLDS	
docs/build/DECISION_REGISTER.md	923	testname	TestAudit_TheClosureDecisionSurfaceCarriesNoFinancialFact	grep for func TestAudit_TheClosureDecisionSurfaceCarriesNoFinancialFact over *_test.go	HOLDS	
docs/build/DECISION_REGISTER.md	923	testname	TestClosureBlockers_TheTerminalPayoutStatesAreThePayoutPackages	grep for func TestClosureBlockers_TheTerminalPayoutStatesAreThePayoutPackages over *_test.go	HOLDS	
docs/build/DECISION_REGISTER.md	927	route	GET /v1/auth/login	grep the api.gen.go route table	HOLDS	
docs/build/DECISION_REGISTER.md	932	path	internal/httpapi/handlers_auth.go	ls internal/httpapi/handlers_auth.go	HOLDS	
docs/build/DECISION_REGISTER.md	932	testname	TestAudit_ASecondLoginInvalidatesTheFirstTabsFlow	grep for func TestAudit_ASecondLoginInvalidatesTheFirstTabsFlow over *_test.go	HOLDS	
docs/build/DECISION_REGISTER.md	941	gosymbol	internal/gates/sandbox.go	go symbol selector, not a path	UNCHECKABLE	
docs/build/DECISION_REGISTER.md	941	path	migrations/00791_a_sandbox_row_carries_no_approval_and_no_revoke.sql	ls migrations/00791_a_sandbox_row_carries_no_approval_and_no_revoke.sql	HOLDS	
docs/build/DECISION_REGISTER.md	941	testname	TestEvaluateWith_SandboxRowIsActiveOnlyOnASandboxTier	grep for func TestEvaluateWith_SandboxRowIsActiveOnlyOnASandboxTier over *_test.go	HOLDS	
docs/build/DECISION_REGISTER.md	941	testname	TestIntegration_AUDIT_SandboxFromExpiredCarriesTheApprovalItClaimsNotToHave	grep for func TestIntegration_AUDIT_SandboxFromExpiredCarriesTheApprovalItClaimsNotToHave over *_test.go	HOLDS	
docs/build/DECISION_REGISTER.md	941	testname	TestIntegration_AUDIT_SandboxFromRevokedKeepsTheRevoke	grep for func TestIntegration_AUDIT_SandboxFromRevokedKeepsTheRevoke over *_test.go	HOLDS	
docs/build/DECISION_REGISTER.md	941	testname	TestIntegration_SandboxFromAFinishedCeremonyCarriesNoneOfIt	grep for func TestIntegration_SandboxFromAFinishedCeremonyCarriesNoneOfIt over *_test.go	HOLDS	
docs/build/DECISION_REGISTER.md	941	testname	TestIntegration_SandboxGate	grep for func TestIntegration_SandboxGate over *_test.go	HOLDS	
docs/build/DECISION_REGISTER.md	945	path	cmd/api	ls cmd/api	HOLDS	
docs/build/DECISION_REGISTER.md	946	path	cmd/api	ls cmd/api	HOLDS	
docs/build/DECISION_REGISTER.md	951	gosymbol	cmd/api/sandboxtier.go	go symbol selector, not a path	UNCHECKABLE	
docs/build/DECISION_REGISTER.md	951	path	internal/gates/sandbox_bootstrap.go	ls internal/gates/sandbox_bootstrap.go	HOLDS	
docs/build/DECISION_REGISTER.md	951	testname	TestIntegration_AUDIT_ARealCeremonyOnASandboxCapabilityBlocksTheNextBoot	grep for func TestIntegration_AUDIT_ARealCeremonyOnASandboxCapabilityBlocksTheNextBoot over *_test.go	HOLDS	
docs/build/DECISION_REGISTER.md	951	testname	TestIntegration_BootstrapSandboxIsIdempotentAndNeverMovesAnApproval	grep for func TestIntegration_BootstrapSandboxIsIdempotentAndNeverMovesAnApproval over *_test.go	HOLDS	
docs/build/DECISION_REGISTER.md	955	path	internal/killswitch	ls internal/killswitch	HOLDS	
docs/build/DECISION_REGISTER.md	955	path	internal/payout	ls internal/payout	HOLDS	
docs/build/DECISION_REGISTER.md	956	path	internal/withdrawal	ls internal/withdrawal	HOLDS	
docs/build/DECISION_REGISTER.md	963	gosymbol	cmd/api/wire.go	go symbol selector, not a path	UNCHECKABLE	
docs/build/DECISION_REGISTER.md	963	gosymbol	internal/payout/service.go	go symbol selector, not a path	UNCHECKABLE	
docs/build/DECISION_REGISTER.md	963	path	docs/architecture/POLICY_AUTHORITY.md	ls docs/architecture/POLICY_AUTHORITY.md	HOLDS	
docs/build/DECISION_REGISTER.md	963	path	internal/httpapi/wiring_compiler.go	ls internal/httpapi/wiring_compiler.go	HOLDS	
docs/build/DECISION_REGISTER.md	963	testname	TestAUDIT_NoKillSwitchCanReachTheConversionRequestPath	grep for func TestAUDIT_NoKillSwitchCanReachTheConversionRequestPath over *_test.go	HOLDS	
docs/build/DECISION_REGISTER.md	963	testname	TestIntegration_AFrozenAccountCannotConvert	grep for func TestIntegration_AFrozenAccountCannotConvert over *_test.go	HOLDS	
docs/build/DECISION_REGISTER.md	963	testname	TestIntegration_AKillSwitchStopsASubmissionMidFlight	grep for func TestIntegration_AKillSwitchStopsASubmissionMidFlight over *_test.go	HOLDS	
docs/build/DECISION_REGISTER.md	963	testname	TestIntegration_EveryWithdrawSwitchStopsAConversionRequest	grep for func TestIntegration_EveryWithdrawSwitchStopsAConversionRequest over *_test.go	HOLDS	
docs/build/DECISION_REGISTER.md	972	gosymbol	internal/notifications/follower.go	go symbol selector, not a path	UNCHECKABLE	
docs/build/DECISION_REGISTER.md	972	testname	TestAuditAgnot_TheLapRepublishesTheSameSignalsEveryPass	grep for func TestAuditAgnot_TheLapRepublishesTheSameSignalsEveryPass over *_test.go	HOLDS	
docs/build/DECISION_REGISTER.md	972	testname	TestAudit_FollowerStallsForeverAfterABatchSizedBurst	grep for func TestAudit_FollowerStallsForeverAfterABatchSizedBurst over *_test.go	HOLDS	
docs/build/DECISION_REGISTER.md	972	testname	TestIntegration_TheFollowerNotifiesOnceForACapturedPurchase	grep for func TestIntegration_TheFollowerNotifiesOnceForACapturedPurchase over *_test.go	HOLDS	
docs/build/HUMAN_ACTIONS_QUEUE.md	38	path	internal/pii	ls internal/pii	HOLDS	
docs/build/HUMAN_ACTIONS_QUEUE.md	45	prose	main is at 9906c9f	git log --oneline -1 main	HOLDS	
docs/build/HUMAN_ACTIONS_QUEUE.md	47	path	docs/audit/PRODUCTION_EVIDENCE_INDEX.md	ls docs/audit/PRODUCTION_EVIDENCE_INDEX.md	UNCHECKABLE	where the evidence will be written after item 3; the item is OPEN
docs/build/HUMAN_ACTIONS_QUEUE.md	53	prose	the static site is nodal-web with domain app-nodal.actorvia.xyz	render.yaml:626,632	HOLDS	
docs/build/HUMAN_ACTIONS_QUEUE.md	57	prose	NODAL_DB_MIGRATE_URL is gone from render.yaml	grep NODAL_DB_MIGRATE_URL render.yaml finds only the comment saying it is absent	HOLDS	
docs/build/HUMAN_ACTIONS_QUEUE.md	60	path	cmd/api	ls cmd/api	HOLDS	
docs/build/HUMAN_ACTIONS_QUEUE.md	62	path	cmd/migrate	ls cmd/migrate	HOLDS	
docs/build/HUMAN_ACTIONS_QUEUE.md	62	path	docs/operations/LAUNCH_TIER.md	ls docs/operations/LAUNCH_TIER.md	HOLDS	
docs/build/HUMAN_ACTIONS_QUEUE.md	63	testname	TestTheWebServiceIsNotGivenTheSchemaOwner	grep for func TestTheWebServiceIsNotGivenTheSchemaOwner over *_test.go	HOLDS	
docs/build/REQUIREMENTS_TRACEABILITY.md	8	path	docs/audit/AUDIT_FINDINGS.md	ls docs/audit/AUDIT_FINDINGS.md	HOLDS	
docs/build/REQUIREMENTS_TRACEABILITY.md	21	testname	TestDocs_EveryTestTheyNameExists	grep for func TestDocs_EveryTestTheyNameExists over *_test.go	HOLDS	
docs/build/REQUIREMENTS_TRACEABILITY.md	23	path	docs/build/BLOCKERS.md	ls docs/build/BLOCKERS.md	HOLDS	
docs/build/REQUIREMENTS_TRACEABILITY.md	53	gosymbol	internal/signing/inspect/jupiter.go	go symbol selector, not a path	UNCHECKABLE	
docs/build/REQUIREMENTS_TRACEABILITY.md	68	testname	TestDocs_TraceabilitySummaryMatchesItsRows	grep for func TestDocs_TraceabilitySummaryMatchesItsRows over *_test.go	HOLDS	
docs/build/REQUIREMENTS_TRACEABILITY.md	107	testname	TestValidate_ProdRulesIndividually	grep for func TestValidate_ProdRulesIndividually over *_test.go	HOLDS	
docs/build/REQUIREMENTS_TRACEABILITY.md	109	path	docs/build/MASTER_BUILD_STATE.md	ls docs/build/MASTER_BUILD_STATE.md	HOLDS	
docs/build/REQUIREMENTS_TRACEABILITY.md	115	testname	TestOneEnvironmentVariableCannotEnableLiveMoney	grep for func TestOneEnvironmentVariableCannotEnableLiveMoney over *_test.go	HOLDS	
docs/build/REQUIREMENTS_TRACEABILITY.md	115	testname	TestRefuseFakeProviders	grep for func TestRefuseFakeProviders over *_test.go	HOLDS	
docs/build/REQUIREMENTS_TRACEABILITY.md	115	testname	TestValidate_NoFakeProvidersCoversEverySlot	grep for func TestValidate_NoFakeProvidersCoversEverySlot over *_test.go	HOLDS	
docs/build/REQUIREMENTS_TRACEABILITY.md	116	testname	TestSQLInjection_EveryStatementIsBuiltFromConstants	grep for func TestSQLInjection_EveryStatementIsBuiltFromConstants over *_test.go	HOLDS	
docs/build/REQUIREMENTS_TRACEABILITY.md	119	testname	FuzzParse	grep for func FuzzParse over *_test.go	HOLDS	
docs/build/REQUIREMENTS_TRACEABILITY.md	119	testname	TestNew_ConcurrentUnique	grep for func TestNew_ConcurrentUnique over *_test.go	HOLDS	
docs/build/REQUIREMENTS_TRACEABILITY.md	119	testname	TestNew_IsVersion7	grep for func TestNew_IsVersion7 over *_test.go	HOLDS	
docs/build/REQUIREMENTS_TRACEABILITY.md	119	testname	TestNew_MonotonicWithinProcess	grep for func TestNew_MonotonicWithinProcess over *_test.go	HOLDS	
docs/build/REQUIREMENTS_TRACEABILITY.md	119	testname	TestProp_RoundTrip	grep for func TestProp_RoundTrip over *_test.go	HOLDS	
docs/build/REQUIREMENTS_TRACEABILITY.md	119	testname	TestProp_TimeOrdering	grep for func TestProp_TimeOrdering over *_test.go	HOLDS	
docs/build/REQUIREMENTS_TRACEABILITY.md	120	testname	TestIntegration_Migrations	grep for func TestIntegration_Migrations over *_test.go	HOLDS	
docs/build/REQUIREMENTS_TRACEABILITY.md	121	testname	TestElapsed	grep for func TestElapsed over *_test.go	HOLDS	
docs/build/REQUIREMENTS_TRACEABILITY.md	121	testname	TestFake_NoMonotonicReading	grep for func TestFake_NoMonotonicReading over *_test.go	HOLDS	
docs/build/REQUIREMENTS_TRACEABILITY.md	121	testname	TestSystem_ReturnsUTC	grep for func TestSystem_ReturnsUTC over *_test.go	HOLDS	
docs/build/REQUIREMENTS_TRACEABILITY.md	122	testname	TestEnvelope_Validate	grep for func TestEnvelope_Validate over *_test.go	HOLDS	
docs/build/REQUIREMENTS_TRACEABILITY.md	122	testname	TestIntegration_Migrations	grep for func TestIntegration_Migrations over *_test.go	HOLDS	
docs/build/REQUIREMENTS_TRACEABILITY.md	123	testname	TestBPS_ApplyQuantity	grep for func TestBPS_ApplyQuantity over *_test.go	HOLDS	
docs/build/REQUIREMENTS_TRACEABILITY.md	123	testname	TestBPS_OneHundredPercentIsIdentity	grep for func TestBPS_OneHundredPercentIsIdentity over *_test.go	HOLDS	
docs/build/REQUIREMENTS_TRACEABILITY.md	123	testname	TestNoFloatingPointInSource	grep for func TestNoFloatingPointInSource over *_test.go	HOLDS	
docs/build/REQUIREMENTS_TRACEABILITY.md	123	testname	TestQuantity_Arithmetic	grep for func TestQuantity_Arithmetic over *_test.go	HOLDS	
docs/build/REQUIREMENTS_TRACEABILITY.md	123	testname	TestQuantity_PrecisionBoundaries	grep for func TestQuantity_PrecisionBoundaries over *_test.go	HOLDS	
docs/build/REQUIREMENTS_TRACEABILITY.md	123	testname	TestQuantity_SQL	grep for func TestQuantity_SQL over *_test.go	HOLDS	
docs/build/REQUIREMENTS_TRACEABILITY.md	123	testname	TestUSD_AddSub	grep for func TestUSD_AddSub over *_test.go	HOLDS	
docs/build/REQUIREMENTS_TRACEABILITY.md	123	testname	TestUSD_Bounds	grep for func TestUSD_Bounds over *_test.go	HOLDS	
docs/build/REQUIREMENTS_TRACEABILITY.md	123	testname	TestUSD_MulBPS	grep for func TestUSD_MulBPS over *_test.go	HOLDS	
docs/build/REQUIREMENTS_TRACEABILITY.md	124	testname	TestNotional_Solana	grep for func TestNotional_Solana over *_test.go	HOLDS	
docs/build/REQUIREMENTS_TRACEABILITY.md	124	testname	TestPriceFromDecimalString	grep for func TestPriceFromDecimalString over *_test.go	HOLDS	
docs/build/REQUIREMENTS_TRACEABILITY.md	124	testname	TestPrice_String	grep for func TestPrice_String over *_test.go	HOLDS	
docs/build/REQUIREMENTS_TRACEABILITY.md	124	testname	TestPrice_Validate	grep for func TestPrice_Validate over *_test.go	HOLDS	
docs/build/REQUIREMENTS_TRACEABILITY.md	124	testname	TestProp_NotionalScaleInvariance	grep for func TestProp_NotionalScaleInvariance over *_test.go	HOLDS	
docs/build/REQUIREMENTS_TRACEABILITY.md	125	testname	TestDivRound_Table	grep for func TestDivRound_Table over *_test.go	HOLDS	
docs/build/REQUIREMENTS_TRACEABILITY.md	125	testname	TestProp_RoundingMonotonic	grep for func TestProp_RoundingMonotonic over *_test.go	HOLDS	
docs/build/REQUIREMENTS_TRACEABILITY.md	125	testname	TestRoundingMode_StringAndParse	grep for func TestRoundingMode_StringAndParse over *_test.go	HOLDS	
docs/build/REQUIREMENTS_TRACEABILITY.md	125	testname	TestRoundingMode_ZeroValueIsInvalid	grep for func TestRoundingMode_ZeroValueIsInvalid over *_test.go	HOLDS	
docs/build/REQUIREMENTS_TRACEABILITY.md	126	testname	FuzzParseQuantity	grep for func FuzzParseQuantity over *_test.go	HOLDS	
docs/build/REQUIREMENTS_TRACEABILITY.md	126	testname	FuzzParseUSD	grep for func FuzzParseUSD over *_test.go	HOLDS	
docs/build/REQUIREMENTS_TRACEABILITY.md	126	testname	FuzzQuantityFromDecimalString	grep for func FuzzQuantityFromDecimalString over *_test.go	HOLDS	
docs/build/REQUIREMENTS_TRACEABILITY.md	126	testname	FuzzScanQuantity	grep for func FuzzScanQuantity over *_test.go	HOLDS	
docs/build/REQUIREMENTS_TRACEABILITY.md	126	testname	TestParseUSDRound	grep for func TestParseUSDRound over *_test.go	HOLDS	
docs/build/REQUIREMENTS_TRACEABILITY.md	126	testname	TestProp_DecimalStringRoundTrip	grep for func TestProp_DecimalStringRoundTrip over *_test.go	HOLDS	
docs/build/REQUIREMENTS_TRACEABILITY.md	126	testname	TestProp_QuantityStringParseRoundTrip	grep for func TestProp_QuantityStringParseRoundTrip over *_test.go	HOLDS	
docs/build/REQUIREMENTS_TRACEABILITY.md	126	testname	TestProp_USDQuoteRoundTrip	grep for func TestProp_USDQuoteRoundTrip over *_test.go	HOLDS	
docs/build/REQUIREMENTS_TRACEABILITY.md	126	testname	TestProp_USDStringParseRoundTrip	grep for func TestProp_USDStringParseRoundTrip over *_test.go	HOLDS	
docs/build/REQUIREMENTS_TRACEABILITY.md	126	testname	TestQuantity_PrecisionBoundaries	grep for func TestQuantity_PrecisionBoundaries over *_test.go	HOLDS	
docs/build/REQUIREMENTS_TRACEABILITY.md	126	testname	TestUSD_AddSub	grep for func TestUSD_AddSub over *_test.go	HOLDS	
docs/build/REQUIREMENTS_TRACEABILITY.md	126	testname	TestUSD_Bounds	grep for func TestUSD_Bounds over *_test.go	HOLDS	
docs/build/REQUIREMENTS_TRACEABILITY.md	126	testname	TestUSD_MinimumUnit	grep for func TestUSD_MinimumUnit over *_test.go	HOLDS	
docs/build/REQUIREMENTS_TRACEABILITY.md	127	testname	TestIntegration_ConcurrentRelaysPublishExactlyOnceAndInPartitionOrder	grep for func TestIntegration_ConcurrentRelaysPublishExactlyOnceAndInPartitionOrder over *_test.go	HOLDS	
docs/build/REQUIREMENTS_TRACEABILITY.md	127	testname	TestIntegration_MetricsExportDepthLagAndOutcomes	grep for func TestIntegration_MetricsExportDepthLagAndOutcomes over *_test.go	HOLDS	
docs/build/REQUIREMENTS_TRACEABILITY.md	127	testname	TestIntegration_OrderingSurvivesConcurrentRelaysAndAMidPartitionFailure	grep for func TestIntegration_OrderingSurvivesConcurrentRelaysAndAMidPartitionFailure over *_test.go	HOLDS	
docs/build/REQUIREMENTS_TRACEABILITY.md	127	testname	TestIntegration_OutboxDedupKeyConflictRollsBack	grep for func TestIntegration_OutboxDedupKeyConflictRollsBack over *_test.go	HOLDS	
docs/build/REQUIREMENTS_TRACEABILITY.md	127	testname	TestIntegration_Redpanda_PerPartitionOrderingFollowsTheAggregateKey	grep for func TestIntegration_Redpanda_PerPartitionOrderingFollowsTheAggregateKey over *_test.go	HOLDS	
docs/build/REQUIREMENTS_TRACEABILITY.md	127	testname	TestIntegration_RelayCrashBetweenPublishAndMark_ConsumerInboxDedups	grep for func TestIntegration_RelayCrashBetweenPublishAndMark_ConsumerInboxDedups over *_test.go	HOLDS	
docs/build/REQUIREMENTS_TRACEABILITY.md	127	testname	TestIntegration_RelayFailedPublishBacksOffAndRetries	grep for func TestIntegration_RelayFailedPublishBacksOffAndRetries over *_test.go	HOLDS	
docs/build/REQUIREMENTS_TRACEABILITY.md	127	testname	TestIntegration_RelayHoldsPartitionBehindFailedPredecessor	grep for func TestIntegration_RelayHoldsPartitionBehindFailedPredecessor over *_test.go	HOLDS	
docs/build/REQUIREMENTS_TRACEABILITY.md	127	testname	TestIntegration_RelayPublishesOnlyCommittedRows	grep for func TestIntegration_RelayPublishesOnlyCommittedRows over *_test.go	HOLDS	
docs/build/REQUIREMENTS_TRACEABILITY.md	127	testname	TestIntegration_TransportFailureNeverMarksPublishedAndRecovers	grep for func TestIntegration_TransportFailureNeverMarksPublishedAndRecovers over *_test.go	HOLDS	
docs/build/REQUIREMENTS_TRACEABILITY.md	127	testname	TestIntegration_TwoRelaysNeverDoublePublish	grep for func TestIntegration_TwoRelaysNeverDoublePublish over *_test.go	HOLDS	
docs/build/REQUIREMENTS_TRACEABILITY.md	128	testname	TestIntegration_EndToEnd_DuplicateAndReorderedDeliveryIsHarmless	grep for func TestIntegration_EndToEnd_DuplicateAndReorderedDeliveryIsHarmless over *_test.go	HOLDS	
docs/build/REQUIREMENTS_TRACEABILITY.md	128	testname	TestIntegration_InboxConcurrentProcessRunsFnExactlyOnce	grep for func TestIntegration_InboxConcurrentProcessRunsFnExactlyOnce over *_test.go	HOLDS	
docs/build/REQUIREMENTS_TRACEABILITY.md	128	testname	TestIntegration_InboxFailedIsReprocessable	grep for func TestIntegration_InboxFailedIsReprocessable over *_test.go	HOLDS	
docs/build/REQUIREMENTS_TRACEABILITY.md	128	testname	TestIntegration_InboxPayloadHashMismatchIsConflict	grep for func TestIntegration_InboxPayloadHashMismatchIsConflict over *_test.go	HOLDS	
docs/build/REQUIREMENTS_TRACEABILITY.md	128	testname	TestProp_InboxDuplicateDeliveryRunsFnOnce	grep for func TestProp_InboxDuplicateDeliveryRunsFnOnce over *_test.go	HOLDS	
docs/build/REQUIREMENTS_TRACEABILITY.md	129	testname	FuzzCanonicalJSON	grep for func FuzzCanonicalJSON over *_test.go	HOLDS	
docs/build/REQUIREMENTS_TRACEABILITY.md	129	testname	TestEveryMutatingOperationRequiresAnIdempotencyKey	grep for func TestEveryMutatingOperationRequiresAnIdempotencyKey over *_test.go	HOLDS	
docs/build/REQUIREMENTS_TRACEABILITY.md	129	testname	TestHashRequest	grep for func TestHashRequest over *_test.go	HOLDS	
docs/build/REQUIREMENTS_TRACEABILITY.md	129	testname	TestIdempotencyKeyCharsetAndLengthAreEnforced	grep for func TestIdempotencyKeyCharsetAndLengthAreEnforced over *_test.go	HOLDS	
docs/build/REQUIREMENTS_TRACEABILITY.md	129	testname	TestIdempotency_KeysAreScopedPerPrincipal	grep for func TestIdempotency_KeysAreScopedPerPrincipal over *_test.go	HOLDS	
docs/build/REQUIREMENTS_TRACEABILITY.md	129	testname	TestIdempotency_MalformedKeysAreRefusedWithAStableCode	grep for func TestIdempotency_MalformedKeysAreRefusedWithAStableCode over *_test.go	HOLDS	
docs/build/REQUIREMENTS_TRACEABILITY.md	129	testname	TestIntegration_AcquireCompleteReplay	grep for func TestIntegration_AcquireCompleteReplay over *_test.go	HOLDS	
docs/build/REQUIREMENTS_TRACEABILITY.md	129	testname	TestIntegration_IdempotentReplayIsPersisted	grep for func TestIntegration_IdempotentReplayIsPersisted over *_test.go	HOLDS	
docs/build/REQUIREMENTS_TRACEABILITY.md	129	testname	TestProp_CanonicalJSON_IndependentOfKeyOrderAndWhitespace	grep for func TestProp_CanonicalJSON_IndependentOfKeyOrderAndWhitespace over *_test.go	HOLDS	
docs/build/REQUIREMENTS_TRACEABILITY.md	130	testname	TestIntegration_AcquireCompleteReplay	grep for func TestIntegration_AcquireCompleteReplay over *_test.go	HOLDS	
docs/build/REQUIREMENTS_TRACEABILITY.md	130	testname	TestIntegration_ConcurrentBegin_ExactlyOneAcquires	grep for func TestIntegration_ConcurrentBegin_ExactlyOneAcquires over *_test.go	HOLDS	
docs/build/REQUIREMENTS_TRACEABILITY.md	130	testname	TestIntegration_DifferentHashIsDeterministicConflict	grep for func TestIntegration_DifferentHashIsDeterministicConflict over *_test.go	HOLDS	
docs/build/REQUIREMENTS_TRACEABILITY.md	130	testname	TestIntegration_ExpiredRowsAreReacquired	grep for func TestIntegration_ExpiredRowsAreReacquired over *_test.go	HOLDS	
docs/build/REQUIREMENTS_TRACEABILITY.md	130	testname	TestIntegration_FailedKeyIsReacquirable	grep for func TestIntegration_FailedKeyIsReacquirable over *_test.go	HOLDS	
docs/build/REQUIREMENTS_TRACEABILITY.md	131	testname	TestAllCodes_CoversConventions	grep for func TestAllCodes_CoversConventions over *_test.go	HOLDS	
docs/build/REQUIREMENTS_TRACEABILITY.md	131	testname	TestHTTPStatus_EveryCodeExplicitlyMapped	grep for func TestHTTPStatus_EveryCodeExplicitlyMapped over *_test.go	HOLDS	
docs/build/REQUIREMENTS_TRACEABILITY.md	131	testname	TestProblem_JSONGolden	grep for func TestProblem_JSONGolden over *_test.go	HOLDS	
docs/build/REQUIREMENTS_TRACEABILITY.md	131	testname	TestToProblem_NeverExposesCauseForAnyCode	grep for func TestToProblem_NeverExposesCauseForAnyCode over *_test.go	HOLDS	
docs/build/REQUIREMENTS_TRACEABILITY.md	131	testname	TestToProblem_RedactsInternal	grep for func TestToProblem_RedactsInternal over *_test.go	HOLDS	
docs/build/REQUIREMENTS_TRACEABILITY.md	131	testname	TestWriteProblem	grep for func TestWriteProblem over *_test.go	HOLDS	
docs/build/REQUIREMENTS_TRACEABILITY.md	132	testname	TestExampleEnv_LoadsAsValidLocalConfig	grep for func TestExampleEnv_LoadsAsValidLocalConfig over *_test.go	HOLDS	
docs/build/REQUIREMENTS_TRACEABILITY.md	132	testname	TestLoad_DefaultsNeverApplyOutsideLocalTest	grep for func TestLoad_DefaultsNeverApplyOutsideLocalTest over *_test.go	HOLDS	
docs/build/REQUIREMENTS_TRACEABILITY.md	132	testname	TestLoad_EnvironmentIsRequiredAndFailsClosed	grep for func TestLoad_EnvironmentIsRequiredAndFailsClosed over *_test.go	HOLDS	
docs/build/REQUIREMENTS_TRACEABILITY.md	132	testname	TestLoad_FullProdEnvironment	grep for func TestLoad_FullProdEnvironment over *_test.go	HOLDS	
docs/build/REQUIREMENTS_TRACEABILITY.md	132	testname	TestProp_ParseEnvironmentFailsClosed	grep for func TestProp_ParseEnvironmentFailsClosed over *_test.go	HOLDS	
docs/build/REQUIREMENTS_TRACEABILITY.md	132	testname	TestValidate_JoinsEveryViolation	grep for func TestValidate_JoinsEveryViolation over *_test.go	HOLDS	
docs/build/REQUIREMENTS_TRACEABILITY.md	133	testname	TestValidate_InsecureOTLPOnlyRejectedInProd	grep for func TestValidate_InsecureOTLPOnlyRejectedInProd over *_test.go	HOLDS	
docs/build/REQUIREMENTS_TRACEABILITY.md	133	testname	TestValidate_NoFakeProvidersCoversEverySlot	grep for func TestValidate_NoFakeProvidersCoversEverySlot over *_test.go	HOLDS	
docs/build/REQUIREMENTS_TRACEABILITY.md	133	testname	TestValidate_ProdRulesIndividually	grep for func TestValidate_ProdRulesIndividually over *_test.go	HOLDS	
docs/build/REQUIREMENTS_TRACEABILITY.md	133	testname	TestValidate_ValidProdHasNoViolations	grep for func TestValidate_ValidProdHasNoViolations over *_test.go	HOLDS	
docs/build/REQUIREMENTS_TRACEABILITY.md	134	testname	TestAgentTreesNeverImportAuthority	grep for func TestAgentTreesNeverImportAuthority over *_test.go	HOLDS	
docs/build/REQUIREMENTS_TRACEABILITY.md	134	testname	TestHealth_Semantics	grep for func TestHealth_Semantics over *_test.go	HOLDS	
docs/build/REQUIREMENTS_TRACEABILITY.md	134	testname	TestRegistry	grep for func TestRegistry over *_test.go	HOLDS	
docs/build/REQUIREMENTS_TRACEABILITY.md	134	testname	TestSigningImportedOnlyByExecutionBoundary	grep for func TestSigningImportedOnlyByExecutionBoundary over *_test.go	HOLDS	
docs/build/REQUIREMENTS_TRACEABILITY.md	135	testname	TestEveryGeneratedOperationHasAnExplicitPolicy	grep for func TestEveryGeneratedOperationHasAnExplicitPolicy over *_test.go	HOLDS	
docs/build/REQUIREMENTS_TRACEABILITY.md	135	testname	TestEveryMutatingOperationRequiresAnIdempotencyKey	grep for func TestEveryMutatingOperationRequiresAnIdempotencyKey over *_test.go	HOLDS	
docs/build/REQUIREMENTS_TRACEABILITY.md	135	testname	TestEveryStateChangingRouteIsMarkedMutating	grep for func TestEveryStateChangingRouteIsMarkedMutating over *_test.go	HOLDS	
docs/build/REQUIREMENTS_TRACEABILITY.md	135	testname	TestLedger_AForgedCursorCannotCrossTenants	grep for func TestLedger_AForgedCursorCannotCrossTenants over *_test.go	HOLDS	
docs/build/REQUIREMENTS_TRACEABILITY.md	135	testname	TestOperationPolicyCountMatchesRouteCount	grep for func TestOperationPolicyCountMatchesRouteCount over *_test.go	HOLDS	
docs/build/REQUIREMENTS_TRACEABILITY.md	135	testname	TestPagination_ACursorNeverWidensTheOwnerFilter	grep for func TestPagination_ACursorNeverWidensTheOwnerFilter over *_test.go	HOLDS	
docs/build/REQUIREMENTS_TRACEABILITY.md	135	testname	TestReadEndpoints_HappyPath	grep for func TestReadEndpoints_HappyPath over *_test.go	HOLDS	
docs/build/REQUIREMENTS_TRACEABILITY.md	135	testname	TestUnknownRouteAndMethodAreProblemJSON	grep for func TestUnknownRouteAndMethodAreProblemJSON over *_test.go	HOLDS	
docs/build/REQUIREMENTS_TRACEABILITY.md	136	testname	TestArchivedCheckpoint_ShapeAndReservedField	grep for func TestArchivedCheckpoint_ShapeAndReservedField over *_test.go	HOLDS	
docs/build/REQUIREMENTS_TRACEABILITY.md	136	testname	TestDecode_Rejects	grep for func TestDecode_Rejects over *_test.go	HOLDS	
docs/build/REQUIREMENTS_TRACEABILITY.md	136	testname	TestDecode_RejectsUnknownFields	grep for func TestDecode_RejectsUnknownFields over *_test.go	HOLDS	
docs/build/REQUIREMENTS_TRACEABILITY.md	136	testname	TestEnvelope_Validate	grep for func TestEnvelope_Validate over *_test.go	HOLDS	
docs/build/REQUIREMENTS_TRACEABILITY.md	136	testname	TestEveryProducerTopicIsRegistered	grep for func TestEveryProducerTopicIsRegistered over *_test.go	HOLDS	
docs/build/REQUIREMENTS_TRACEABILITY.md	136	testname	TestParsePolicy_RejectsUnknownKeys	grep for func TestParsePolicy_RejectsUnknownKeys over *_test.go	HOLDS	
docs/build/REQUIREMENTS_TRACEABILITY.md	136	testname	TestSemanticHash_StableAcrossProcesses	grep for func TestSemanticHash_StableAcrossProcesses over *_test.go	HOLDS	
docs/build/REQUIREMENTS_TRACEABILITY.md	136	testname	TestTopics_RegistryComplete	grep for func TestTopics_RegistryComplete over *_test.go	HOLDS	
docs/build/REQUIREMENTS_TRACEABILITY.md	137	testname	TestEnvelope_Validate	grep for func TestEnvelope_Validate over *_test.go	HOLDS	
docs/build/REQUIREMENTS_TRACEABILITY.md	137	testname	TestTopics_RegistryComplete	grep for func TestTopics_RegistryComplete over *_test.go	HOLDS	
docs/build/REQUIREMENTS_TRACEABILITY.md	140	testname	TestIntegration_Compliance_UpsertAuditsAndRejectsSelfAttestation	grep for func TestIntegration_Compliance_UpsertAuditsAndRejectsSelfAttestation over *_test.go	HOLDS	
docs/build/REQUIREMENTS_TRACEABILITY.md	140	testname	TestIntegration_FundingFlow_SettledAvailableReversed	grep for func TestIntegration_FundingFlow_SettledAvailableReversed over *_test.go	HOLDS	
docs/build/REQUIREMENTS_TRACEABILITY.md	140	testname	TestIntegration_Login_FirstLoginCreatesUserAccountSession	grep for func TestIntegration_Login_FirstLoginCreatesUserAccountSession over *_test.go	HOLDS	
docs/build/REQUIREMENTS_TRACEABILITY.md	140	testname	TestIntegration_Migrations	grep for func TestIntegration_Migrations over *_test.go	HOLDS	
docs/build/REQUIREMENTS_TRACEABILITY.md	140	testname	TestIntegration_Repository	grep for func TestIntegration_Repository over *_test.go	HOLDS	
docs/build/REQUIREMENTS_TRACEABILITY.md	140	testname	TestIntegration_WalletRepositoryAndTransitionBinding	grep for func TestIntegration_WalletRepositoryAndTransitionBinding over *_test.go	HOLDS	
docs/build/REQUIREMENTS_TRACEABILITY.md	141	testname	TestIntegration_AppRoleGrantsMatchFinancialModel	grep for func TestIntegration_AppRoleGrantsMatchFinancialModel over *_test.go	HOLDS	
docs/build/REQUIREMENTS_TRACEABILITY.md	141	testname	TestIntegration_Migrations	grep for func TestIntegration_Migrations over *_test.go	HOLDS	
docs/build/REQUIREMENTS_TRACEABILITY.md	142	testname	TestIntegration_Instruments_SpotPairLifecycle	grep for func TestIntegration_Instruments_SpotPairLifecycle over *_test.go	HOLDS	
docs/build/REQUIREMENTS_TRACEABILITY.md	142	testname	TestIntegration_Migrations	grep for func TestIntegration_Migrations over *_test.go	HOLDS	
docs/build/REQUIREMENTS_TRACEABILITY.md	142	testname	TestIntegration_OrderLifecycle	grep for func TestIntegration_OrderLifecycle over *_test.go	HOLDS	
docs/build/REQUIREMENTS_TRACEABILITY.md	142	testname	TestIntegration_PlanRepository	grep for func TestIntegration_PlanRepository over *_test.go	HOLDS	
docs/build/REQUIREMENTS_TRACEABILITY.md	142	testname	TestIntegration_Submit_IdempotentReplayAndTenancy	grep for func TestIntegration_Submit_IdempotentReplayAndTenancy over *_test.go	HOLDS	
docs/build/REQUIREMENTS_TRACEABILITY.md	143	testname	TestBareStateUpdateIsRefused	grep for func TestBareStateUpdateIsRefused over *_test.go	HOLDS	
docs/build/REQUIREMENTS_TRACEABILITY.md	143	testname	TestIntegration_Migrations	grep for func TestIntegration_Migrations over *_test.go	HOLDS	
docs/build/REQUIREMENTS_TRACEABILITY.md	143	testname	TestIntentRequiresAPredictionThatPredatesIt	grep for func TestIntentRequiresAPredictionThatPredatesIt over *_test.go	HOLDS	
docs/build/REQUIREMENTS_TRACEABILITY.md	143	testname	TestLifecycleWalksTheLadderAndRecordsEveryStep	grep for func TestLifecycleWalksTheLadderAndRecordsEveryStep over *_test.go	HOLDS	
docs/build/REQUIREMENTS_TRACEABILITY.md	143	testname	TestPredictionIsImmutable	grep for func TestPredictionIsImmutable over *_test.go	HOLDS	
docs/build/REQUIREMENTS_TRACEABILITY.md	143	testname	TestSemanticHash_Golden	grep for func TestSemanticHash_Golden over *_test.go	HOLDS	
docs/build/REQUIREMENTS_TRACEABILITY.md	144	testname	TestIntegration_Lifecycle_ThreePrincipals	grep for func TestIntegration_Lifecycle_ThreePrincipals over *_test.go	HOLDS	
docs/build/REQUIREMENTS_TRACEABILITY.md	144	testname	TestIntegration_Migrations	grep for func TestIntegration_Migrations over *_test.go	HOLDS	
docs/build/REQUIREMENTS_TRACEABILITY.md	144	testname	TestIntegration_ProposeApproveExecute	grep for func TestIntegration_ProposeApproveExecute over *_test.go	HOLDS	
docs/build/REQUIREMENTS_TRACEABILITY.md	144	testname	TestIntegration_RecordDecision_RoundTrip	grep for func TestIntegration_RecordDecision_RoundTrip over *_test.go	HOLDS	
docs/build/REQUIREMENTS_TRACEABILITY.md	145	testname	TestIntegration_AppendLinksAndVerifies	grep for func TestIntegration_AppendLinksAndVerifies over *_test.go	HOLDS	
docs/build/REQUIREMENTS_TRACEABILITY.md	145	testname	TestIntegration_ClickHouse_NormalizedRoundTripAndReplacingDedup	grep for func TestIntegration_ClickHouse_NormalizedRoundTripAndReplacingDedup over *_test.go	HOLDS	
docs/build/REQUIREMENTS_TRACEABILITY.md	145	testname	TestIntegration_ConcurrentDuplicatesOneEffect	grep for func TestIntegration_ConcurrentDuplicatesOneEffect over *_test.go	HOLDS	
docs/build/REQUIREMENTS_TRACEABILITY.md	145	testname	TestIntegration_Migrations	grep for func TestIntegration_Migrations over *_test.go	HOLDS	
docs/build/REQUIREMENTS_TRACEABILITY.md	145	testname	TestIntegration_Part163_ReconciliationE2E	grep for func TestIntegration_Part163_ReconciliationE2E over *_test.go	HOLDS	
docs/build/REQUIREMENTS_TRACEABILITY.md	145	testname	TestIntegration_RawArchive_IndexesDedupsAndVerifies	grep for func TestIntegration_RawArchive_IndexesDedupsAndVerifies over *_test.go	HOLDS	
docs/build/REQUIREMENTS_TRACEABILITY.md	147	testname	TestGolden_Determinism1000	grep for func TestGolden_Determinism1000 over *_test.go	HOLDS	
docs/build/REQUIREMENTS_TRACEABILITY.md	147	testname	TestGolden_DeterminismAcrossGoroutines	grep for func TestGolden_DeterminismAcrossGoroutines over *_test.go	HOLDS	
docs/build/REQUIREMENTS_TRACEABILITY.md	147	testname	TestKillSwitch_OrderAndDuplicatesIrrelevant	grep for func TestKillSwitch_OrderAndDuplicatesIrrelevant over *_test.go	HOLDS	
docs/build/REQUIREMENTS_TRACEABILITY.md	147	testname	TestNoFloatingPointInSource	grep for func TestNoFloatingPointInSource over *_test.go	HOLDS	
docs/build/REQUIREMENTS_TRACEABILITY.md	147	testname	TestProp_InputOrderIrrelevant	grep for func TestProp_InputOrderIrrelevant over *_test.go	HOLDS	
docs/build/REQUIREMENTS_TRACEABILITY.md	149	testname	TestAllCodes_CoversConventions	grep for func TestAllCodes_CoversConventions over *_test.go	HOLDS	
docs/build/REQUIREMENTS_TRACEABILITY.md	149	testname	TestExchange_BadSignature	grep for func TestExchange_BadSignature over *_test.go	HOLDS	
docs/build/REQUIREMENTS_TRACEABILITY.md	149	testname	TestIntegration_ConcurrentBegin_ExactlyOneAcquires	grep for func TestIntegration_ConcurrentBegin_ExactlyOneAcquires over *_test.go	HOLDS	
docs/build/REQUIREMENTS_TRACEABILITY.md	149	testname	TestIntegration_PgStore_Lifecycle	grep for func TestIntegration_PgStore_Lifecycle over *_test.go	HOLDS	
docs/build/REQUIREMENTS_TRACEABILITY.md	149	testname	TestIntegration_Serializable_ConcurrentWritersRetryAndBothCommit	grep for func TestIntegration_Serializable_ConcurrentWritersRetryAndBothCommit over *_test.go	HOLDS	
docs/build/REQUIREMENTS_TRACEABILITY.md	149	testname	TestManager_IssueAndAuthenticate	grep for func TestManager_IssueAndAuthenticate over *_test.go	HOLDS	
docs/build/REQUIREMENTS_TRACEABILITY.md	149	testname	TestNew_IsVersion7	grep for func TestNew_IsVersion7 over *_test.go	HOLDS	
docs/build/REQUIREMENTS_TRACEABILITY.md	149	testname	TestNoFloatingPointInSource	grep for func TestNoFloatingPointInSource over *_test.go	HOLDS	
docs/build/REQUIREMENTS_TRACEABILITY.md	149	testname	TestProp_GuardDownTo_NeverUndoesProtectedHistory	grep for func TestProp_GuardDownTo_NeverUndoesProtectedHistory over *_test.go	HOLDS	
docs/build/REQUIREMENTS_TRACEABILITY.md	149	testname	TestProp_InboxDuplicateDeliveryRunsFnOnce	grep for func TestProp_InboxDuplicateDeliveryRunsFnOnce over *_test.go	HOLDS	
docs/build/REQUIREMENTS_TRACEABILITY.md	149	testname	TestRedaction_DenylistKeys	grep for func TestRedaction_DenylistKeys over *_test.go	HOLDS	
docs/build/REQUIREMENTS_TRACEABILITY.md	149	testname	TestRoleMatrix_EveryCell	grep for func TestRoleMatrix_EveryCell over *_test.go	HOLDS	
docs/build/REQUIREMENTS_TRACEABILITY.md	149	testname	TestSystem_ReturnsUTC	grep for func TestSystem_ReturnsUTC over *_test.go	HOLDS	
docs/build/REQUIREMENTS_TRACEABILITY.md	149	testname	TestValidate_ProdRulesIndividually	grep for func TestValidate_ProdRulesIndividually over *_test.go	HOLDS	
docs/build/REQUIREMENTS_TRACEABILITY.md	155	testname	TestEvaluate_PendingOnlyAssetIsValuedButNotHeld	grep for func TestEvaluate_PendingOnlyAssetIsValuedButNotHeld over *_test.go	HOLDS	
docs/build/REQUIREMENTS_TRACEABILITY.md	155	testname	TestIntegration_InternalDriftIsASEV1LedgerIntegrityViolation	grep for func TestIntegration_InternalDriftIsASEV1LedgerIntegrityViolation over *_test.go	HOLDS	
docs/build/REQUIREMENTS_TRACEABILITY.md	155	testname	TestIntegration_ObserverDisagreementBlocks	grep for func TestIntegration_ObserverDisagreementBlocks over *_test.go	HOLDS	
docs/build/REQUIREMENTS_TRACEABILITY.md	155	testname	TestIntegration_PositionLedgerDriftIsDetected	grep for func TestIntegration_PositionLedgerDriftIsDetected over *_test.go	HOLDS	
docs/build/REQUIREMENTS_TRACEABILITY.md	155	testname	TestProp_NeverAgreedWhenAnyFieldDiffers	grep for func TestProp_NeverAgreedWhenAnyFieldDiffers over *_test.go	HOLDS	
docs/build/REQUIREMENTS_TRACEABILITY.md	156	testname	TestDeterminism_NoPackageLevelMutableState	grep for func TestDeterminism_NoPackageLevelMutableState over *_test.go	HOLDS	
docs/build/REQUIREMENTS_TRACEABILITY.md	156	testname	TestIntegration_ClickHouse_LookAheadLeakage	grep for func TestIntegration_ClickHouse_LookAheadLeakage over *_test.go	HOLDS	
docs/build/REQUIREMENTS_TRACEABILITY.md	156	testname	TestIntegration_Workflow_RunsAgainstARealServer	grep for func TestIntegration_Workflow_RunsAgainstARealServer over *_test.go	HOLDS	
docs/build/REQUIREMENTS_TRACEABILITY.md	156	testname	TestSQLInjection_ExcludedTreesAreOffTheRequestPath	grep for func TestSQLInjection_ExcludedTreesAreOffTheRequestPath over *_test.go	HOLDS	
docs/build/REQUIREMENTS_TRACEABILITY.md	157	testname	TestBuyingPower_JSONShape	grep for func TestBuyingPower_JSONShape over *_test.go	HOLDS	
docs/build/REQUIREMENTS_TRACEABILITY.md	157	testname	TestEvaluate_Golden_Unrestricted	grep for func TestEvaluate_Golden_Unrestricted over *_test.go	HOLDS	
docs/build/REQUIREMENTS_TRACEABILITY.md	159	route	GET /v1/agents	grep the api.gen.go route table	HOLDS	
docs/build/REQUIREMENTS_TRACEABILITY.md	159	testname	TestAgents_AuthorityAboveThreeIsRefusedAtTheAPI	grep for func TestAgents_AuthorityAboveThreeIsRefusedAtTheAPI over *_test.go	HOLDS	
docs/build/REQUIREMENTS_TRACEABILITY.md	159	testname	TestAgents_ThePageCarriesTheWholeAuthorityLadder	grep for func TestAgents_ThePageCarriesTheWholeAuthorityLadder over *_test.go	HOLDS	
docs/build/REQUIREMENTS_TRACEABILITY.md	159	testname	TestAuthority_EveryLevelHasWordsAndNoneImpliesUnrestrictedAuthority	grep for func TestAuthority_EveryLevelHasWordsAndNoneImpliesUnrestrictedAuthority over *_test.go	HOLDS	
docs/build/REQUIREMENTS_TRACEABILITY.md	159	testname	TestAuthority_LevelsAboveThreeAreRefusedWithTheirCapability	grep for func TestAuthority_LevelsAboveThreeAreRefusedWithTheirCapability over *_test.go	HOLDS	
docs/build/REQUIREMENTS_TRACEABILITY.md	159	testname	TestAuthority_LevelsZeroToThreeAreTheProduct	grep for func TestAuthority_LevelsZeroToThreeAreTheProduct over *_test.go	HOLDS	
docs/build/REQUIREMENTS_TRACEABILITY.md	159	testname	TestAuthority_UndeclaredLevelIsAValidationFailure	grep for func TestAuthority_UndeclaredLevelIsAValidationFailure over *_test.go	HOLDS	
docs/build/REQUIREMENTS_TRACEABILITY.md	159	testname	TestIntegration_AuthorityAboveThreeIsRefusedAtCreate	grep for func TestIntegration_AuthorityAboveThreeIsRefusedAtCreate over *_test.go	HOLDS	
docs/build/REQUIREMENTS_TRACEABILITY.md	159	testname	TestIntegration_TheAuthorityCeilingInTheSchemaMatchesTheMatrix	grep for func TestIntegration_TheAuthorityCeilingInTheSchemaMatchesTheMatrix over *_test.go	HOLDS	
docs/build/REQUIREMENTS_TRACEABILITY.md	160	route	GET /v1/agents	grep the api.gen.go route table	HOLDS	
docs/build/REQUIREMENTS_TRACEABILITY.md	160	route	GET /v1/agents/{agentId}	grep the api.gen.go route table	HOLDS	
docs/build/REQUIREMENTS_TRACEABILITY.md	160	route	POST /v1/agents	grep the api.gen.go route table	HOLDS	
docs/build/REQUIREMENTS_TRACEABILITY.md	160	testname	TestAgents_CreateCarriesTheLimitsThroughAsExactQuantities	grep for func TestAgents_CreateCarriesTheLimitsThroughAsExactQuantities over *_test.go	HOLDS	
docs/build/REQUIREMENTS_TRACEABILITY.md	160	testname	TestAgents_ThePageCarriesTheWholeAuthorityLadder	grep for func TestAgents_ThePageCarriesTheWholeAuthorityLadder over *_test.go	HOLDS	
docs/build/REQUIREMENTS_TRACEABILITY.md	160	testname	TestAgents_TheReadModelSaysNothingIsRunning	grep for func TestAgents_TheReadModelSaysNothingIsRunning over *_test.go	HOLDS	
docs/build/REQUIREMENTS_TRACEABILITY.md	160	testname	TestIntegration_AdminListSeesEveryAccountAndTheOwnerListSeesOne	grep for func TestIntegration_AdminListSeesEveryAccountAndTheOwnerListSeesOne over *_test.go	HOLDS	
docs/build/REQUIREMENTS_TRACEABILITY.md	161	route	POST /v1/admin/agents/{agentId}/pause	grep the api.gen.go route table	HOLDS	
docs/build/REQUIREMENTS_TRACEABILITY.md	161	route	POST /v1/agents/{agentId}/{action}	grep the api.gen.go route table	HOLDS	
docs/build/REQUIREMENTS_TRACEABILITY.md	161	testname	TestAgents_AnUndeclaredActionIsRefused	grep for func TestAgents_AnUndeclaredActionIsRefused over *_test.go	HOLDS	
docs/build/REQUIREMENTS_TRACEABILITY.md	161	testname	TestAgents_EveryActionReachesTheServiceByName	grep for func TestAgents_EveryActionReachesTheServiceByName over *_test.go	HOLDS	
docs/build/REQUIREMENTS_TRACEABILITY.md	161	testname	TestAgents_OperatorPauseNeedsAReasonAndReachesTheService	grep for func TestAgents_OperatorPauseNeedsAReasonAndReachesTheService over *_test.go	HOLDS	
docs/build/REQUIREMENTS_TRACEABILITY.md	161	testname	TestIntegration_AnOperatorPauseIsRecordedAsAnOperatorPause	grep for func TestIntegration_AnOperatorPauseIsRecordedAsAnOperatorPause over *_test.go	HOLDS	
docs/build/REQUIREMENTS_TRACEABILITY.md	161	testname	TestIntegration_AnOperatorPauseNeedsAnOperatorAndAReason	grep for func TestIntegration_AnOperatorPauseNeedsAnOperatorAndAReason over *_test.go	HOLDS	
docs/build/REQUIREMENTS_TRACEABILITY.md	161	testname	TestIntegration_EnablingRequiresARecentStrongAuthentication	grep for func TestIntegration_EnablingRequiresARecentStrongAuthentication over *_test.go	HOLDS	
docs/build/REQUIREMENTS_TRACEABILITY.md	161	testname	TestIntegration_EnablingWalksTheLadderOneRungAtATime	grep for func TestIntegration_EnablingWalksTheLadderOneRungAtATime over *_test.go	HOLDS	
docs/build/REQUIREMENTS_TRACEABILITY.md	161	testname	TestIntegration_OnlyTheOwnerActsOnTheirAgent	grep for func TestIntegration_OnlyTheOwnerActsOnTheirAgent over *_test.go	HOLDS	
docs/build/REQUIREMENTS_TRACEABILITY.md	161	testname	TestIntegration_PauseResumeDisableArchive	grep for func TestIntegration_PauseResumeDisableArchive over *_test.go	HOLDS	
docs/build/REQUIREMENTS_TRACEABILITY.md	161	testname	TestIntegration_ResumeIsRefusedWhenNothingIsPaused	grep for func TestIntegration_ResumeIsRefusedWhenNothingIsPaused over *_test.go	HOLDS	
docs/build/REQUIREMENTS_TRACEABILITY.md	162	testname	TestAgents_ProductStatusNamesWhatAPersonAsked	grep for func TestAgents_ProductStatusNamesWhatAPersonAsked over *_test.go	HOLDS	
docs/build/REQUIREMENTS_TRACEABILITY.md	162	testname	TestAgents_TheReadModelSaysNothingIsRunning	grep for func TestAgents_TheReadModelSaysNothingIsRunning over *_test.go	HOLDS	
docs/build/REQUIREMENTS_TRACEABILITY.md	162	testname	TestAuthority_EveryLevelHasWordsAndNoneImpliesUnrestrictedAuthority	grep for func TestAuthority_EveryLevelHasWordsAndNoneImpliesUnrestrictedAuthority over *_test.go	HOLDS	
docs/build/REQUIREMENTS_TRACEABILITY.md	162	testname	TestIntegration_LevelThreeNeedsTheCapabilityAndSaysWhoseReasonItIs	grep for func TestIntegration_LevelThreeNeedsTheCapabilityAndSaysWhoseReasonItIs over *_test.go	HOLDS	
docs/build/REQUIREMENTS_TRACEABILITY.md	162	testname	TestIntegration_LevelsBelowThreeDoNotConsultTheCapability	grep for func TestIntegration_LevelsBelowThreeDoNotConsultTheCapability over *_test.go	HOLDS	
docs/build/REQUIREMENTS_TRACEABILITY.md	162	testname	TestRuntime_EnabledIsNotRunning	grep for func TestRuntime_EnabledIsNotRunning over *_test.go	HOLDS	
docs/build/REQUIREMENTS_TRACEABILITY.md	162	testname	TestRuntime_EvidenceCanOnlyWeakenTheDeploymentsClaim	grep for func TestRuntime_EvidenceCanOnlyWeakenTheDeploymentsClaim over *_test.go	HOLDS	
docs/build/REQUIREMENTS_TRACEABILITY.md	162	testname	TestRuntime_NothingDeployedIsNeverReportedAsIdle	grep for func TestRuntime_NothingDeployedIsNeverReportedAsIdle over *_test.go	HOLDS	
docs/build/REQUIREMENTS_TRACEABILITY.md	163	route	GET /v1/strategies/{strategyId}	grep the api.gen.go route table	HOLDS	
docs/build/REQUIREMENTS_TRACEABILITY.md	163	route	POST /v1/agents	grep the api.gen.go route table	HOLDS	
docs/build/REQUIREMENTS_TRACEABILITY.md	163	route	POST /v1/strategies	grep the api.gen.go route table	HOLDS	
docs/build/REQUIREMENTS_TRACEABILITY.md	163	route	POST /v1/strategies/{strategyId}/compile	grep the api.gen.go route table	HOLDS	
docs/build/REQUIREMENTS_TRACEABILITY.md	163	testname	TestIntegration_ACompilerBackendProducesAVersionAndEveryAttemptIsRecorded	grep for func TestIntegration_ACompilerBackendProducesAVersionAndEveryAttemptIsRecorded over *_test.go	HOLDS	
docs/build/REQUIREMENTS_TRACEABILITY.md	163	testname	TestIntegration_ARejectedCompileRecordsTheAttemptAndCreatesNoVersion	grep for func TestIntegration_ARejectedCompileRecordsTheAttemptAndCreatesNoVersion over *_test.go	HOLDS	
docs/build/REQUIREMENTS_TRACEABILITY.md	163	testname	TestIntegration_AStrangerCannotReadOrCompileSomebodyElsesStrategy	grep for func TestIntegration_AStrangerCannotReadOrCompileSomebodyElsesStrategy over *_test.go	HOLDS	
docs/build/REQUIREMENTS_TRACEABILITY.md	163	testname	TestStrategies_ASuccessfulCompileReturnsSomethingAPersonCanRead	grep for func TestStrategies_ASuccessfulCompileReturnsSomethingAPersonCanRead over *_test.go	HOLDS	
docs/build/REQUIREMENTS_TRACEABILITY.md	163	testname	TestStrategies_ThePageSaysWhetherThisDeploymentCanCompileAtAll	grep for func TestStrategies_ThePageSaysWhetherThisDeploymentCanCompileAtAll over *_test.go	HOLDS	
docs/build/REQUIREMENTS_TRACEABILITY.md	164	testname	TestCompilerUnavailable_SaysWhatDidNotHappen	grep for func TestCompilerUnavailable_SaysWhatDidNotHappen over *_test.go	HOLDS	
docs/build/REQUIREMENTS_TRACEABILITY.md	164	testname	TestIntegration_ACompilerBackendProducesAVersionAndEveryAttemptIsRecorded	grep for func TestIntegration_ACompilerBackendProducesAVersionAndEveryAttemptIsRecorded over *_test.go	HOLDS	
docs/build/REQUIREMENTS_TRACEABILITY.md	164	testname	TestIntegration_ADeploymentWithNoCompilerRecordsTheAttemptAndSaysSo	grep for func TestIntegration_ADeploymentWithNoCompilerRecordsTheAttemptAndSaysSo over *_test.go	HOLDS	
docs/build/REQUIREMENTS_TRACEABILITY.md	164	testname	TestIntegration_ARejectedCompileRecordsTheAttemptAndCreatesNoVersion	grep for func TestIntegration_ARejectedCompileRecordsTheAttemptAndCreatesNoVersion over *_test.go	HOLDS	
docs/build/REQUIREMENTS_TRACEABILITY.md	164	testname	TestStrategies_CompileSaysCompilerUnavailableWithoutInventingAnything	grep for func TestStrategies_CompileSaysCompilerUnavailableWithoutInventingAnything over *_test.go	HOLDS	
docs/build/REQUIREMENTS_TRACEABILITY.md	165	testname	TestCode_Chart	grep for func TestCode_Chart over *_test.go	HOLDS	
docs/build/REQUIREMENTS_TRACEABILITY.md	165	testname	TestIntegration_FundingThenSwap_ExactBalances	grep for func TestIntegration_FundingThenSwap_ExactBalances over *_test.go	HOLDS	
docs/build/REQUIREMENTS_TRACEABILITY.md	165	testname	TestIntegration_ListTransactions	grep for func TestIntegration_ListTransactions over *_test.go	HOLDS	
docs/build/REQUIREMENTS_TRACEABILITY.md	165	testname	TestIntegration_PostedByActorAndAccounts	grep for func TestIntegration_PostedByActorAndAccounts over *_test.go	HOLDS	
docs/build/REQUIREMENTS_TRACEABILITY.md	165	testname	TestProp_PostingBalanced	grep for func TestProp_PostingBalanced over *_test.go	HOLDS	
docs/build/REQUIREMENTS_TRACEABILITY.md	166	testname	TestLedger_CorrectionIsNewTransaction	grep for func TestLedger_CorrectionIsNewTransaction over *_test.go	HOLDS	
docs/build/REQUIREMENTS_TRACEABILITY.md	166	testname	TestLedger_UpdateDeleteForbidden	grep for func TestLedger_UpdateDeleteForbidden over *_test.go	HOLDS	
docs/build/REQUIREMENTS_TRACEABILITY.md	166	testname	TestPosting_ReasonCode	grep for func TestPosting_ReasonCode over *_test.go	HOLDS	
docs/build/REQUIREMENTS_TRACEABILITY.md	167	testname	TestIntegration_AppRoleGrantsMatchFinancialModel	grep for func TestIntegration_AppRoleGrantsMatchFinancialModel over *_test.go	HOLDS	
docs/build/REQUIREMENTS_TRACEABILITY.md	167	testname	TestIntegration_ApplicationRolePrivileges	grep for func TestIntegration_ApplicationRolePrivileges over *_test.go	HOLDS	
docs/build/REQUIREMENTS_TRACEABILITY.md	168	testname	TestAssetImbalances	grep for func TestAssetImbalances over *_test.go	HOLDS	
docs/build/REQUIREMENTS_TRACEABILITY.md	168	testname	TestIntegration_AssetMismatchAndClosedAccount	grep for func TestIntegration_AssetMismatchAndClosedAccount over *_test.go	HOLDS	
docs/build/REQUIREMENTS_TRACEABILITY.md	168	testname	TestIntegration_UnbalancedRejectedAtCommit	grep for func TestIntegration_UnbalancedRejectedAtCommit over *_test.go	HOLDS	
docs/build/REQUIREMENTS_TRACEABILITY.md	168	testname	TestValidatePosting_UnbalancedReportsAsset	grep for func TestValidatePosting_UnbalancedReportsAsset over *_test.go	HOLDS	
docs/build/REQUIREMENTS_TRACEABILITY.md	169	testname	TestIntegration_LotLifecycle_FIFO_HoldingsAndPnL	grep for func TestIntegration_LotLifecycle_FIFO_HoldingsAndPnL over *_test.go	HOLDS	
docs/build/REQUIREMENTS_TRACEABILITY.md	169	testname	TestProp_SwapPostingBalanced	grep for func TestProp_SwapPostingBalanced over *_test.go	HOLDS	
docs/build/REQUIREMENTS_TRACEABILITY.md	169	testname	TestSwapPosting_CanonicalExample	grep for func TestSwapPosting_CanonicalExample over *_test.go	HOLDS	
docs/build/REQUIREMENTS_TRACEABILITY.md	169	testname	TestSwapPosting_NoFeesAndPartialUSD	grep for func TestSwapPosting_NoFeesAndPartialUSD over *_test.go	HOLDS	
docs/build/REQUIREMENTS_TRACEABILITY.md	169	testname	TestSwapPosting_Rejects	grep for func TestSwapPosting_Rejects over *_test.go	HOLDS	
docs/build/REQUIREMENTS_TRACEABILITY.md	170	testname	TestIntegration_UnbalancedRejectedAtCommit	grep for func TestIntegration_UnbalancedRejectedAtCommit over *_test.go	HOLDS	
docs/build/REQUIREMENTS_TRACEABILITY.md	170	testname	TestProp_PostingBalanced	grep for func TestProp_PostingBalanced over *_test.go	HOLDS	
docs/build/REQUIREMENTS_TRACEABILITY.md	170	testname	TestValidatePosting	grep for func TestValidatePosting over *_test.go	HOLDS	
docs/build/REQUIREMENTS_TRACEABILITY.md	171	testname	TestLedger_UpdateDeleteForbidden	grep for func TestLedger_UpdateDeleteForbidden over *_test.go	HOLDS	
docs/build/REQUIREMENTS_TRACEABILITY.md	172	testname	TestLedger_CorrectionIsNewTransaction	grep for func TestLedger_CorrectionIsNewTransaction over *_test.go	HOLDS	
docs/build/REQUIREMENTS_TRACEABILITY.md	172	testname	TestPosting_ReasonCode	grep for func TestPosting_ReasonCode over *_test.go	HOLDS	
docs/build/REQUIREMENTS_TRACEABILITY.md	173	testname	TestNoFloatingPointInSource	grep for func TestNoFloatingPointInSource over *_test.go	HOLDS	
docs/build/REQUIREMENTS_TRACEABILITY.md	174	testname	TestIntegration_InsufficientBuyingPower	grep for func TestIntegration_InsufficientBuyingPower over *_test.go	HOLDS	
docs/build/REQUIREMENTS_TRACEABILITY.md	174	testname	TestProp_CapitalConserved	grep for func TestProp_CapitalConserved over *_test.go	HOLDS	
docs/build/REQUIREMENTS_TRACEABILITY.md	174	testname	TestProp_ReservationsNeverOversubscribe	grep for func TestProp_ReservationsNeverOversubscribe over *_test.go	HOLDS	
docs/build/REQUIREMENTS_TRACEABILITY.md	174	testname	TestTorture_ReservationsNeverOversubscribe	grep for func TestTorture_ReservationsNeverOversubscribe over *_test.go	HOLDS	
docs/build/REQUIREMENTS_TRACEABILITY.md	175	testname	TestApplyAuthorityPatch_Fields	grep for func TestApplyAuthorityPatch_Fields over *_test.go	HOLDS	
docs/build/REQUIREMENTS_TRACEABILITY.md	175	testname	TestEnvelopeService_AgentPrincipalCannotAdminister	grep for func TestEnvelopeService_AgentPrincipalCannotAdminister over *_test.go	HOLDS	
docs/build/REQUIREMENTS_TRACEABILITY.md	175	testname	TestProp_AgentNeverGainsForbiddenPermissions	grep for func TestProp_AgentNeverGainsForbiddenPermissions over *_test.go	HOLDS	
docs/build/REQUIREMENTS_TRACEABILITY.md	176	testname	TestCompose_StrictestWins	grep for func TestCompose_StrictestWins over *_test.go	HOLDS	
docs/build/REQUIREMENTS_TRACEABILITY.md	176	testname	TestIntegration_RecordPolicy_Authority	grep for func TestIntegration_RecordPolicy_Authority over *_test.go	HOLDS	
docs/build/REQUIREMENTS_TRACEABILITY.md	176	testname	TestIntegration_RecordPolicy_RejectsAgentsAndUsers	grep for func TestIntegration_RecordPolicy_RejectsAgentsAndUsers over *_test.go	HOLDS	
docs/build/REQUIREMENTS_TRACEABILITY.md	177	testname	TestAgentTreesNeverImportAuthority	grep for func TestAgentTreesNeverImportAuthority over *_test.go	HOLDS	
docs/build/REQUIREMENTS_TRACEABILITY.md	177	testname	TestAgent_ExactPermissionSet	grep for func TestAgent_ExactPermissionSet over *_test.go	HOLDS	
docs/build/REQUIREMENTS_TRACEABILITY.md	177	testname	TestGoldenMatrix_AgentSet	grep for func TestGoldenMatrix_AgentSet over *_test.go	HOLDS	
docs/build/REQUIREMENTS_TRACEABILITY.md	177	testname	TestIntegration_GateRefusedWithRealChecker	grep for func TestIntegration_GateRefusedWithRealChecker over *_test.go	HOLDS	
docs/build/REQUIREMENTS_TRACEABILITY.md	177	testname	TestNoAgentPathImportsWithdrawal	grep for func TestNoAgentPathImportsWithdrawal over *_test.go	HOLDS	
docs/build/REQUIREMENTS_TRACEABILITY.md	177	testname	TestService_NoAgentPath	grep for func TestService_NoAgentPath over *_test.go	HOLDS	
docs/build/REQUIREMENTS_TRACEABILITY.md	177	testname	TestWithdrawalRefusedByTheCapabilityGate	grep for func TestWithdrawalRefusedByTheCapabilityGate over *_test.go	HOLDS	
docs/build/REQUIREMENTS_TRACEABILITY.md	177	testname	TestWithdrawalRequiresStepUp	grep for func TestWithdrawalRequiresStepUp over *_test.go	HOLDS	
docs/build/REQUIREMENTS_TRACEABILITY.md	177	testname	TestWithdrawal_AlwaysRefusedToday	grep for func TestWithdrawal_AlwaysRefusedToday over *_test.go	HOLDS	
docs/build/REQUIREMENTS_TRACEABILITY.md	178	testname	TestAgentBoundaryNeverImportsSigning	grep for func TestAgentBoundaryNeverImportsSigning over *_test.go	HOLDS	
docs/build/REQUIREMENTS_TRACEABILITY.md	178	testname	TestAgentPrincipalPermissionSetIsClosed	grep for func TestAgentPrincipalPermissionSetIsClosed over *_test.go	HOLDS	
docs/build/REQUIREMENTS_TRACEABILITY.md	178	testname	TestAgentTreesNeverImportAuthority	grep for func TestAgentTreesNeverImportAuthority over *_test.go	HOLDS	
docs/build/REQUIREMENTS_TRACEABILITY.md	178	testname	TestAgent_ExactPermissionSet	grep for func TestAgent_ExactPermissionSet over *_test.go	HOLDS	
docs/build/REQUIREMENTS_TRACEABILITY.md	178	testname	TestIntegration_LinkageFailuresReject	grep for func TestIntegration_LinkageFailuresReject over *_test.go	HOLDS	
docs/build/REQUIREMENTS_TRACEABILITY.md	178	testname	TestIntegration_SignRejectsMutatedTransaction	grep for func TestIntegration_SignRejectsMutatedTransaction over *_test.go	HOLDS	
docs/build/REQUIREMENTS_TRACEABILITY.md	178	testname	TestNew_FailsClosedWithoutVerifiedDelegation	grep for func TestNew_FailsClosedWithoutVerifiedDelegation over *_test.go	HOLDS	
docs/build/REQUIREMENTS_TRACEABILITY.md	178	testname	TestSigningImportedOnlyByExecutionBoundary	grep for func TestSigningImportedOnlyByExecutionBoundary over *_test.go	HOLDS	
docs/build/REQUIREMENTS_TRACEABILITY.md	179	testname	TestE2E_ConcurrentIdenticalCommands	grep for func TestE2E_ConcurrentIdenticalCommands over *_test.go	HOLDS	
docs/build/REQUIREMENTS_TRACEABILITY.md	179	testname	TestE2E_IdempotencyAcrossProcesses	grep for func TestE2E_IdempotencyAcrossProcesses over *_test.go	HOLDS	
docs/build/REQUIREMENTS_TRACEABILITY.md	179	testname	TestIdempotency_ConcurrentSameKeyHasOneEffect	grep for func TestIdempotency_ConcurrentSameKeyHasOneEffect over *_test.go	HOLDS	
docs/build/REQUIREMENTS_TRACEABILITY.md	179	testname	TestIntegration_BusinessRejectionIsRecordedAsAConclusion	grep for func TestIntegration_BusinessRejectionIsRecordedAsAConclusion over *_test.go	HOLDS	
docs/build/REQUIREMENTS_TRACEABILITY.md	179	testname	TestIntegration_ConcurrentBegin_ExactlyOneAcquires	grep for func TestIntegration_ConcurrentBegin_ExactlyOneAcquires over *_test.go	HOLDS	
docs/build/REQUIREMENTS_TRACEABILITY.md	179	testname	TestIntegration_Idempotent	grep for func TestIntegration_Idempotent over *_test.go	HOLDS	
docs/build/REQUIREMENTS_TRACEABILITY.md	179	testname	TestIntegration_IdempotentReplayIsPersisted	grep for func TestIntegration_IdempotentReplayIsPersisted over *_test.go	HOLDS	
docs/build/REQUIREMENTS_TRACEABILITY.md	179	testname	TestIntegration_IdempotentReserve	grep for func TestIntegration_IdempotentReserve over *_test.go	HOLDS	
docs/build/REQUIREMENTS_TRACEABILITY.md	179	testname	TestIntegration_InternalFailureLeavesTheKeyRetryable	grep for func TestIntegration_InternalFailureLeavesTheKeyRetryable over *_test.go	HOLDS	
docs/build/REQUIREMENTS_TRACEABILITY.md	180	testname	TestIntegration_ConcurrentDuplicatesOneEffect	grep for func TestIntegration_ConcurrentDuplicatesOneEffect over *_test.go	HOLDS	
docs/build/REQUIREMENTS_TRACEABILITY.md	180	testname	TestIntegration_PayloadMismatchAndArchiveDown	grep for func TestIntegration_PayloadMismatchAndArchiveDown over *_test.go	HOLDS	
docs/build/REQUIREMENTS_TRACEABILITY.md	180	testname	TestIntegration_ProviderEvents	grep for func TestIntegration_ProviderEvents over *_test.go	HOLDS	
docs/build/REQUIREMENTS_TRACEABILITY.md	180	testname	TestProp_DuplicateWebhookOneEffect	grep for func TestProp_DuplicateWebhookOneEffect over *_test.go	HOLDS	
docs/build/REQUIREMENTS_TRACEABILITY.md	180	testname	TestProp_InboxDuplicateDeliveryRunsFnOnce	grep for func TestProp_InboxDuplicateDeliveryRunsFnOnce over *_test.go	HOLDS	
docs/build/REQUIREMENTS_TRACEABILITY.md	181	testname	TestIntegration_FillMarkers_SetOnce	grep for func TestIntegration_FillMarkers_SetOnce over *_test.go	HOLDS	
docs/build/REQUIREMENTS_TRACEABILITY.md	181	testname	TestIntegration_RecordFill_PartialThenFilled	grep for func TestIntegration_RecordFill_PartialThenFilled over *_test.go	HOLDS	
docs/build/REQUIREMENTS_TRACEABILITY.md	181	testname	TestProp_Integration_FillIdempotent	grep for func TestProp_Integration_FillIdempotent over *_test.go	HOLDS	
docs/build/REQUIREMENTS_TRACEABILITY.md	181	testname	TestProp_ReplayConvergesAndNeverDoublePosts	grep for func TestProp_ReplayConvergesAndNeverDoublePosts over *_test.go	HOLDS	
docs/build/REQUIREMENTS_TRACEABILITY.md	182	testname	TestIntegration_Part49_CrashRecovery	grep for func TestIntegration_Part49_CrashRecovery over *_test.go	HOLDS	
docs/build/REQUIREMENTS_TRACEABILITY.md	182	testname	TestIntegration_PositionLedgerDriftIsDetected	grep for func TestIntegration_PositionLedgerDriftIsDetected over *_test.go	HOLDS	
docs/build/REQUIREMENTS_TRACEABILITY.md	182	testname	TestProp_ReplayConvergesAndNeverDoublePosts	grep for func TestProp_ReplayConvergesAndNeverDoublePosts over *_test.go	HOLDS	
docs/build/REQUIREMENTS_TRACEABILITY.md	183	testname	TestExecutor_SubmitTimeoutLanded_AdoptedNoDuplicate	grep for func TestExecutor_SubmitTimeoutLanded_AdoptedNoDuplicate over *_test.go	HOLDS	
docs/build/REQUIREMENTS_TRACEABILITY.md	183	testname	TestFinalityPolicy_ValidateMonotonic	grep for func TestFinalityPolicy_ValidateMonotonic over *_test.go	HOLDS	
docs/build/REQUIREMENTS_TRACEABILITY.md	183	testname	TestIntegration_Worker_SubmitTimeoutIsNotFailure	grep for func TestIntegration_Worker_SubmitTimeoutIsNotFailure over *_test.go	HOLDS	
docs/build/REQUIREMENTS_TRACEABILITY.md	183	testname	TestOrderStatus_HappyPathIsLinear	grep for func TestOrderStatus_HappyPathIsLinear over *_test.go	HOLDS	
docs/build/REQUIREMENTS_TRACEABILITY.md	183	testname	TestOrderTransitions_Exhaustive	grep for func TestOrderTransitions_Exhaustive over *_test.go	HOLDS	
docs/build/REQUIREMENTS_TRACEABILITY.md	183	testname	TestSubmitIntent_AcceptedThenReplayed	grep for func TestSubmitIntent_AcceptedThenReplayed over *_test.go	HOLDS	
docs/build/REQUIREMENTS_TRACEABILITY.md	184	testname	TestExecutor_SubmitRejectedButLanded_IsUnknownNotFailure	grep for func TestExecutor_SubmitRejectedButLanded_IsUnknownNotFailure over *_test.go	HOLDS	
docs/build/REQUIREMENTS_TRACEABILITY.md	184	testname	TestExecutor_SubmitTimeoutLost_BudgetExhausted_OrderExpiresReservationReleased	grep for func TestExecutor_SubmitTimeoutLost_BudgetExhausted_OrderExpiresReservationReleased over *_test.go	HOLDS	
docs/build/REQUIREMENTS_TRACEABILITY.md	184	testname	TestExecutor_SubmitTimeoutLost_ProvenAbsent_NewAttemptOnce	grep for func TestExecutor_SubmitTimeoutLost_ProvenAbsent_NewAttemptOnce over *_test.go	HOLDS	
docs/build/REQUIREMENTS_TRACEABILITY.md	184	testname	TestExecutor_SubmitTimeout_Unresolved_ReconciliationRequired	grep for func TestExecutor_SubmitTimeout_Unresolved_ReconciliationRequired over *_test.go	HOLDS	
docs/build/REQUIREMENTS_TRACEABILITY.md	184	testname	TestIntegration_ProvenAbsentReleasesUncertainty	grep for func TestIntegration_ProvenAbsentReleasesUncertainty over *_test.go	HOLDS	
docs/build/REQUIREMENTS_TRACEABILITY.md	184	testname	TestIntegration_Worker_UnresolvedSubmissionIsPausedNotFailed	grep for func TestIntegration_Worker_UnresolvedSubmissionIsPausedNotFailed over *_test.go	HOLDS	
docs/build/REQUIREMENTS_TRACEABILITY.md	185	testname	TestCheckReservationTransition_NonActiveRejected	grep for func TestCheckReservationTransition_NonActiveRejected over *_test.go	HOLDS	
docs/build/REQUIREMENTS_TRACEABILITY.md	185	testname	TestIntegration_ReserveConsumeLifecycle	grep for func TestIntegration_ReserveConsumeLifecycle over *_test.go	HOLDS	
docs/build/REQUIREMENTS_TRACEABILITY.md	185	testname	TestReservationTransitions_OnlyActiveHasSuccessors	grep for func TestReservationTransitions_OnlyActiveHasSuccessors over *_test.go	HOLDS	
docs/build/REQUIREMENTS_TRACEABILITY.md	185	testname	TestReservation_ConsumeAfterReleaseRejected	grep for func TestReservation_ConsumeAfterReleaseRejected over *_test.go	HOLDS	
docs/build/REQUIREMENTS_TRACEABILITY.md	186	testname	TestChaos_DuplicateDeliveryUnderConcurrencyAndDatabaseFault	grep for func TestChaos_DuplicateDeliveryUnderConcurrencyAndDatabaseFault over *_test.go	HOLDS	
docs/build/REQUIREMENTS_TRACEABILITY.md	186	testname	TestIntegration_ConcurrentDuplicatesOneEffect	grep for func TestIntegration_ConcurrentDuplicatesOneEffect over *_test.go	HOLDS	
docs/build/REQUIREMENTS_TRACEABILITY.md	186	testname	TestIntegration_ForgedSignature	grep for func TestIntegration_ForgedSignature over *_test.go	HOLDS	
docs/build/REQUIREMENTS_TRACEABILITY.md	186	testname	TestIntegration_FundingFlow_SettledAvailableReversed	grep for func TestIntegration_FundingFlow_SettledAvailableReversed over *_test.go	HOLDS	
docs/build/REQUIREMENTS_TRACEABILITY.md	186	testname	TestIntegration_StaleTimestamp	grep for func TestIntegration_StaleTimestamp over *_test.go	HOLDS	
docs/build/REQUIREMENTS_TRACEABILITY.md	186	testname	TestProp_DuplicateWebhookOneEffect	grep for func TestProp_DuplicateWebhookOneEffect over *_test.go	HOLDS	
docs/build/REQUIREMENTS_TRACEABILITY.md	187	testname	TestE2E_ConcurrentIdenticalCommands	grep for func TestE2E_ConcurrentIdenticalCommands over *_test.go	HOLDS	
docs/build/REQUIREMENTS_TRACEABILITY.md	187	testname	TestE2E_IdempotencyAcrossProcesses	grep for func TestE2E_IdempotencyAcrossProcesses over *_test.go	HOLDS	
docs/build/REQUIREMENTS_TRACEABILITY.md	187	testname	TestIdempotencyKeyReuseWithADifferentBodyIsAConflict	grep for func TestIdempotencyKeyReuseWithADifferentBodyIsAConflict over *_test.go	HOLDS	
docs/build/REQUIREMENTS_TRACEABILITY.md	187	testname	TestIntegration_ConcurrentBegin_ExactlyOneAcquires	grep for func TestIntegration_ConcurrentBegin_ExactlyOneAcquires over *_test.go	HOLDS	
docs/build/REQUIREMENTS_TRACEABILITY.md	187	testname	TestInternalFailureIsNotRecordedAsAConclusion	grep for func TestInternalFailureIsNotRecordedAsAConclusion over *_test.go	HOLDS	
docs/build/REQUIREMENTS_TRACEABILITY.md	187	testname	TestRecordedRejectionIsReplayedNotReExecuted	grep for func TestRecordedRejectionIsReplayedNotReExecuted over *_test.go	HOLDS	
docs/build/REQUIREMENTS_TRACEABILITY.md	187	testname	TestSubmitIntent_AcceptedThenReplayed	grep for func TestSubmitIntent_AcceptedThenReplayed over *_test.go	HOLDS	
docs/build/REQUIREMENTS_TRACEABILITY.md	188	testname	TestIntegration_EndToEnd_DuplicateAndReorderedDeliveryIsHarmless	grep for func TestIntegration_EndToEnd_DuplicateAndReorderedDeliveryIsHarmless over *_test.go	HOLDS	
docs/build/REQUIREMENTS_TRACEABILITY.md	188	testname	TestIntegration_RelayCrashBetweenPublishAndMark_ConsumerInboxDedups	grep for func TestIntegration_RelayCrashBetweenPublishAndMark_ConsumerInboxDedups over *_test.go	HOLDS	
docs/build/REQUIREMENTS_TRACEABILITY.md	188	testname	TestProp_InboxDuplicateDeliveryRunsFnOnce	grep for func TestProp_InboxDuplicateDeliveryRunsFnOnce over *_test.go	HOLDS	
docs/build/REQUIREMENTS_TRACEABILITY.md	189	testname	TestTorture_ReservationsNeverOversubscribe	grep for func TestTorture_ReservationsNeverOversubscribe over *_test.go	HOLDS	
docs/build/REQUIREMENTS_TRACEABILITY.md	190	testname	TestIntegration_EmitterFailureRollsBackReservation	grep for func TestIntegration_EmitterFailureRollsBackReservation over *_test.go	HOLDS	
docs/build/REQUIREMENTS_TRACEABILITY.md	190	testname	TestIntegration_IntentLink	grep for func TestIntegration_IntentLink over *_test.go	HOLDS	
docs/build/REQUIREMENTS_TRACEABILITY.md	190	testname	TestIntegration_ReserveConsumeLifecycle	grep for func TestIntegration_ReserveConsumeLifecycle over *_test.go	HOLDS	
docs/build/REQUIREMENTS_TRACEABILITY.md	190	testname	TestService_ReserveValidatesBeforeDatabase	grep for func TestService_ReserveValidatesBeforeDatabase over *_test.go	HOLDS	
docs/build/REQUIREMENTS_TRACEABILITY.md	190	testname	TestTorture_MixedOperationsConserveCapital	grep for func TestTorture_MixedOperationsConserveCapital over *_test.go	HOLDS	
docs/build/REQUIREMENTS_TRACEABILITY.md	191	testname	TestTorture_ReservationsNeverOversubscribe	grep for func TestTorture_ReservationsNeverOversubscribe over *_test.go	HOLDS	
docs/build/REQUIREMENTS_TRACEABILITY.md	192	testname	TestEnvelope_Validate	grep for func TestEnvelope_Validate over *_test.go	HOLDS	
docs/build/REQUIREMENTS_TRACEABILITY.md	192	testname	TestEnvelope_Windows	grep for func TestEnvelope_Windows over *_test.go	HOLDS	
docs/build/REQUIREMENTS_TRACEABILITY.md	192	testname	TestIntegration_CreateEnvelopeValidation	grep for func TestIntegration_CreateEnvelopeValidation over *_test.go	HOLDS	
docs/build/REQUIREMENTS_TRACEABILITY.md	192	testname	TestIntegration_EnvelopeAdminLifecycle	grep for func TestIntegration_EnvelopeAdminLifecycle over *_test.go	HOLDS	
docs/build/REQUIREMENTS_TRACEABILITY.md	193	testname	TestApplyAuthorityPatch_Fields	grep for func TestApplyAuthorityPatch_Fields over *_test.go	HOLDS	
docs/build/REQUIREMENTS_TRACEABILITY.md	193	testname	TestEnvelopeAuthorityPatch_Validate	grep for func TestEnvelopeAuthorityPatch_Validate over *_test.go	HOLDS	
docs/build/REQUIREMENTS_TRACEABILITY.md	193	testname	TestEnvelopeService_AgentPrincipalCannotAdminister	grep for func TestEnvelopeService_AgentPrincipalCannotAdminister over *_test.go	HOLDS	
docs/build/REQUIREMENTS_TRACEABILITY.md	194	testname	TestEvaluate_PendingOnlyAssetIsValuedButNotHeld	grep for func TestEvaluate_PendingOnlyAssetIsValuedButNotHeld over *_test.go	HOLDS	
docs/build/REQUIREMENTS_TRACEABILITY.md	194	testname	TestEvaluate_ReservedAndHoldsNeverGoNegative	grep for func TestEvaluate_ReservedAndHoldsNeverGoNegative over *_test.go	HOLDS	
docs/build/REQUIREMENTS_TRACEABILITY.md	194	testname	TestEvaluate_Restrictions	grep for func TestEvaluate_Restrictions over *_test.go	HOLDS	
docs/build/REQUIREMENTS_TRACEABILITY.md	194	testname	TestEvaluate_StablecoinDegradedMarksToMarket	grep for func TestEvaluate_StablecoinDegradedMarksToMarket over *_test.go	HOLDS	
docs/build/REQUIREMENTS_TRACEABILITY.md	194	testname	TestGolden_NoValidPlanReasonsAreClosed	grep for func TestGolden_NoValidPlanReasonsAreClosed over *_test.go	HOLDS	
docs/build/REQUIREMENTS_TRACEABILITY.md	194	testname	TestGolden_Risk	grep for func TestGolden_Risk over *_test.go	HOLDS	
docs/build/REQUIREMENTS_TRACEABILITY.md	194	testname	TestIntegration_Compute_OverSeededLedger	grep for func TestIntegration_Compute_OverSeededLedger over *_test.go	HOLDS	
docs/build/REQUIREMENTS_TRACEABILITY.md	194	testname	TestProp_BuyingPowerBounds	grep for func TestProp_BuyingPowerBounds over *_test.go	HOLDS	
docs/build/REQUIREMENTS_TRACEABILITY.md	194	testname	TestProp_ConstraintsNeverLooser	grep for func TestProp_ConstraintsNeverLooser over *_test.go	HOLDS	
docs/build/REQUIREMENTS_TRACEABILITY.md	195	testname	TestBuyingPower_JSONShape	grep for func TestBuyingPower_JSONShape over *_test.go	HOLDS	
docs/build/REQUIREMENTS_TRACEABILITY.md	195	testname	TestEvaluate_Golden_Unrestricted	grep for func TestEvaluate_Golden_Unrestricted over *_test.go	HOLDS	
docs/build/REQUIREMENTS_TRACEABILITY.md	195	testname	TestEvaluate_PolicyVersionIsDeterministicAndSensitive	grep for func TestEvaluate_PolicyVersionIsDeterministicAndSensitive over *_test.go	HOLDS	
docs/build/REQUIREMENTS_TRACEABILITY.md	197	testname	TestClassify_StablecoinMatrix	grep for func TestClassify_StablecoinMatrix over *_test.go	HOLDS	
docs/build/REQUIREMENTS_TRACEABILITY.md	197	testname	TestFailClosedPolicy	grep for func TestFailClosedPolicy over *_test.go	HOLDS	
docs/build/REQUIREMENTS_TRACEABILITY.md	197	testname	TestIntegration_PolicyStore_CurrentIsLatestEffectiveUnexpired	grep for func TestIntegration_PolicyStore_CurrentIsLatestEffectiveUnexpired over *_test.go	HOLDS	
docs/build/REQUIREMENTS_TRACEABILITY.md	197	testname	TestNewPolicy_Validate	grep for func TestNewPolicy_Validate over *_test.go	HOLDS	
docs/build/REQUIREMENTS_TRACEABILITY.md	197	testname	TestStablecoinStatus_Valid	grep for func TestStablecoinStatus_Valid over *_test.go	HOLDS	
docs/build/REQUIREMENTS_TRACEABILITY.md	198	testname	TestApplyCollateral_RoundsTowardLessBuyingPower	grep for func TestApplyCollateral_RoundsTowardLessBuyingPower over *_test.go	HOLDS	
docs/build/REQUIREMENTS_TRACEABILITY.md	198	testname	TestEvaluate_StablecoinDegradedMarksToMarket	grep for func TestEvaluate_StablecoinDegradedMarksToMarket over *_test.go	HOLDS	
docs/build/REQUIREMENTS_TRACEABILITY.md	198	testname	TestMark_StablecoinContributionRule	grep for func TestMark_StablecoinContributionRule over *_test.go	HOLDS	
docs/build/REQUIREMENTS_TRACEABILITY.md	198	testname	TestMark_VolatileAssetWithCollateralFactor	grep for func TestMark_VolatileAssetWithCollateralFactor over *_test.go	HOLDS	
docs/build/REQUIREMENTS_TRACEABILITY.md	199	testname	TestAvailabilityPolicy_Validate	grep for func TestAvailabilityPolicy_Validate over *_test.go	HOLDS	
docs/build/REQUIREMENTS_TRACEABILITY.md	199	testname	TestIntegration_FundingFlow_SettledAvailableReversed	grep for func TestIntegration_FundingFlow_SettledAvailableReversed over *_test.go	HOLDS	
docs/build/REQUIREMENTS_TRACEABILITY.md	199	testname	TestProp_LegalWalksNeverReachForbiddenState	grep for func TestProp_LegalWalksNeverReachForbiddenState over *_test.go	HOLDS	
docs/build/REQUIREMENTS_TRACEABILITY.md	199	testname	TestStateMachine	grep for func TestStateMachine over *_test.go	HOLDS	
docs/build/REQUIREMENTS_TRACEABILITY.md	199	testname	TestStatus_RankAndFlags	grep for func TestStatus_RankAndFlags over *_test.go	HOLDS	
docs/build/REQUIREMENTS_TRACEABILITY.md	199	testname	TestTransitions_Exhaustive	grep for func TestTransitions_Exhaustive over *_test.go	HOLDS	
docs/build/REQUIREMENTS_TRACEABILITY.md	199	testname	TestWithdrawal_AlwaysRefusedToday	grep for func TestWithdrawal_AlwaysRefusedToday over *_test.go	HOLDS	
docs/build/REQUIREMENTS_TRACEABILITY.md	200	testname	TestEvaluate_Restrictions	grep for func TestEvaluate_Restrictions over *_test.go	HOLDS	
docs/build/REQUIREMENTS_TRACEABILITY.md	200	testname	TestFundingReversalPostings_CanonicalExample	grep for func TestFundingReversalPostings_CanonicalExample over *_test.go	HOLDS	
docs/build/REQUIREMENTS_TRACEABILITY.md	200	testname	TestFundingReversalPostings_Edges	grep for func TestFundingReversalPostings_Edges over *_test.go	HOLDS	
docs/build/REQUIREMENTS_TRACEABILITY.md	200	testname	TestFunding_ReversalCreatesDeficitAndFreezes	grep for func TestFunding_ReversalCreatesDeficitAndFreezes over *_test.go	HOLDS	
docs/build/REQUIREMENTS_TRACEABILITY.md	200	testname	TestProp_FundingReversalDeficit	grep for func TestProp_FundingReversalDeficit over *_test.go	HOLDS	
docs/build/REQUIREMENTS_TRACEABILITY.md	201	testname	TestIntegration_Driver_AdvancesToAvailable	grep for func TestIntegration_Driver_AdvancesToAvailable over *_test.go	HOLDS	
docs/build/REQUIREMENTS_TRACEABILITY.md	201	testname	TestIntegration_IllegalTransitions	grep for func TestIntegration_IllegalTransitions over *_test.go	HOLDS	
docs/build/REQUIREMENTS_TRACEABILITY.md	201	testname	TestIntegration_StateChangeRequiresTransitionRow	grep for func TestIntegration_StateChangeRequiresTransitionRow over *_test.go	HOLDS	
docs/build/REQUIREMENTS_TRACEABILITY.md	201	testname	TestMapProviderStatus	grep for func TestMapProviderStatus over *_test.go	HOLDS	
docs/build/REQUIREMENTS_TRACEABILITY.md	201	testname	TestProp_LegalWalksNeverReachForbiddenState	grep for func TestProp_LegalWalksNeverReachForbiddenState over *_test.go	HOLDS	
docs/build/REQUIREMENTS_TRACEABILITY.md	201	testname	TestTransitions_Exhaustive	grep for func TestTransitions_Exhaustive over *_test.go	HOLDS	
docs/build/REQUIREMENTS_TRACEABILITY.md	202	testname	TestAllocateFIFO_Table	grep for func TestAllocateFIFO_Table over *_test.go	HOLDS	
docs/build/REQUIREMENTS_TRACEABILITY.md	202	testname	TestIntegration_ConcurrentDisposalsNeverOverConsume	grep for func TestIntegration_ConcurrentDisposalsNeverOverConsume over *_test.go	HOLDS	
docs/build/REQUIREMENTS_TRACEABILITY.md	202	testname	TestIntegration_LotLifecycle_FIFO_HoldingsAndPnL	grep for func TestIntegration_LotLifecycle_FIFO_HoldingsAndPnL over *_test.go	HOLDS	
docs/build/REQUIREMENTS_TRACEABILITY.md	202	testname	TestIntegration_VerifyAgainstLedger_DetectsDrift	grep for func TestIntegration_VerifyAgainstLedger_DetectsDrift over *_test.go	HOLDS	
docs/build/REQUIREMENTS_TRACEABILITY.md	202	testname	TestProp_BasisConserved	grep for func TestProp_BasisConserved over *_test.go	HOLDS	
docs/build/REQUIREMENTS_TRACEABILITY.md	202	testname	TestRealizedPnL_SignCases	grep for func TestRealizedPnL_SignCases over *_test.go	HOLDS	
docs/build/REQUIREMENTS_TRACEABILITY.md	203	route	GET /accounts/{accountId}/export	grep the api.gen.go route table	HOLDS	
docs/build/REQUIREMENTS_TRACEABILITY.md	203	testname	TestExportRejectsAnInvertedWindow	grep for func TestExportRejectsAnInvertedWindow over *_test.go	HOLDS	
docs/build/REQUIREMENTS_TRACEABILITY.md	203	testname	TestExportRendersJSONAndCSV	grep for func TestExportRendersJSONAndCSV over *_test.go	HOLDS	
docs/build/REQUIREMENTS_TRACEABILITY.md	203	testname	TestIntegration_LotLifecycle_FIFO_HoldingsAndPnL	grep for func TestIntegration_LotLifecycle_FIFO_HoldingsAndPnL over *_test.go	HOLDS	
docs/build/REQUIREMENTS_TRACEABILITY.md	203	testname	TestProp_BasisConserved	grep for func TestProp_BasisConserved over *_test.go	HOLDS	
docs/build/REQUIREMENTS_TRACEABILITY.md	204	testname	TestCompute_BPSAndBounds	grep for func TestCompute_BPSAndBounds over *_test.go	HOLDS	
docs/build/REQUIREMENTS_TRACEABILITY.md	204	testname	TestCompute_Rejections	grep for func TestCompute_Rejections over *_test.go	HOLDS	
docs/build/REQUIREMENTS_TRACEABILITY.md	204	testname	TestDisclosure_Shape	grep for func TestDisclosure_Shape over *_test.go	HOLDS	
docs/build/REQUIREMENTS_TRACEABILITY.md	204	testname	TestFeePolicyFromRef_RoundTrip	grep for func TestFeePolicyFromRef_RoundTrip over *_test.go	HOLDS	
docs/build/REQUIREMENTS_TRACEABILITY.md	204	testname	TestProp_FeeNeverExceedsInputAndIsMonotone	grep for func TestProp_FeeNeverExceedsInputAndIsMonotone over *_test.go	HOLDS	
docs/build/REQUIREMENTS_TRACEABILITY.md	204	testname	TestQuotePreviewDisclosesEveryFeeAsAString	grep for func TestQuotePreviewDisclosesEveryFeeAsAString over *_test.go	HOLDS	
docs/build/REQUIREMENTS_TRACEABILITY.md	204	testname	TestSwapPosting_CanonicalExample	grep for func TestSwapPosting_CanonicalExample over *_test.go	HOLDS	
docs/build/REQUIREMENTS_TRACEABILITY.md	204	testname	TestZeroPolicy	grep for func TestZeroPolicy over *_test.go	HOLDS	
docs/build/REQUIREMENTS_TRACEABILITY.md	205	testname	TestBudgetSnapshotDayAndHourWindows	grep for func TestBudgetSnapshotDayAndHourWindows over *_test.go	HOLDS	
docs/build/REQUIREMENTS_TRACEABILITY.md	205	testname	TestBudgetSpendIsCheckedBeforeTheCallNotAfter	grep for func TestBudgetSpendIsCheckedBeforeTheCallNotAfter over *_test.go	HOLDS	
docs/build/REQUIREMENTS_TRACEABILITY.md	205	testname	TestEachBudgetIsEnforcedIndependently	grep for func TestEachBudgetIsEnforcedIndependently over *_test.go	HOLDS	
docs/build/REQUIREMENTS_TRACEABILITY.md	205	testname	TestEstimateCost_IsPessimistic	grep for func TestEstimateCost_IsPessimistic over *_test.go	HOLDS	
docs/build/REQUIREMENTS_TRACEABILITY.md	205	testname	TestPriceTable_Cost	grep for func TestPriceTable_Cost over *_test.go	HOLDS	
docs/build/REQUIREMENTS_TRACEABILITY.md	206	testname	TestAccountStatusChangeRecordsActorAndReason	grep for func TestAccountStatusChangeRecordsActorAndReason over *_test.go	HOLDS	
docs/build/REQUIREMENTS_TRACEABILITY.md	206	testname	TestAccountStatusChangeRequiresAReason	grep for func TestAccountStatusChangeRequiresAReason over *_test.go	HOLDS	
docs/build/REQUIREMENTS_TRACEABILITY.md	206	testname	TestEvaluate_Restrictions	grep for func TestEvaluate_Restrictions over *_test.go	HOLDS	
docs/build/REQUIREMENTS_TRACEABILITY.md	206	testname	TestFunding_ReversalCreatesDeficitAndFreezes	grep for func TestFunding_ReversalCreatesDeficitAndFreezes over *_test.go	HOLDS	
docs/build/REQUIREMENTS_TRACEABILITY.md	206	testname	TestIntegration_FrozenAccountAndHaltedAsset	grep for func TestIntegration_FrozenAccountAndHaltedAsset over *_test.go	HOLDS	
docs/build/REQUIREMENTS_TRACEABILITY.md	206	testname	TestIntegration_KillSwitchNeverStopsReconciliation	grep for func TestIntegration_KillSwitchNeverStopsReconciliation over *_test.go	HOLDS	
docs/build/REQUIREMENTS_TRACEABILITY.md	206	testname	TestProp_NeverBlockedClasses	grep for func TestProp_NeverBlockedClasses over *_test.go	HOLDS	
docs/build/REQUIREMENTS_TRACEABILITY.md	207	testname	TestProp_BasisConserved	grep for func TestProp_BasisConserved over *_test.go	HOLDS	
docs/build/REQUIREMENTS_TRACEABILITY.md	207	testname	TestProp_BuyingPowerBounds	grep for func TestProp_BuyingPowerBounds over *_test.go	HOLDS	
docs/build/REQUIREMENTS_TRACEABILITY.md	207	testname	TestProp_CapitalConserved	grep for func TestProp_CapitalConserved over *_test.go	HOLDS	
docs/build/REQUIREMENTS_TRACEABILITY.md	207	testname	TestProp_FundingReversalDeficit	grep for func TestProp_FundingReversalDeficit over *_test.go	HOLDS	
docs/build/REQUIREMENTS_TRACEABILITY.md	207	testname	TestProp_LegalWalksNeverReachForbiddenState	grep for func TestProp_LegalWalksNeverReachForbiddenState over *_test.go	HOLDS	
docs/build/REQUIREMENTS_TRACEABILITY.md	207	testname	TestProp_PostingBalanced	grep for func TestProp_PostingBalanced over *_test.go	HOLDS	
docs/build/REQUIREMENTS_TRACEABILITY.md	207	testname	TestProp_ReservationsNeverOversubscribe	grep for func TestProp_ReservationsNeverOversubscribe over *_test.go	HOLDS	
docs/build/REQUIREMENTS_TRACEABILITY.md	207	testname	TestProp_SwapPostingBalanced	grep for func TestProp_SwapPostingBalanced over *_test.go	HOLDS	
docs/build/REQUIREMENTS_TRACEABILITY.md	207	testname	TestTorture_ReservationsNeverOversubscribe	grep for func TestTorture_ReservationsNeverOversubscribe over *_test.go	HOLDS	
docs/build/REQUIREMENTS_TRACEABILITY.md	213	testname	TestActor_AgentIsRefusedEverywhere	grep for func TestActor_AgentIsRefusedEverywhere over *_test.go	HOLDS	
docs/build/REQUIREMENTS_TRACEABILITY.md	213	testname	TestAgentPrincipalCannotChangeItsOwnLifecycle	grep for func TestAgentPrincipalCannotChangeItsOwnLifecycle over *_test.go	HOLDS	
docs/build/REQUIREMENTS_TRACEABILITY.md	213	testname	TestAgentPrincipalHoldsOnlyItsClosedPermissionSet	grep for func TestAgentPrincipalHoldsOnlyItsClosedPermissionSet over *_test.go	HOLDS	
docs/build/REQUIREMENTS_TRACEABILITY.md	213	testname	TestAgentPrincipalPermissionSetIsClosed	grep for func TestAgentPrincipalPermissionSetIsClosed over *_test.go	HOLDS	
docs/build/REQUIREMENTS_TRACEABILITY.md	213	testname	TestAgentTreesNeverImportAuthority	grep for func TestAgentTreesNeverImportAuthority over *_test.go	HOLDS	
docs/build/REQUIREMENTS_TRACEABILITY.md	213	testname	TestAgent_RolesNeverCount	grep for func TestAgent_RolesNeverCount over *_test.go	HOLDS	
docs/build/REQUIREMENTS_TRACEABILITY.md	213	testname	TestIntegration_AgentCanNeverResolve	grep for func TestIntegration_AgentCanNeverResolve over *_test.go	HOLDS	
docs/build/REQUIREMENTS_TRACEABILITY.md	213	testname	TestProp_AgentNeverGainsForbiddenPermissions	grep for func TestProp_AgentNeverGainsForbiddenPermissions over *_test.go	HOLDS	
docs/build/REQUIREMENTS_TRACEABILITY.md	213	testname	TestSigningImportedOnlyByExecutionBoundary	grep for func TestSigningImportedOnlyByExecutionBoundary over *_test.go	HOLDS	
docs/build/REQUIREMENTS_TRACEABILITY.md	214	testname	TestAgentIntentCarriesItsLinkageAndMode	grep for func TestAgentIntentCarriesItsLinkageAndMode over *_test.go	HOLDS	
docs/build/REQUIREMENTS_TRACEABILITY.md	214	testname	TestBrokerInvokesADeclaredActiveTool	grep for func TestBrokerInvokesADeclaredActiveTool over *_test.go	HOLDS	
docs/build/REQUIREMENTS_TRACEABILITY.md	214	testname	TestCommitRequiresTheAgentPermission	grep for func TestCommitRequiresTheAgentPermission over *_test.go	HOLDS	
docs/build/REQUIREMENTS_TRACEABILITY.md	214	testname	TestIntentRequiresAPredictionThatPredatesIt	grep for func TestIntentRequiresAPredictionThatPredatesIt over *_test.go	HOLDS	
docs/build/REQUIREMENTS_TRACEABILITY.md	214	testname	TestPredictionRecordsTheInformationSetItActuallyUsed	grep for func TestPredictionRecordsTheInformationSetItActuallyUsed over *_test.go	HOLDS	
docs/build/REQUIREMENTS_TRACEABILITY.md	214	testname	TestRunnerProducesExactlyOneRunPredictionAndIntent	grep for func TestRunnerProducesExactlyOneRunPredictionAndIntent over *_test.go	HOLDS	
docs/build/REQUIREMENTS_TRACEABILITY.md	214	testname	TestRunnerRefusesAnIntentWithoutAPrediction	grep for func TestRunnerRefusesAnIntentWithoutAPrediction over *_test.go	HOLDS	
docs/build/REQUIREMENTS_TRACEABILITY.md	214	testname	TestToolEffectsAreClosedAndReadOnly	grep for func TestToolEffectsAreClosedAndReadOnly over *_test.go	HOLDS	
docs/build/REQUIREMENTS_TRACEABILITY.md	215	testname	TestAgentPrincipalsAreRefusedEverywhere	grep for func TestAgentPrincipalsAreRefusedEverywhere over *_test.go	HOLDS	
docs/build/REQUIREMENTS_TRACEABILITY.md	215	testname	TestAgent_ExactPermissionSet	grep for func TestAgent_ExactPermissionSet over *_test.go	HOLDS	
docs/build/REQUIREMENTS_TRACEABILITY.md	215	testname	TestAuthorityRefusesUndeclaredToolsAndEffects	grep for func TestAuthorityRefusesUndeclaredToolsAndEffects over *_test.go	HOLDS	
docs/build/REQUIREMENTS_TRACEABILITY.md	215	testname	TestBrokerRefusesAnEffectOutsideTheDeclaredSet	grep for func TestBrokerRefusesAnEffectOutsideTheDeclaredSet over *_test.go	HOLDS	
docs/build/REQUIREMENTS_TRACEABILITY.md	215	testname	TestBrokerRefusesAnUndeclaredTool	grep for func TestBrokerRefusesAnUndeclaredTool over *_test.go	HOLDS	
docs/build/REQUIREMENTS_TRACEABILITY.md	215	testname	TestCheck_RejectsEveryForbiddenEffect	grep for func TestCheck_RejectsEveryForbiddenEffect over *_test.go	HOLDS	
docs/build/REQUIREMENTS_TRACEABILITY.md	215	testname	TestEgressAllowlistFailsClosed	grep for func TestEgressAllowlistFailsClosed over *_test.go	HOLDS	
docs/build/REQUIREMENTS_TRACEABILITY.md	215	testname	TestEgressEmptyAllowlistBlocksEverything	grep for func TestEgressEmptyAllowlistBlocksEverything over *_test.go	HOLDS	
docs/build/REQUIREMENTS_TRACEABILITY.md	215	testname	TestEnvelopeService_AgentPrincipalCannotAdminister	grep for func TestEnvelopeService_AgentPrincipalCannotAdminister over *_test.go	HOLDS	
docs/build/REQUIREMENTS_TRACEABILITY.md	215	testname	TestForbiddenEffect_CannotBeSmuggledThroughUnknownJSONFields	grep for func TestForbiddenEffect_CannotBeSmuggledThroughUnknownJSONFields over *_test.go	HOLDS	
docs/build/REQUIREMENTS_TRACEABILITY.md	215	testname	TestGoldenMatrix_AgentSet	grep for func TestGoldenMatrix_AgentSet over *_test.go	HOLDS	
docs/build/REQUIREMENTS_TRACEABILITY.md	215	testname	TestIntegration_AgentCannotActivate	grep for func TestIntegration_AgentCannotActivate over *_test.go	HOLDS	
docs/build/REQUIREMENTS_TRACEABILITY.md	215	testname	TestNoAdminRouteAdmitsAnAgent	grep for func TestNoAdminRouteAdmitsAnAgent over *_test.go	HOLDS	
docs/build/REQUIREMENTS_TRACEABILITY.md	216	testname	TestAuthorityIsUnchangedByContent	grep for func TestAuthorityIsUnchangedByContent over *_test.go	HOLDS	
docs/build/REQUIREMENTS_TRACEABILITY.md	216	testname	TestCorpus_InjectionInToolResultsIsInert	grep for func TestCorpus_InjectionInToolResultsIsInert over *_test.go	HOLDS	
docs/build/REQUIREMENTS_TRACEABILITY.md	216	testname	TestCorpus_PromptInjectionNeverWidensTheEffectSet	grep for func TestCorpus_PromptInjectionNeverWidensTheEffectSet over *_test.go	HOLDS	
docs/build/REQUIREMENTS_TRACEABILITY.md	216	testname	TestGuard_RefusesCredentialMaterial	grep for func TestGuard_RefusesCredentialMaterial over *_test.go	HOLDS	
docs/build/REQUIREMENTS_TRACEABILITY.md	216	testname	TestPromptInjection_NoBuilderComputesTheSystemPolicy	grep for func TestPromptInjection_NoBuilderComputesTheSystemPolicy over *_test.go	HOLDS	
docs/build/REQUIREMENTS_TRACEABILITY.md	216	testname	TestPromptInjection_UntrustedTextNeverEntersTheInstructionChannel	grep for func TestPromptInjection_UntrustedTextNeverEntersTheInstructionChannel over *_test.go	HOLDS	
docs/build/REQUIREMENTS_TRACEABILITY.md	216	testname	TestQuarantineNeutralizesPromptDelimiters	grep for func TestQuarantineNeutralizesPromptDelimiters over *_test.go	HOLDS	
docs/build/REQUIREMENTS_TRACEABILITY.md	216	testname	TestRender_UntrustedContentNeverReachesTheSystemSection	grep for func TestRender_UntrustedContentNeverReachesTheSystemSection over *_test.go	HOLDS	
docs/build/REQUIREMENTS_TRACEABILITY.md	216	testname	TestScanInjectionDetectsTheCorpus	grep for func TestScanInjectionDetectsTheCorpus over *_test.go	HOLDS	
docs/build/REQUIREMENTS_TRACEABILITY.md	216	testname	TestSigningImportedOnlyByExecutionBoundary	grep for func TestSigningImportedOnlyByExecutionBoundary over *_test.go	HOLDS	
docs/build/REQUIREMENTS_TRACEABILITY.md	216	testname	TestUntrustedContentFromAToolChangesNothing	grep for func TestUntrustedContentFromAToolChangesNothing over *_test.go	HOLDS	
docs/build/REQUIREMENTS_TRACEABILITY.md	217	testname	TestE2E_CustomerJourney	grep for func TestE2E_CustomerJourney over *_test.go	HOLDS	
docs/build/REQUIREMENTS_TRACEABILITY.md	217	testname	TestExecutor_BuyHappyPath	grep for func TestExecutor_BuyHappyPath over *_test.go	HOLDS	
docs/build/REQUIREMENTS_TRACEABILITY.md	217	testname	TestExecutor_ResumeAfterCrash_EveryStepBoundary	grep for func TestExecutor_ResumeAfterCrash_EveryStepBoundary over *_test.go	HOLDS	
docs/build/REQUIREMENTS_TRACEABILITY.md	217	testname	TestExecutor_SellHappyPath	grep for func TestExecutor_SellHappyPath over *_test.go	HOLDS	
docs/build/REQUIREMENTS_TRACEABILITY.md	217	testname	TestPlanner_NeverEmitsReservedSteps	grep for func TestPlanner_NeverEmitsReservedSteps over *_test.go	HOLDS	
docs/build/REQUIREMENTS_TRACEABILITY.md	217	testname	TestSigningImportedOnlyByExecutionBoundary	grep for func TestSigningImportedOnlyByExecutionBoundary over *_test.go	HOLDS	
docs/build/REQUIREMENTS_TRACEABILITY.md	217	testname	TestThereIsNoBalanceEditingEndpoint	grep for func TestThereIsNoBalanceEditingEndpoint over *_test.go	HOLDS	
docs/build/REQUIREMENTS_TRACEABILITY.md	217	testname	TestThereIsNoSigningWalletOrPolicyEndpoint	grep for func TestThereIsNoSigningWalletOrPolicyEndpoint over *_test.go	HOLDS	
docs/build/REQUIREMENTS_TRACEABILITY.md	217	testname	TestV1Steps_CanonicalSequence	grep for func TestV1Steps_CanonicalSequence over *_test.go	HOLDS	
docs/build/REQUIREMENTS_TRACEABILITY.md	218	testname	TestIntegration_GlobalKill_BlocksNewRiskNotReconciliation	grep for func TestIntegration_GlobalKill_BlocksNewRiskNotReconciliation over *_test.go	HOLDS	
docs/build/REQUIREMENTS_TRACEABILITY.md	218	testname	TestKillSwitch_ContinuousStageIgnoresSwitches	grep for func TestKillSwitch_ContinuousStageIgnoresSwitches over *_test.go	HOLDS	
docs/build/REQUIREMENTS_TRACEABILITY.md	218	testname	TestProp_GlobalKillNeverStopsRiskReduction	grep for func TestProp_GlobalKillNeverStopsRiskReduction over *_test.go	HOLDS	
docs/build/REQUIREMENTS_TRACEABILITY.md	218	testname	TestProp_NeverBlockedClasses	grep for func TestProp_NeverBlockedClasses over *_test.go	HOLDS	
docs/build/REQUIREMENTS_TRACEABILITY.md	219	testname	TestIntegration_GlobalKill_BlocksNewRiskNotReconciliation	grep for func TestIntegration_GlobalKill_BlocksNewRiskNotReconciliation over *_test.go	HOLDS	
docs/build/REQUIREMENTS_TRACEABILITY.md	219	testname	TestKillSwitchMatrix	grep for func TestKillSwitchMatrix over *_test.go	HOLDS	
docs/build/REQUIREMENTS_TRACEABILITY.md	219	testname	TestMatrix_NewRisk	grep for func TestMatrix_NewRisk over *_test.go	HOLDS	
docs/build/REQUIREMENTS_TRACEABILITY.md	219	testname	TestProp_NewRiskNeverAllowedUnderGlobalKill	grep for func TestProp_NewRiskNeverAllowedUnderGlobalKill over *_test.go	HOLDS	
docs/build/REQUIREMENTS_TRACEABILITY.md	220	testname	TestIntegration_FrozenAccountAndHaltedAsset	grep for func TestIntegration_FrozenAccountAndHaltedAsset over *_test.go	HOLDS	
docs/build/REQUIREMENTS_TRACEABILITY.md	220	testname	TestKillSwitch_ScopeMatching	grep for func TestKillSwitch_ScopeMatching over *_test.go	HOLDS	
docs/build/REQUIREMENTS_TRACEABILITY.md	220	testname	TestKinds_SeverityAndScopeRules	grep for func TestKinds_SeverityAndScopeRules over *_test.go	HOLDS	
docs/build/REQUIREMENTS_TRACEABILITY.md	220	testname	TestProp_EveryActiveSwitchCombination	grep for func TestProp_EveryActiveSwitchCombination over *_test.go	HOLDS	
docs/build/REQUIREMENTS_TRACEABILITY.md	221	testname	TestKillSwitchPauseCarriesItsSwitch	grep for func TestKillSwitchPauseCarriesItsSwitch over *_test.go	HOLDS	
docs/build/REQUIREMENTS_TRACEABILITY.md	221	testname	TestKinds_SeverityAndScopeRules	grep for func TestKinds_SeverityAndScopeRules over *_test.go	HOLDS	
docs/build/REQUIREMENTS_TRACEABILITY.md	221	testname	TestOnlyPeopleResume	grep for func TestOnlyPeopleResume over *_test.go	HOLDS	
docs/build/REQUIREMENTS_TRACEABILITY.md	221	testname	TestPauseIsEffectiveImmediatelyForARunInFlight	grep for func TestPauseIsEffectiveImmediatelyForARunInFlight over *_test.go	HOLDS	
docs/build/REQUIREMENTS_TRACEABILITY.md	221	testname	TestPausedAgentProducesNoRuns	grep for func TestPausedAgentProducesNoRuns over *_test.go	HOLDS	
docs/build/REQUIREMENTS_TRACEABILITY.md	221	testname	TestPromotingAPausedAgentIsRefused	grep for func TestPromotingAPausedAgentIsRefused over *_test.go	HOLDS	
docs/build/REQUIREMENTS_TRACEABILITY.md	221	testname	TestProp_EveryActiveSwitchCombination	grep for func TestProp_EveryActiveSwitchCombination over *_test.go	HOLDS	
docs/build/REQUIREMENTS_TRACEABILITY.md	222	testname	TestKillSwitchMatrix	grep for func TestKillSwitchMatrix over *_test.go	HOLDS	
docs/build/REQUIREMENTS_TRACEABILITY.md	222	testname	TestKillSwitch_ScopeMatching	grep for func TestKillSwitch_ScopeMatching over *_test.go	HOLDS	
docs/build/REQUIREMENTS_TRACEABILITY.md	222	testname	TestKinds_SeverityAndScopeRules	grep for func TestKinds_SeverityAndScopeRules over *_test.go	HOLDS	
docs/build/REQUIREMENTS_TRACEABILITY.md	222	testname	TestProp_EveryActiveSwitchCombination	grep for func TestProp_EveryActiveSwitchCombination over *_test.go	HOLDS	
docs/build/REQUIREMENTS_TRACEABILITY.md	223	testname	TestIntegration_Instruments_SpotPairLifecycle	grep for func TestIntegration_Instruments_SpotPairLifecycle over *_test.go	HOLDS	
docs/build/REQUIREMENTS_TRACEABILITY.md	223	testname	TestKillSwitchMatrix	grep for func TestKillSwitchMatrix over *_test.go	HOLDS	
docs/build/REQUIREMENTS_TRACEABILITY.md	223	testname	TestKillSwitch_ScopeMatching	grep for func TestKillSwitch_ScopeMatching over *_test.go	HOLDS	
docs/build/REQUIREMENTS_TRACEABILITY.md	223	testname	TestKinds_SeverityAndScopeRules	grep for func TestKinds_SeverityAndScopeRules over *_test.go	HOLDS	
docs/build/REQUIREMENTS_TRACEABILITY.md	223	testname	TestProp_EveryActiveSwitchCombination	grep for func TestProp_EveryActiveSwitchCombination over *_test.go	HOLDS	
docs/build/REQUIREMENTS_TRACEABILITY.md	224	testname	TestGolden_Risk	grep for func TestGolden_Risk over *_test.go	HOLDS	
docs/build/REQUIREMENTS_TRACEABILITY.md	224	testname	TestKillSwitchMatrix	grep for func TestKillSwitchMatrix over *_test.go	HOLDS	
docs/build/REQUIREMENTS_TRACEABILITY.md	224	testname	TestMatrix_NewRisk	grep for func TestMatrix_NewRisk over *_test.go	HOLDS	
docs/build/REQUIREMENTS_TRACEABILITY.md	224	testname	TestMatrix_ReduceRisk	grep for func TestMatrix_ReduceRisk over *_test.go	HOLDS	
docs/build/REQUIREMENTS_TRACEABILITY.md	224	testname	TestProp_GlobalKillNeverStopsRiskReduction	grep for func TestProp_GlobalKillNeverStopsRiskReduction over *_test.go	HOLDS	
docs/build/REQUIREMENTS_TRACEABILITY.md	225	testname	TestIntegration_FrozenAccountAndHaltedAsset	grep for func TestIntegration_FrozenAccountAndHaltedAsset over *_test.go	HOLDS	
docs/build/REQUIREMENTS_TRACEABILITY.md	225	testname	TestKillSwitchMatrix	grep for func TestKillSwitchMatrix over *_test.go	HOLDS	
docs/build/REQUIREMENTS_TRACEABILITY.md	225	testname	TestMatrix_NewRisk	grep for func TestMatrix_NewRisk over *_test.go	HOLDS	
docs/build/REQUIREMENTS_TRACEABILITY.md	225	testname	TestMatrix_ReduceRisk	grep for func TestMatrix_ReduceRisk over *_test.go	HOLDS	
docs/build/REQUIREMENTS_TRACEABILITY.md	226	testname	TestExecutor_KillSwitchActivatedBetweenReserveAndSubmit	grep for func TestExecutor_KillSwitchActivatedBetweenReserveAndSubmit over *_test.go	HOLDS	
docs/build/REQUIREMENTS_TRACEABILITY.md	226	testname	TestExecutor_KillSwitchMatrix	grep for func TestExecutor_KillSwitchMatrix over *_test.go	HOLDS	
docs/build/REQUIREMENTS_TRACEABILITY.md	226	testname	TestExecutor_KillSwitchNeverBlocksPostSubmission	grep for func TestExecutor_KillSwitchNeverBlocksPostSubmission over *_test.go	HOLDS	
docs/build/REQUIREMENTS_TRACEABILITY.md	226	testname	TestKillSwitchMatrix	grep for func TestKillSwitchMatrix over *_test.go	HOLDS	
docs/build/REQUIREMENTS_TRACEABILITY.md	226	testname	TestKinds_SeverityAndScopeRules	grep for func TestKinds_SeverityAndScopeRules over *_test.go	HOLDS	
docs/build/REQUIREMENTS_TRACEABILITY.md	226	testname	TestProp_EveryActiveSwitchCombination	grep for func TestProp_EveryActiveSwitchCombination over *_test.go	HOLDS	
docs/build/REQUIREMENTS_TRACEABILITY.md	226	testname	TestStepKillSwitchClasses	grep for func TestStepKillSwitchClasses over *_test.go	HOLDS	
docs/build/REQUIREMENTS_TRACEABILITY.md	227	testname	TestKillSwitchMatrix	grep for func TestKillSwitchMatrix over *_test.go	HOLDS	
docs/build/REQUIREMENTS_TRACEABILITY.md	227	testname	TestKinds_SeverityAndScopeRules	grep for func TestKinds_SeverityAndScopeRules over *_test.go	HOLDS	
docs/build/REQUIREMENTS_TRACEABILITY.md	227	testname	TestProp_NeverBlockedClasses	grep for func TestProp_NeverBlockedClasses over *_test.go	HOLDS	
docs/build/REQUIREMENTS_TRACEABILITY.md	227	testname	TestTracker_DisableOverridesObservation	grep for func TestTracker_DisableOverridesObservation over *_test.go	HOLDS	
docs/build/REQUIREMENTS_TRACEABILITY.md	228	testname	TestIntegration_KillSwitchNeverStopsReconciliation	grep for func TestIntegration_KillSwitchNeverStopsReconciliation over *_test.go	HOLDS	
docs/build/REQUIREMENTS_TRACEABILITY.md	228	testname	TestIntegration_Start_Refusals	grep for func TestIntegration_Start_Refusals over *_test.go	HOLDS	
docs/build/REQUIREMENTS_TRACEABILITY.md	228	testname	TestKinds_SeverityAndScopeRules	grep for func TestKinds_SeverityAndScopeRules over *_test.go	HOLDS	
docs/build/REQUIREMENTS_TRACEABILITY.md	228	testname	TestProp_NeverBlockedClasses	grep for func TestProp_NeverBlockedClasses over *_test.go	HOLDS	
docs/build/REQUIREMENTS_TRACEABILITY.md	228	testname	TestService_RequiresLiveFundingGate	grep for func TestService_RequiresLiveFundingGate over *_test.go	HOLDS	
docs/build/REQUIREMENTS_TRACEABILITY.md	229	testname	TestEvaluate_Restrictions	grep for func TestEvaluate_Restrictions over *_test.go	HOLDS	
docs/build/REQUIREMENTS_TRACEABILITY.md	229	testname	TestIntegration_GateRefusedWithRealChecker	grep for func TestIntegration_GateRefusedWithRealChecker over *_test.go	HOLDS	
docs/build/REQUIREMENTS_TRACEABILITY.md	229	testname	TestKinds_SeverityAndScopeRules	grep for func TestKinds_SeverityAndScopeRules over *_test.go	HOLDS	
docs/build/REQUIREMENTS_TRACEABILITY.md	229	testname	TestMatrix_Withdraw	grep for func TestMatrix_Withdraw over *_test.go	HOLDS	
docs/build/REQUIREMENTS_TRACEABILITY.md	229	testname	TestService_Request_CheckOrder	grep for func TestService_Request_CheckOrder over *_test.go	HOLDS	
docs/build/REQUIREMENTS_TRACEABILITY.md	229	testname	TestWithdrawalRefusedByTheCapabilityGate	grep for func TestWithdrawalRefusedByTheCapabilityGate over *_test.go	HOLDS	
docs/build/REQUIREMENTS_TRACEABILITY.md	229	testname	TestWithdrawal_AlwaysRefusedToday	grep for func TestWithdrawal_AlwaysRefusedToday over *_test.go	HOLDS	
docs/build/REQUIREMENTS_TRACEABILITY.md	230	path	internal/agent	ls internal/agent	HOLDS	
docs/build/REQUIREMENTS_TRACEABILITY.md	230	path	internal/killswitch	ls internal/killswitch	HOLDS	
docs/build/REQUIREMENTS_TRACEABILITY.md	230	testname	TestBudget_ExhaustionStopsCallsBeforeDialing	grep for func TestBudget_ExhaustionStopsCallsBeforeDialing over *_test.go	HOLDS	
docs/build/REQUIREMENTS_TRACEABILITY.md	230	testname	TestIntegration_EveryDeclaredEnumMatchesItsCheck	grep for func TestIntegration_EveryDeclaredEnumMatchesItsCheck over *_test.go	HOLDS	
docs/build/REQUIREMENTS_TRACEABILITY.md	230	testname	TestKinds_SeverityAndScopeRules	grep for func TestKinds_SeverityAndScopeRules over *_test.go	HOLDS	
docs/build/REQUIREMENTS_TRACEABILITY.md	230	testname	TestPauseReasonsAreDeclaredAndClosed	grep for func TestPauseReasonsAreDeclaredAndClosed over *_test.go	HOLDS	
docs/build/REQUIREMENTS_TRACEABILITY.md	230	testname	TestRunnerContinuesWhenAnOptionalModelIsUnavailable	grep for func TestRunnerContinuesWhenAnOptionalModelIsUnavailable over *_test.go	HOLDS	
docs/build/REQUIREMENTS_TRACEABILITY.md	230	testname	TestRunnerSkipsWhenAModelIsRequiredButUnavailable	grep for func TestRunnerSkipsWhenAModelIsRequiredButUnavailable over *_test.go	HOLDS	
docs/build/REQUIREMENTS_TRACEABILITY.md	230	testname	TestSkipReasonsAreDeclaredAndClosed	grep for func TestSkipReasonsAreDeclaredAndClosed over *_test.go	HOLDS	
docs/build/REQUIREMENTS_TRACEABILITY.md	231	testname	TestController_ApprovalVerificationRules	grep for func TestController_ApprovalVerificationRules over *_test.go	HOLDS	
docs/build/REQUIREMENTS_TRACEABILITY.md	231	testname	TestController_PermissionsBeforeAnyQuery	grep for func TestController_PermissionsBeforeAnyQuery over *_test.go	HOLDS	
docs/build/REQUIREMENTS_TRACEABILITY.md	231	testname	TestDualControlKindsNeedTwoPeople	grep for func TestDualControlKindsNeedTwoPeople over *_test.go	HOLDS	
docs/build/REQUIREMENTS_TRACEABILITY.md	231	testname	TestIntegration_ConcurrentActivationsOneRow	grep for func TestIntegration_ConcurrentActivationsOneRow over *_test.go	HOLDS	
docs/build/REQUIREMENTS_TRACEABILITY.md	231	testname	TestIntegration_StandardSwitch_ScopedAndReleasedWithStepUp	grep for func TestIntegration_StandardSwitch_ScopedAndReleasedWithStepUp over *_test.go	HOLDS	
docs/build/REQUIREMENTS_TRACEABILITY.md	232	testname	TestCanTransition_EveryPair	grep for func TestCanTransition_EveryPair over *_test.go	HOLDS	
docs/build/REQUIREMENTS_TRACEABILITY.md	232	testname	TestCapabilities_And_HighRisk	grep for func TestCapabilities_And_HighRisk over *_test.go	HOLDS	
docs/build/REQUIREMENTS_TRACEABILITY.md	232	testname	TestIntegration_ActivateRefusesExpiredWindow	grep for func TestIntegration_ActivateRefusesExpiredWindow over *_test.go	HOLDS	
docs/build/REQUIREMENTS_TRACEABILITY.md	232	testname	TestIntegration_Expiry	grep for func TestIntegration_Expiry over *_test.go	HOLDS	
docs/build/REQUIREMENTS_TRACEABILITY.md	232	testname	TestIntegration_Lifecycle_ThreePrincipals	grep for func TestIntegration_Lifecycle_ThreePrincipals over *_test.go	HOLDS	
docs/build/REQUIREMENTS_TRACEABILITY.md	233	testname	TestChecker_ConfigDisabledSkipsQuery	grep for func TestChecker_ConfigDisabledSkipsQuery over *_test.go	HOLDS	
docs/build/REQUIREMENTS_TRACEABILITY.md	233	testname	TestChecker_NilEnabledFailsClosed	grep for func TestChecker_NilEnabledFailsClosed over *_test.go	HOLDS	
docs/build/REQUIREMENTS_TRACEABILITY.md	233	testname	TestGolden_Eligibility	grep for func TestGolden_Eligibility over *_test.go	HOLDS	
docs/build/REQUIREMENTS_TRACEABILITY.md	233	testname	TestIntegration_GateRefusedWithRealChecker	grep for func TestIntegration_GateRefusedWithRealChecker over *_test.go	HOLDS	
docs/build/REQUIREMENTS_TRACEABILITY.md	233	testname	TestOneEnvironmentVariableCannotEnableLiveMoney	grep for func TestOneEnvironmentVariableCannotEnableLiveMoney over *_test.go	HOLDS	
docs/build/REQUIREMENTS_TRACEABILITY.md	233	testname	TestService_RequiresLiveFundingGate	grep for func TestService_RequiresLiveFundingGate over *_test.go	HOLDS	
docs/build/REQUIREMENTS_TRACEABILITY.md	233	testname	TestWithdrawalRefusedByTheCapabilityGate	grep for func TestWithdrawalRefusedByTheCapabilityGate over *_test.go	HOLDS	
docs/build/REQUIREMENTS_TRACEABILITY.md	234	testname	TestAdmin_AgentRejectedBeforeAnyQuery	grep for func TestAdmin_AgentRejectedBeforeAnyQuery over *_test.go	HOLDS	
docs/build/REQUIREMENTS_TRACEABILITY.md	234	testname	TestAdmin_ServiceAndAnonymousRejectedBeforeAnyQuery	grep for func TestAdmin_ServiceAndAnonymousRejectedBeforeAnyQuery over *_test.go	HOLDS	
docs/build/REQUIREMENTS_TRACEABILITY.md	234	testname	TestDistinctApprovers_ExcludesProposer	grep for func TestDistinctApprovers_ExcludesProposer over *_test.go	HOLDS	
docs/build/REQUIREMENTS_TRACEABILITY.md	234	testname	TestEvaluate_ConfigAloneNeverActivates	grep for func TestEvaluate_ConfigAloneNeverActivates over *_test.go	HOLDS	
docs/build/REQUIREMENTS_TRACEABILITY.md	234	testname	TestEvaluate_EachConditionFailsWithDistinctReason	grep for func TestEvaluate_EachConditionFailsWithDistinctReason over *_test.go	HOLDS	
docs/build/REQUIREMENTS_TRACEABILITY.md	234	testname	TestRules_SamePrincipalCannotApproveAndActivate	grep for func TestRules_SamePrincipalCannotApproveAndActivate over *_test.go	HOLDS	
docs/build/REQUIREMENTS_TRACEABILITY.md	235	testname	TestEvaluate_ContextHashCoversPolicyAndInput	grep for func TestEvaluate_ContextHashCoversPolicyAndInput over *_test.go	HOLDS	
docs/build/REQUIREMENTS_TRACEABILITY.md	235	testname	TestGolden_Eligibility	grep for func TestGolden_Eligibility over *_test.go	HOLDS	
docs/build/REQUIREMENTS_TRACEABILITY.md	235	testname	TestIntegration_LoadInputFromProfile	grep for func TestIntegration_LoadInputFromProfile over *_test.go	HOLDS	
docs/build/REQUIREMENTS_TRACEABILITY.md	235	testname	TestProp_ReasonCodesSorted	grep for func TestProp_ReasonCodesSorted over *_test.go	HOLDS	
docs/build/REQUIREMENTS_TRACEABILITY.md	236	testname	TestIntegration_RecordDecision_RoundTrip	grep for func TestIntegration_RecordDecision_RoundTrip over *_test.go	HOLDS	
docs/build/REQUIREMENTS_TRACEABILITY.md	237	testname	TestIntegration_CurrentPolicy_TamperedHashFailsClosed	grep for func TestIntegration_CurrentPolicy_TamperedHashFailsClosed over *_test.go	HOLDS	
docs/build/REQUIREMENTS_TRACEABILITY.md	237	testname	TestParsePolicy_RejectsFractionalIntegers	grep for func TestParsePolicy_RejectsFractionalIntegers over *_test.go	HOLDS	
docs/build/REQUIREMENTS_TRACEABILITY.md	237	testname	TestParsePolicy_RejectsUnknownKeys	grep for func TestParsePolicy_RejectsUnknownKeys over *_test.go	HOLDS	
docs/build/REQUIREMENTS_TRACEABILITY.md	237	testname	TestProp_UnknownCountryNeverEligible	grep for func TestProp_UnknownCountryNeverEligible over *_test.go	HOLDS	
docs/build/REQUIREMENTS_TRACEABILITY.md	238	testname	TestGolden_Determinism1000	grep for func TestGolden_Determinism1000 over *_test.go	HOLDS	
docs/build/REQUIREMENTS_TRACEABILITY.md	238	testname	TestGolden_Risk	grep for func TestGolden_Risk over *_test.go	HOLDS	
docs/build/REQUIREMENTS_TRACEABILITY.md	238	testname	TestIntegration_RecordDecision_RoundTrip	grep for func TestIntegration_RecordDecision_RoundTrip over *_test.go	HOLDS	
docs/build/REQUIREMENTS_TRACEABILITY.md	238	testname	TestNoFloatingPointInSource	grep for func TestNoFloatingPointInSource over *_test.go	HOLDS	
docs/build/REQUIREMENTS_TRACEABILITY.md	238	testname	TestPolicy_HashIsCanonical	grep for func TestPolicy_HashIsCanonical over *_test.go	HOLDS	
docs/build/REQUIREMENTS_TRACEABILITY.md	239	testname	TestCheck_DeclaredMustEqualDerived	grep for func TestCheck_DeclaredMustEqualDerived over *_test.go	HOLDS	
docs/build/REQUIREMENTS_TRACEABILITY.md	239	testname	TestCheck_RejectsEveryForbiddenEffect	grep for func TestCheck_RejectsEveryForbiddenEffect over *_test.go	HOLDS	
docs/build/REQUIREMENTS_TRACEABILITY.md	239	testname	TestCorpus_EveryForbiddenEffectAppears	grep for func TestCorpus_EveryForbiddenEffectAppears over *_test.go	HOLDS	
docs/build/REQUIREMENTS_TRACEABILITY.md	239	testname	TestCorpus_Validation	grep for func TestCorpus_Validation over *_test.go	HOLDS	
docs/build/REQUIREMENTS_TRACEABILITY.md	239	testname	TestEffect_UnknownNameIsNotAllowed	grep for func TestEffect_UnknownNameIsNotAllowed over *_test.go	HOLDS	
docs/build/REQUIREMENTS_TRACEABILITY.md	239	testname	TestStructural_BoundsExpressions	grep for func TestStructural_BoundsExpressions over *_test.go	HOLDS	
docs/build/REQUIREMENTS_TRACEABILITY.md	239	testname	TestStructural_BoundsWindowLookback	grep for func TestStructural_BoundsWindowLookback over *_test.go	HOLDS	
docs/build/REQUIREMENTS_TRACEABILITY.md	239	testname	TestStructural_BudgetConsistency	grep for func TestStructural_BudgetConsistency over *_test.go	HOLDS	
docs/build/REQUIREMENTS_TRACEABILITY.md	239	testname	TestStructural_DependencyRules	grep for func TestStructural_DependencyRules over *_test.go	HOLDS	
docs/build/REQUIREMENTS_TRACEABILITY.md	239	testname	TestStructural_EnforcesStalenessDeclaration	grep for func TestStructural_EnforcesStalenessDeclaration over *_test.go	HOLDS	
docs/build/REQUIREMENTS_TRACEABILITY.md	239	testname	TestStructural_RejectsInvalidReferences	grep for func TestStructural_RejectsInvalidReferences over *_test.go	HOLDS	
docs/build/REQUIREMENTS_TRACEABILITY.md	239	testname	TestStructural_RejectsUnboundedLoop	grep for func TestStructural_RejectsUnboundedLoop over *_test.go	HOLDS	
docs/build/REQUIREMENTS_TRACEABILITY.md	240	testname	TestCompose_StrictestWins	grep for func TestCompose_StrictestWins over *_test.go	HOLDS	
docs/build/REQUIREMENTS_TRACEABILITY.md	240	testname	TestExecutor_FinalRiskRejected	grep for func TestExecutor_FinalRiskRejected over *_test.go	HOLDS	
docs/build/REQUIREMENTS_TRACEABILITY.md	240	testname	TestExecutor_QuoteExceedsPriceImpact	grep for func TestExecutor_QuoteExceedsPriceImpact over *_test.go	HOLDS	
docs/build/REQUIREMENTS_TRACEABILITY.md	240	testname	TestGolden_Risk	grep for func TestGolden_Risk over *_test.go	HOLDS	
docs/build/REQUIREMENTS_TRACEABILITY.md	240	testname	TestIntegration_ADeploymentWithNoRiskPolicyRefusesEveryNativeTrade	grep for func TestIntegration_ADeploymentWithNoRiskPolicyRefusesEveryNativeTrade over *_test.go	HOLDS	
docs/build/REQUIREMENTS_TRACEABILITY.md	240	testname	TestIntegration_ASellIsNeverRefusedByAConcentrationLimit	grep for func TestIntegration_ASellIsNeverRefusedByAConcentrationLimit over *_test.go	HOLDS	
docs/build/REQUIREMENTS_TRACEABILITY.md	240	testname	TestIntegration_ATradeThatWouldConcentrateOneCreatorIsRefused	grep for func TestIntegration_ATradeThatWouldConcentrateOneCreatorIsRefused over *_test.go	HOLDS	
docs/build/REQUIREMENTS_TRACEABILITY.md	240	testname	TestIntegration_ATradeThatWouldOwnTooMuchOfAMarketIsRefused	grep for func TestIntegration_ATradeThatWouldOwnTooMuchOfAMarketIsRefused over *_test.go	HOLDS	
docs/build/REQUIREMENTS_TRACEABILITY.md	240	testname	TestIntegration_AnAllowedTradeRecordsItsRiskDecision	grep for func TestIntegration_AnAllowedTradeRecordsItsRiskDecision over *_test.go	HOLDS	
docs/build/REQUIREMENTS_TRACEABILITY.md	240	testname	TestIntegration_CountOrders_FromPersistedIntents	grep for func TestIntegration_CountOrders_FromPersistedIntents over *_test.go	HOLDS	
docs/build/REQUIREMENTS_TRACEABILITY.md	240	testname	TestProp_ConstraintsNeverLooser	grep for func TestProp_ConstraintsNeverLooser over *_test.go	HOLDS	
docs/build/REQUIREMENTS_TRACEABILITY.md	240	testname	TestProp_ConstraintsNeverLooserThanPolicy	grep for func TestProp_ConstraintsNeverLooserThanPolicy over *_test.go	HOLDS	
docs/build/REQUIREMENTS_TRACEABILITY.md	241	testname	TestBudgetSpendIsCheckedBeforeTheCallNotAfter	grep for func TestBudgetSpendIsCheckedBeforeTheCallNotAfter over *_test.go	HOLDS	
docs/build/REQUIREMENTS_TRACEABILITY.md	241	testname	TestEachBudgetIsEnforcedIndependently	grep for func TestEachBudgetIsEnforcedIndependently over *_test.go	HOLDS	
docs/build/REQUIREMENTS_TRACEABILITY.md	241	testname	TestGolden_Risk	grep for func TestGolden_Risk over *_test.go	HOLDS	
docs/build/REQUIREMENTS_TRACEABILITY.md	241	testname	TestIntegration_InternalDriftIsASEV1LedgerIntegrityViolation	grep for func TestIntegration_InternalDriftIsASEV1LedgerIntegrityViolation over *_test.go	HOLDS	
docs/build/REQUIREMENTS_TRACEABILITY.md	241	testname	TestKillSwitch_ContinuousStageIgnoresSwitches	grep for func TestKillSwitch_ContinuousStageIgnoresSwitches over *_test.go	HOLDS	
docs/build/REQUIREMENTS_TRACEABILITY.md	242	testname	TestKillSwitchMatrix	grep for func TestKillSwitchMatrix over *_test.go	HOLDS	
docs/build/REQUIREMENTS_TRACEABILITY.md	242	testname	TestKillSwitch_OrderAndDuplicatesIrrelevant	grep for func TestKillSwitch_OrderAndDuplicatesIrrelevant over *_test.go	HOLDS	
docs/build/REQUIREMENTS_TRACEABILITY.md	242	testname	TestKillSwitch_ScopeMatching	grep for func TestKillSwitch_ScopeMatching over *_test.go	HOLDS	
docs/build/REQUIREMENTS_TRACEABILITY.md	242	testname	TestProp_NewRiskNeverAllowedUnderGlobalKill	grep for func TestProp_NewRiskNeverAllowedUnderGlobalKill over *_test.go	HOLDS	
docs/build/REQUIREMENTS_TRACEABILITY.md	243	testname	TestAuthorityBudgetsTakeTheStricterOfIRAndEnvelope	grep for func TestAuthorityBudgetsTakeTheStricterOfIRAndEnvelope over *_test.go	HOLDS	
docs/build/REQUIREMENTS_TRACEABILITY.md	243	testname	TestAuthorityIsUnchangedByContent	grep for func TestAuthorityIsUnchangedByContent over *_test.go	HOLDS	
docs/build/REQUIREMENTS_TRACEABILITY.md	243	testname	TestCompose_StrictestWins	grep for func TestCompose_StrictestWins over *_test.go	HOLDS	
docs/build/REQUIREMENTS_TRACEABILITY.md	243	testname	TestCorpus_PromptInjectionNeverWidensTheEffectSet	grep for func TestCorpus_PromptInjectionNeverWidensTheEffectSet over *_test.go	HOLDS	
docs/build/REQUIREMENTS_TRACEABILITY.md	243	testname	TestIntegration_EffectivePolicy_Composes	grep for func TestIntegration_EffectivePolicy_Composes over *_test.go	HOLDS	
docs/build/REQUIREMENTS_TRACEABILITY.md	243	testname	TestIntegration_RecordPolicy_Authority	grep for func TestIntegration_RecordPolicy_Authority over *_test.go	HOLDS	
docs/build/REQUIREMENTS_TRACEABILITY.md	243	testname	TestNewAuthorityRefusesAForbiddenEffect	grep for func TestNewAuthorityRefusesAForbiddenEffect over *_test.go	HOLDS	
docs/build/REQUIREMENTS_TRACEABILITY.md	243	testname	TestProp_ComposeStrictest	grep for func TestProp_ComposeStrictest over *_test.go	HOLDS	
docs/build/REQUIREMENTS_TRACEABILITY.md	244	testname	TestAGrantForSomeoneElseNeverElevatesYou	grep for func TestAGrantForSomeoneElseNeverElevatesYou over *_test.go	HOLDS	
docs/build/REQUIREMENTS_TRACEABILITY.md	244	testname	TestBreakGlass_Expiry	grep for func TestBreakGlass_Expiry over *_test.go	HOLDS	
docs/build/REQUIREMENTS_TRACEABILITY.md	244	testname	TestExpiredElevationIsNeverHonored	grep for func TestExpiredElevationIsNeverHonored over *_test.go	HOLDS	
docs/build/REQUIREMENTS_TRACEABILITY.md	244	testname	TestGrantDurationIsBounded	grep for func TestGrantDurationIsBounded over *_test.go	HOLDS	
docs/build/REQUIREMENTS_TRACEABILITY.md	244	testname	TestIntegration_BreakGlassGrant	grep for func TestIntegration_BreakGlassGrant over *_test.go	HOLDS	
docs/build/REQUIREMENTS_TRACEABILITY.md	244	testname	TestIntegration_BreakGlassGrantIsItselfDualControlled	grep for func TestIntegration_BreakGlassGrantIsItselfDualControlled over *_test.go	HOLDS	
docs/build/REQUIREMENTS_TRACEABILITY.md	244	testname	TestIntegration_ExpiredBreakGlassElevationIsNotHonoured	grep for func TestIntegration_ExpiredBreakGlassElevationIsNotHonoured over *_test.go	HOLDS	
docs/build/REQUIREMENTS_TRACEABILITY.md	244	testname	TestIntegration_ExpiredElevationIsRefusedByTheService	grep for func TestIntegration_ExpiredElevationIsRefusedByTheService over *_test.go	HOLDS	
docs/build/REQUIREMENTS_TRACEABILITY.md	244	testname	TestParseBreakGlassParams	grep for func TestParseBreakGlassParams over *_test.go	HOLDS	
docs/build/REQUIREMENTS_TRACEABILITY.md	244	testname	TestPrincipalWithBreakGlass	grep for func TestPrincipalWithBreakGlass over *_test.go	HOLDS	
docs/build/REQUIREMENTS_TRACEABILITY.md	244	testname	TestRequireAccount_BreakGlassNeverGrantsVisibility	grep for func TestRequireAccount_BreakGlassNeverGrantsVisibility over *_test.go	HOLDS	
docs/build/REQUIREMENTS_TRACEABILITY.md	245	testname	TestGolden_Risk	grep for func TestGolden_Risk over *_test.go	HOLDS	
docs/build/REQUIREMENTS_TRACEABILITY.md	245	testname	TestIntegration_CountOrders_FromPersistedIntents	grep for func TestIntegration_CountOrders_FromPersistedIntents over *_test.go	HOLDS	
docs/build/REQUIREMENTS_TRACEABILITY.md	247	path	scripts/gateceremony	ls scripts/gateceremony	HOLDS	
docs/build/REQUIREMENTS_TRACEABILITY.md	247	testname	TestEvaluate_ConfigAloneNeverActivates	grep for func TestEvaluate_ConfigAloneNeverActivates over *_test.go	HOLDS	
docs/build/REQUIREMENTS_TRACEABILITY.md	247	testname	TestIntegration_Bootstrap_Idempotent	grep for func TestIntegration_Bootstrap_Idempotent over *_test.go	HOLDS	
docs/build/REQUIREMENTS_TRACEABILITY.md	248	testname	TestAdmin_AgentRejectedBeforeAnyQuery	grep for func TestAdmin_AgentRejectedBeforeAnyQuery over *_test.go	HOLDS	
docs/build/REQUIREMENTS_TRACEABILITY.md	248	testname	TestAgentsHoldNoAdminPermission	grep for func TestAgentsHoldNoAdminPermission over *_test.go	HOLDS	
docs/build/REQUIREMENTS_TRACEABILITY.md	248	testname	TestEvaluate_ConfigAloneNeverActivates	grep for func TestEvaluate_ConfigAloneNeverActivates over *_test.go	HOLDS	
docs/build/REQUIREMENTS_TRACEABILITY.md	248	testname	TestIntegration_AgentCannotActivate	grep for func TestIntegration_AgentCannotActivate over *_test.go	HOLDS	
docs/build/REQUIREMENTS_TRACEABILITY.md	248	testname	TestIntegration_RecordPolicy_Authority	grep for func TestIntegration_RecordPolicy_Authority over *_test.go	HOLDS	
docs/build/REQUIREMENTS_TRACEABILITY.md	248	testname	TestIntegration_RecordPolicy_RejectsAgentsAndUsers	grep for func TestIntegration_RecordPolicy_RejectsAgentsAndUsers over *_test.go	HOLDS	
docs/build/REQUIREMENTS_TRACEABILITY.md	248	testname	TestIntegration_SameProposerCannotApprove	grep for func TestIntegration_SameProposerCannotApprove over *_test.go	HOLDS	
docs/build/REQUIREMENTS_TRACEABILITY.md	248	testname	TestIntegration_TamperedParamsAreRefused	grep for func TestIntegration_TamperedParamsAreRefused over *_test.go	HOLDS	
docs/build/REQUIREMENTS_TRACEABILITY.md	254	testname	TestIntegration_Instruments_SpotPairLifecycle	grep for func TestIntegration_Instruments_SpotPairLifecycle over *_test.go	HOLDS	
docs/build/REQUIREMENTS_TRACEABILITY.md	255	testname	TestIntegration_Instruments_SpotPairLifecycle	grep for func TestIntegration_Instruments_SpotPairLifecycle over *_test.go	HOLDS	
docs/build/REQUIREMENTS_TRACEABILITY.md	256	testname	TestIntegration_Instruments_SpotPairLifecycle	grep for func TestIntegration_Instruments_SpotPairLifecycle over *_test.go	HOLDS	
docs/build/REQUIREMENTS_TRACEABILITY.md	257	testname	TestClassify_AssetStatus	grep for func TestClassify_AssetStatus over *_test.go	HOLDS	
docs/build/REQUIREMENTS_TRACEABILITY.md	257	testname	TestGolden_Risk	grep for func TestGolden_Risk over *_test.go	HOLDS	
docs/build/REQUIREMENTS_TRACEABILITY.md	257	testname	TestKillSwitchMatrix	grep for func TestKillSwitchMatrix over *_test.go	HOLDS	
docs/build/REQUIREMENTS_TRACEABILITY.md	257	testname	TestMatrix_NewRisk	grep for func TestMatrix_NewRisk over *_test.go	HOLDS	
docs/build/REQUIREMENTS_TRACEABILITY.md	257	testname	TestMatrix_ReduceRisk	grep for func TestMatrix_ReduceRisk over *_test.go	HOLDS	
docs/build/REQUIREMENTS_TRACEABILITY.md	258	testname	FuzzValidate	grep for func FuzzValidate over *_test.go	HOLDS	
docs/build/REQUIREMENTS_TRACEABILITY.md	258	testname	TestGolden_Risk	grep for func TestGolden_Risk over *_test.go	HOLDS	
docs/build/REQUIREMENTS_TRACEABILITY.md	258	testname	TestIntegration_Create_IdempotentReplayAndConflict	grep for func TestIntegration_Create_IdempotentReplayAndConflict over *_test.go	HOLDS	
docs/build/REQUIREMENTS_TRACEABILITY.md	258	testname	TestValidate_ActionFieldMatrix	grep for func TestValidate_ActionFieldMatrix over *_test.go	HOLDS	
docs/build/REQUIREMENTS_TRACEABILITY.md	258	testname	TestValidate_Actions	grep for func TestValidate_Actions over *_test.go	HOLDS	
docs/build/REQUIREMENTS_TRACEABILITY.md	258	testname	TestValidate_AmountSigns	grep for func TestValidate_AmountSigns over *_test.go	HOLDS	
docs/build/REQUIREMENTS_TRACEABILITY.md	259	testname	TestIntegration_IdentityIsImmutable	grep for func TestIntegration_IdentityIsImmutable over *_test.go	HOLDS	
docs/build/REQUIREMENTS_TRACEABILITY.md	259	testname	TestIntegration_Link_SetOnceAndSupersede	grep for func TestIntegration_Link_SetOnceAndSupersede over *_test.go	HOLDS	
docs/build/REQUIREMENTS_TRACEABILITY.md	259	testname	TestIntentRequiresAPredictionThatPredatesIt	grep for func TestIntentRequiresAPredictionThatPredatesIt over *_test.go	HOLDS	
docs/build/REQUIREMENTS_TRACEABILITY.md	259	testname	TestProp_CanonicalStableUnderFieldOrder	grep for func TestProp_CanonicalStableUnderFieldOrder over *_test.go	HOLDS	
docs/build/REQUIREMENTS_TRACEABILITY.md	259	testname	TestTransitions_Exhaustive	grep for func TestTransitions_Exhaustive over *_test.go	HOLDS	
docs/build/REQUIREMENTS_TRACEABILITY.md	259	testname	TestValidate_ActorLinkage	grep for func TestValidate_ActorLinkage over *_test.go	HOLDS	
docs/build/REQUIREMENTS_TRACEABILITY.md	259	testname	TestValidate_Identity	grep for func TestValidate_Identity over *_test.go	HOLDS	
docs/build/REQUIREMENTS_TRACEABILITY.md	260	testname	TestExecutor_QuoteExceedsPriceImpact	grep for func TestExecutor_QuoteExceedsPriceImpact over *_test.go	HOLDS	
docs/build/REQUIREMENTS_TRACEABILITY.md	260	testname	TestProp_ConstraintsNeverLooser	grep for func TestProp_ConstraintsNeverLooser over *_test.go	HOLDS	
docs/build/REQUIREMENTS_TRACEABILITY.md	260	testname	TestProp_ConstraintsNeverLooserThanPolicy	grep for func TestProp_ConstraintsNeverLooserThanPolicy over *_test.go	HOLDS	
docs/build/REQUIREMENTS_TRACEABILITY.md	260	testname	TestValidate_Constraints	grep for func TestValidate_Constraints over *_test.go	HOLDS	
docs/build/REQUIREMENTS_TRACEABILITY.md	260	testname	TestValidate_ReportsEveryField	grep for func TestValidate_ReportsEveryField over *_test.go	HOLDS	
docs/build/REQUIREMENTS_TRACEABILITY.md	261	testname	TestIntegration_OrderLifecycle	grep for func TestIntegration_OrderLifecycle over *_test.go	HOLDS	
docs/build/REQUIREMENTS_TRACEABILITY.md	261	testname	TestIntegration_StateChangeRequiresTransitionRow	grep for func TestIntegration_StateChangeRequiresTransitionRow over *_test.go	HOLDS	
docs/build/REQUIREMENTS_TRACEABILITY.md	261	testname	TestNextStatusAfterFill	grep for func TestNextStatusAfterFill over *_test.go	HOLDS	
docs/build/REQUIREMENTS_TRACEABILITY.md	261	testname	TestOrderStatus_HappyPathIsLinear	grep for func TestOrderStatus_HappyPathIsLinear over *_test.go	HOLDS	
docs/build/REQUIREMENTS_TRACEABILITY.md	261	testname	TestOrderTransitions_Exhaustive	grep for func TestOrderTransitions_Exhaustive over *_test.go	HOLDS	
docs/build/REQUIREMENTS_TRACEABILITY.md	261	testname	TestOrderTransitions_TerminalsAndReachability	grep for func TestOrderTransitions_TerminalsAndReachability over *_test.go	HOLDS	
docs/build/REQUIREMENTS_TRACEABILITY.md	262	testname	TestE2E_ConcurrentIdenticalCommands	grep for func TestE2E_ConcurrentIdenticalCommands over *_test.go	HOLDS	
docs/build/REQUIREMENTS_TRACEABILITY.md	262	testname	TestE2E_IdempotencyAcrossProcesses	grep for func TestE2E_IdempotencyAcrossProcesses over *_test.go	HOLDS	
docs/build/REQUIREMENTS_TRACEABILITY.md	262	testname	TestSubmitIntent_AcceptedThenReplayed	grep for func TestSubmitIntent_AcceptedThenReplayed over *_test.go	HOLDS	
docs/build/REQUIREMENTS_TRACEABILITY.md	263	testname	TestCancelSemantics_Pure	grep for func TestCancelSemantics_Pure over *_test.go	HOLDS	
docs/build/REQUIREMENTS_TRACEABILITY.md	263	testname	TestExecutor_FillWinsOverCancelRequest	grep for func TestExecutor_FillWinsOverCancelRequest over *_test.go	HOLDS	
docs/build/REQUIREMENTS_TRACEABILITY.md	263	testname	TestIntegration_CancelRace	grep for func TestIntegration_CancelRace over *_test.go	HOLDS	
docs/build/REQUIREMENTS_TRACEABILITY.md	264	testname	TestFillValidate	grep for func TestFillValidate over *_test.go	HOLDS	
docs/build/REQUIREMENTS_TRACEABILITY.md	264	testname	TestIntegration_RecordFill_PartialThenFilled	grep for func TestIntegration_RecordFill_PartialThenFilled over *_test.go	HOLDS	
docs/build/REQUIREMENTS_TRACEABILITY.md	264	testname	TestNextStatusAfterFill	grep for func TestNextStatusAfterFill over *_test.go	HOLDS	
docs/build/REQUIREMENTS_TRACEABILITY.md	264	testname	TestOrderStatus_AcceptsFill	grep for func TestOrderStatus_AcceptsFill over *_test.go	HOLDS	
docs/build/REQUIREMENTS_TRACEABILITY.md	264	testname	TestProp_Integration_FillIdempotent	grep for func TestProp_Integration_FillIdempotent over *_test.go	HOLDS	
docs/build/REQUIREMENTS_TRACEABILITY.md	265	testname	TestIntegration_Bootstrap_Idempotent	grep for func TestIntegration_Bootstrap_Idempotent over *_test.go	HOLDS	
docs/build/REQUIREMENTS_TRACEABILITY.md	265	testname	TestValidate_Actions	grep for func TestValidate_Actions over *_test.go	HOLDS	
docs/build/REQUIREMENTS_TRACEABILITY.md	266	testname	TestEveryGeneratedOperationHasAnExplicitPolicy	grep for func TestEveryGeneratedOperationHasAnExplicitPolicy over *_test.go	HOLDS	
docs/build/REQUIREMENTS_TRACEABILITY.md	266	testname	TestIntegration_Instruments_SpotPairLifecycle	grep for func TestIntegration_Instruments_SpotPairLifecycle over *_test.go	HOLDS	
docs/build/REQUIREMENTS_TRACEABILITY.md	266	testname	TestIntegration_OrderLifecycle	grep for func TestIntegration_OrderLifecycle over *_test.go	HOLDS	
docs/build/REQUIREMENTS_TRACEABILITY.md	266	testname	TestIntegration_Quote_RecordGetLatestAndImmutability	grep for func TestIntegration_Quote_RecordGetLatestAndImmutability over *_test.go	HOLDS	
docs/build/REQUIREMENTS_TRACEABILITY.md	266	testname	TestIntegration_Submit_IdempotentReplayAndTenancy	grep for func TestIntegration_Submit_IdempotentReplayAndTenancy over *_test.go	HOLDS	
docs/build/REQUIREMENTS_TRACEABILITY.md	266	testname	TestOrderTransitions_Exhaustive	grep for func TestOrderTransitions_Exhaustive over *_test.go	HOLDS	
docs/build/REQUIREMENTS_TRACEABILITY.md	266	testname	TestTransitions_Exhaustive	grep for func TestTransitions_Exhaustive over *_test.go	HOLDS	
docs/build/REQUIREMENTS_TRACEABILITY.md	272	testname	TestGolden_Determinism1000	grep for func TestGolden_Determinism1000 over *_test.go	HOLDS	
docs/build/REQUIREMENTS_TRACEABILITY.md	272	testname	TestGolden_DeterminismAcrossGoroutines	grep for func TestGolden_DeterminismAcrossGoroutines over *_test.go	HOLDS	
docs/build/REQUIREMENTS_TRACEABILITY.md	272	testname	TestGolden_Planner	grep for func TestGolden_Planner over *_test.go	HOLDS	
docs/build/REQUIREMENTS_TRACEABILITY.md	272	testname	TestPlanHash_ExcludesIdentifiersAndRuntimeFields	grep for func TestPlanHash_ExcludesIdentifiersAndRuntimeFields over *_test.go	HOLDS	
docs/build/REQUIREMENTS_TRACEABILITY.md	272	testname	TestPlanner_ValidationFailures	grep for func TestPlanner_ValidationFailures over *_test.go	HOLDS	
docs/build/REQUIREMENTS_TRACEABILITY.md	272	testname	TestProp_SizingFaceValue	grep for func TestProp_SizingFaceValue over *_test.go	HOLDS	
docs/build/REQUIREMENTS_TRACEABILITY.md	273	testname	TestPlanValidate_RejectsBrokenDAGs	grep for func TestPlanValidate_RejectsBrokenDAGs over *_test.go	HOLDS	
docs/build/REQUIREMENTS_TRACEABILITY.md	273	testname	TestPlanner_NeverEmitsReservedSteps	grep for func TestPlanner_NeverEmitsReservedSteps over *_test.go	HOLDS	
docs/build/REQUIREMENTS_TRACEABILITY.md	273	testname	TestV1Steps_CanonicalSequence	grep for func TestV1Steps_CanonicalSequence over *_test.go	HOLDS	
docs/build/REQUIREMENTS_TRACEABILITY.md	274	testname	TestExecutor_DraftPlanRefused	grep for func TestExecutor_DraftPlanRefused over *_test.go	HOLDS	
docs/build/REQUIREMENTS_TRACEABILITY.md	274	testname	TestExecutor_TamperedPlanHashRefused	grep for func TestExecutor_TamperedPlanHashRefused over *_test.go	HOLDS	
docs/build/REQUIREMENTS_TRACEABILITY.md	274	testname	TestIntegration_Migrations	grep for func TestIntegration_Migrations over *_test.go	HOLDS	
docs/build/REQUIREMENTS_TRACEABILITY.md	274	testname	TestIntegration_PlanRepository	grep for func TestIntegration_PlanRepository over *_test.go	HOLDS	
docs/build/REQUIREMENTS_TRACEABILITY.md	274	testname	TestPlanHash_ExcludesIdentifiersAndRuntimeFields	grep for func TestPlanHash_ExcludesIdentifiersAndRuntimeFields over *_test.go	HOLDS	
docs/build/REQUIREMENTS_TRACEABILITY.md	275	testname	TestIntegration_ExecutorOnRepositories	grep for func TestIntegration_ExecutorOnRepositories over *_test.go	HOLDS	
docs/build/REQUIREMENTS_TRACEABILITY.md	275	testname	TestPlanValidate_RejectsBrokenDAGs	grep for func TestPlanValidate_RejectsBrokenDAGs over *_test.go	HOLDS	
docs/build/REQUIREMENTS_TRACEABILITY.md	275	testname	TestStepKillSwitchClasses	grep for func TestStepKillSwitchClasses over *_test.go	HOLDS	
docs/build/REQUIREMENTS_TRACEABILITY.md	275	testname	TestStepRetryClasses	grep for func TestStepRetryClasses over *_test.go	HOLDS	
docs/build/REQUIREMENTS_TRACEABILITY.md	275	testname	TestV1Steps_CanonicalSequence	grep for func TestV1Steps_CanonicalSequence over *_test.go	HOLDS	
docs/build/REQUIREMENTS_TRACEABILITY.md	276	route	POST /quotes/preview	grep the api.gen.go route table	HOLDS	
docs/build/REQUIREMENTS_TRACEABILITY.md	276	testname	TestAllCodes_CoversConventions	grep for func TestAllCodes_CoversConventions over *_test.go	HOLDS	
docs/build/REQUIREMENTS_TRACEABILITY.md	276	testname	TestBusinessRejectionsReachTheWireWithTheirCode	grep for func TestBusinessRejectionsReachTheWireWithTheirCode over *_test.go	HOLDS	
docs/build/REQUIREMENTS_TRACEABILITY.md	276	testname	TestExecutor_QuoteExceedsPriceImpact	grep for func TestExecutor_QuoteExceedsPriceImpact over *_test.go	HOLDS	
docs/build/REQUIREMENTS_TRACEABILITY.md	276	testname	TestExecutor_WalletLacksSettlementAsset	grep for func TestExecutor_WalletLacksSettlementAsset over *_test.go	HOLDS	
docs/build/REQUIREMENTS_TRACEABILITY.md	276	testname	TestGolden_NoValidPlanReasonsAreClosed	grep for func TestGolden_NoValidPlanReasonsAreClosed over *_test.go	HOLDS	
docs/build/REQUIREMENTS_TRACEABILITY.md	276	testname	TestNoValidPlanError	grep for func TestNoValidPlanError over *_test.go	HOLDS	
docs/build/REQUIREMENTS_TRACEABILITY.md	276	testname	TestPlanner_ValidationFailures	grep for func TestPlanner_ValidationFailures over *_test.go	HOLDS	
docs/build/REQUIREMENTS_TRACEABILITY.md	277	testname	TestAttemptTransitions	grep for func TestAttemptTransitions over *_test.go	HOLDS	
docs/build/REQUIREMENTS_TRACEABILITY.md	277	testname	TestExecutor_BuyHappyPath	grep for func TestExecutor_BuyHappyPath over *_test.go	HOLDS	
docs/build/REQUIREMENTS_TRACEABILITY.md	277	testname	TestExecutor_SellHappyPath	grep for func TestExecutor_SellHappyPath over *_test.go	HOLDS	
docs/build/REQUIREMENTS_TRACEABILITY.md	277	testname	TestExternalState	grep for func TestExternalState over *_test.go	HOLDS	
docs/build/REQUIREMENTS_TRACEABILITY.md	277	testname	TestMethodRetryClass	grep for func TestMethodRetryClass over *_test.go	HOLDS	
docs/build/REQUIREMENTS_TRACEABILITY.md	277	testname	TestWire_RefusesWithoutAProviderBinding	grep for func TestWire_RefusesWithoutAProviderBinding over *_test.go	HOLDS	
docs/build/REQUIREMENTS_TRACEABILITY.md	278	testname	TestValidate	grep for func TestValidate over *_test.go	HOLDS	
docs/build/REQUIREMENTS_TRACEABILITY.md	279	testname	FuzzRouteHash	grep for func FuzzRouteHash over *_test.go	HOLDS	
docs/build/REQUIREMENTS_TRACEABILITY.md	279	testname	TestDisclosure_Shape	grep for func TestDisclosure_Shape over *_test.go	HOLDS	
docs/build/REQUIREMENTS_TRACEABILITY.md	279	testname	TestFreshness_Boundaries	grep for func TestFreshness_Boundaries over *_test.go	HOLDS	
docs/build/REQUIREMENTS_TRACEABILITY.md	279	testname	TestIntegration_Quote_RecordGetLatestAndImmutability	grep for func TestIntegration_Quote_RecordGetLatestAndImmutability over *_test.go	HOLDS	
docs/build/REQUIREMENTS_TRACEABILITY.md	279	testname	TestRouteHash_Deterministic	grep for func TestRouteHash_Deterministic over *_test.go	HOLDS	
docs/build/REQUIREMENTS_TRACEABILITY.md	279	testname	TestValidate	grep for func TestValidate over *_test.go	HOLDS	
docs/build/REQUIREMENTS_TRACEABILITY.md	280	route	POST /quotes/preview	grep the api.gen.go route table	HOLDS	
docs/build/REQUIREMENTS_TRACEABILITY.md	280	testname	TestQuotePreviewDisclosesEveryFeeAsAString	grep for func TestQuotePreviewDisclosesEveryFeeAsAString over *_test.go	HOLDS	
docs/build/REQUIREMENTS_TRACEABILITY.md	280	testname	TestQuotePreviewWithoutAnAdapterIsProviderUnavailable	grep for func TestQuotePreviewWithoutAnAdapterIsProviderUnavailable over *_test.go	HOLDS	
docs/build/REQUIREMENTS_TRACEABILITY.md	281	testname	TestFinalityPolicy_DefaultAndRequired	grep for func TestFinalityPolicy_DefaultAndRequired over *_test.go	HOLDS	
docs/build/REQUIREMENTS_TRACEABILITY.md	281	testname	TestFinalityPolicy_Satisfies	grep for func TestFinalityPolicy_Satisfies over *_test.go	HOLDS	
docs/build/REQUIREMENTS_TRACEABILITY.md	281	testname	TestFinalityPolicy_ValidateMonotonic	grep for func TestFinalityPolicy_ValidateMonotonic over *_test.go	HOLDS	
docs/build/REQUIREMENTS_TRACEABILITY.md	281	testname	TestFinality_MappingAndOrdering	grep for func TestFinality_MappingAndOrdering over *_test.go	HOLDS	
docs/build/REQUIREMENTS_TRACEABILITY.md	281	testname	TestMultiObserver_ConfirmedVsFinalized	grep for func TestMultiObserver_ConfirmedVsFinalized over *_test.go	HOLDS	
docs/build/REQUIREMENTS_TRACEABILITY.md	281	testname	TestProp_FinalityNeverExceedsEitherObserver	grep for func TestProp_FinalityNeverExceedsEitherObserver over *_test.go	HOLDS	
docs/build/REQUIREMENTS_TRACEABILITY.md	282	testname	TestChaos_DatabaseDiesMidTransaction	grep for func TestChaos_DatabaseDiesMidTransaction over *_test.go	HOLDS	
docs/build/REQUIREMENTS_TRACEABILITY.md	282	testname	TestChaos_DuplicateDeliveryUnderConcurrencyAndDatabaseFault	grep for func TestChaos_DuplicateDeliveryUnderConcurrencyAndDatabaseFault over *_test.go	HOLDS	
docs/build/REQUIREMENTS_TRACEABILITY.md	282	testname	TestExecutor_ResumeAfterCrash_EveryStepBoundary	grep for func TestExecutor_ResumeAfterCrash_EveryStepBoundary over *_test.go	HOLDS	
docs/build/REQUIREMENTS_TRACEABILITY.md	282	testname	TestExecutor_ResumeAfterCrash_SubmitRunningNeverResubmits	grep for func TestExecutor_ResumeAfterCrash_SubmitRunningNeverResubmits over *_test.go	HOLDS	
docs/build/REQUIREMENTS_TRACEABILITY.md	282	testname	TestExecutor_RunIsIdempotentAfterCompletion	grep for func TestExecutor_RunIsIdempotentAfterCompletion over *_test.go	HOLDS	
docs/build/REQUIREMENTS_TRACEABILITY.md	282	testname	TestIntegration_Worker_CrashResumesWithoutDuplicatingEffects	grep for func TestIntegration_Worker_CrashResumesWithoutDuplicatingEffects over *_test.go	HOLDS	
docs/build/REQUIREMENTS_TRACEABILITY.md	282	testname	TestIntegration_Worker_DuplicateDeliveryHasExactlyOneEffect	grep for func TestIntegration_Worker_DuplicateDeliveryHasExactlyOneEffect over *_test.go	HOLDS	
docs/build/REQUIREMENTS_TRACEABILITY.md	282	testname	TestIntegration_Worker_TwoWorkersNeverDoubleExecute	grep for func TestIntegration_Worker_TwoWorkersNeverDoubleExecute over *_test.go	HOLDS	
docs/build/REQUIREMENTS_TRACEABILITY.md	282	testname	TestProp_ReplayConvergesAndNeverDoublePosts	grep for func TestProp_ReplayConvergesAndNeverDoublePosts over *_test.go	HOLDS	
docs/build/REQUIREMENTS_TRACEABILITY.md	283	testname	TestDryRunExecutor_NeverSignsOrSubmits	grep for func TestDryRunExecutor_NeverSignsOrSubmits over *_test.go	HOLDS	
docs/build/REQUIREMENTS_TRACEABILITY.md	283	testname	TestDryRunExecutor_RefusesLivePlan	grep for func TestDryRunExecutor_RefusesLivePlan over *_test.go	HOLDS	
docs/build/REQUIREMENTS_TRACEABILITY.md	283	testname	TestIntegration_Queue_SkipsDryRunAndTerminalPlans	grep for func TestIntegration_Queue_SkipsDryRunAndTerminalPlans over *_test.go	HOLDS	
docs/build/REQUIREMENTS_TRACEABILITY.md	283	testname	TestLiveExecutor_HonoursDryRunFlag	grep for func TestLiveExecutor_HonoursDryRunFlag over *_test.go	HOLDS	
docs/build/REQUIREMENTS_TRACEABILITY.md	283	testname	TestNewExecutor_RequiresSigner	grep for func TestNewExecutor_RequiresSigner over *_test.go	HOLDS	
docs/build/REQUIREMENTS_TRACEABILITY.md	284	testname	TestExecutor_BuyHappyPath	grep for func TestExecutor_BuyHappyPath over *_test.go	HOLDS	
docs/build/REQUIREMENTS_TRACEABILITY.md	285	testname	TestCapabilities_And_HighRisk	grep for func TestCapabilities_And_HighRisk over *_test.go	HOLDS	
docs/build/REQUIREMENTS_TRACEABILITY.md	285	testname	TestEvaluate_Restrictions	grep for func TestEvaluate_Restrictions over *_test.go	HOLDS	
docs/build/REQUIREMENTS_TRACEABILITY.md	285	testname	TestIntegration_Bootstrap_Idempotent	grep for func TestIntegration_Bootstrap_Idempotent over *_test.go	HOLDS	
docs/build/REQUIREMENTS_TRACEABILITY.md	285	testname	TestPlanner_NeverEmitsReservedSteps	grep for func TestPlanner_NeverEmitsReservedSteps over *_test.go	HOLDS	
docs/build/REQUIREMENTS_TRACEABILITY.md	285	testname	TestV1Steps_CanonicalSequence	grep for func TestV1Steps_CanonicalSequence over *_test.go	HOLDS	
docs/build/REQUIREMENTS_TRACEABILITY.md	286	testname	TestExecutor_ResumeAfterCrash_EveryStepBoundary	grep for func TestExecutor_ResumeAfterCrash_EveryStepBoundary over *_test.go	HOLDS	
docs/build/REQUIREMENTS_TRACEABILITY.md	286	testname	TestGolden_Determinism1000	grep for func TestGolden_Determinism1000 over *_test.go	HOLDS	
docs/build/REQUIREMENTS_TRACEABILITY.md	286	testname	TestGolden_NoValidPlanReasonsAreClosed	grep for func TestGolden_NoValidPlanReasonsAreClosed over *_test.go	HOLDS	
docs/build/REQUIREMENTS_TRACEABILITY.md	286	testname	TestGolden_Planner	grep for func TestGolden_Planner over *_test.go	HOLDS	
docs/build/REQUIREMENTS_TRACEABILITY.md	286	testname	TestPlanValidate_RejectsBrokenDAGs	grep for func TestPlanValidate_RejectsBrokenDAGs over *_test.go	HOLDS	
docs/build/REQUIREMENTS_TRACEABILITY.md	286	testname	TestProp_ConstraintsNeverLooser	grep for func TestProp_ConstraintsNeverLooser over *_test.go	HOLDS	
docs/build/REQUIREMENTS_TRACEABILITY.md	292	testname	TestCheckNames_MatchExecutionSpec	grep for func TestCheckNames_MatchExecutionSpec over *_test.go	HOLDS	
docs/build/REQUIREMENTS_TRACEABILITY.md	292	testname	TestGolden_Approved	grep for func TestGolden_Approved over *_test.go	HOLDS	
docs/build/REQUIREMENTS_TRACEABILITY.md	292	testname	TestLayout_ATAMatchesSolanaGo	grep for func TestLayout_ATAMatchesSolanaGo over *_test.go	HOLDS	
docs/build/REQUIREMENTS_TRACEABILITY.md	292	testname	TestLayout_ComputeBudgetMatchesSolanaGo	grep for func TestLayout_ComputeBudgetMatchesSolanaGo over *_test.go	HOLDS	
docs/build/REQUIREMENTS_TRACEABILITY.md	292	testname	TestLayout_JupiterDiscriminators	grep for func TestLayout_JupiterDiscriminators over *_test.go	HOLDS	
docs/build/REQUIREMENTS_TRACEABILITY.md	292	testname	TestLayout_SystemMatchesSolanaGo	grep for func TestLayout_SystemMatchesSolanaGo over *_test.go	HOLDS	
docs/build/REQUIREMENTS_TRACEABILITY.md	292	testname	TestLayout_TokenSPLVectors	grep for func TestLayout_TokenSPLVectors over *_test.go	HOLDS	
docs/build/REQUIREMENTS_TRACEABILITY.md	292	testname	TestProp_BoundsAreMonotonic	grep for func TestProp_BoundsAreMonotonic over *_test.go	HOLDS	
docs/build/REQUIREMENTS_TRACEABILITY.md	292	testname	TestProp_ByteFlipsNeverApprove	grep for func TestProp_ByteFlipsNeverApprove over *_test.go	HOLDS	
docs/build/REQUIREMENTS_TRACEABILITY.md	292	testname	TestRejections	grep for func TestRejections over *_test.go	HOLDS	
docs/build/REQUIREMENTS_TRACEABILITY.md	293	testname	FuzzInspect	grep for func FuzzInspect over *_test.go	HOLDS	
docs/build/REQUIREMENTS_TRACEABILITY.md	293	testname	TestExpectations_Validate	grep for func TestExpectations_Validate over *_test.go	HOLDS	
docs/build/REQUIREMENTS_TRACEABILITY.md	293	testname	TestProp_ByteFlipsNeverApprove	grep for func TestProp_ByteFlipsNeverApprove over *_test.go	HOLDS	
docs/build/REQUIREMENTS_TRACEABILITY.md	293	testname	TestRejections	grep for func TestRejections over *_test.go	HOLDS	
docs/build/REQUIREMENTS_TRACEABILITY.md	294	testname	TestIntegration_SignRejectsMutatedTransaction	grep for func TestIntegration_SignRejectsMutatedTransaction over *_test.go	HOLDS	
docs/build/REQUIREMENTS_TRACEABILITY.md	294	testname	TestProp_ByteFlipsNeverApprove	grep for func TestProp_ByteFlipsNeverApprove over *_test.go	HOLDS	
docs/build/REQUIREMENTS_TRACEABILITY.md	294	testname	TestRejections	grep for func TestRejections over *_test.go	HOLDS	
docs/build/REQUIREMENTS_TRACEABILITY.md	295	testname	TestFeePolicyFromRef_RoundTrip	grep for func TestFeePolicyFromRef_RoundTrip over *_test.go	HOLDS	
docs/build/REQUIREMENTS_TRACEABILITY.md	295	testname	TestValidate	grep for func TestValidate over *_test.go	HOLDS	
docs/build/REQUIREMENTS_TRACEABILITY.md	296	testname	TestExecutor_BuyHappyPath	grep for func TestExecutor_BuyHappyPath over *_test.go	HOLDS	
docs/build/REQUIREMENTS_TRACEABILITY.md	296	testname	TestExecutor_FinalRiskRejected	grep for func TestExecutor_FinalRiskRejected over *_test.go	HOLDS	
docs/build/REQUIREMENTS_TRACEABILITY.md	296	testname	TestExecutor_InspectionRejected	grep for func TestExecutor_InspectionRejected over *_test.go	HOLDS	
docs/build/REQUIREMENTS_TRACEABILITY.md	296	testname	TestExecutor_SigningRejected	grep for func TestExecutor_SigningRejected over *_test.go	HOLDS	
docs/build/REQUIREMENTS_TRACEABILITY.md	296	testname	TestIntegration_SignApprovesGoldenAndNeverSignsTwice	grep for func TestIntegration_SignApprovesGoldenAndNeverSignsTwice over *_test.go	HOLDS	
docs/build/REQUIREMENTS_TRACEABILITY.md	297	testname	TestExecutor_SubmitTimeoutLanded_AdoptedNoDuplicate	grep for func TestExecutor_SubmitTimeoutLanded_AdoptedNoDuplicate over *_test.go	HOLDS	
docs/build/REQUIREMENTS_TRACEABILITY.md	297	testname	TestExecutor_SubmitTimeoutLost_BudgetExhausted_OrderExpiresReservationReleased	grep for func TestExecutor_SubmitTimeoutLost_BudgetExhausted_OrderExpiresReservationReleased over *_test.go	HOLDS	
docs/build/REQUIREMENTS_TRACEABILITY.md	297	testname	TestExecutor_SubmitTimeoutLost_ProvenAbsent_NewAttemptOnce	grep for func TestExecutor_SubmitTimeoutLost_ProvenAbsent_NewAttemptOnce over *_test.go	HOLDS	
docs/build/REQUIREMENTS_TRACEABILITY.md	297	testname	TestExecutor_SubmitTimeout_Unresolved_ReconciliationRequired	grep for func TestExecutor_SubmitTimeout_Unresolved_ReconciliationRequired over *_test.go	HOLDS	
docs/build/REQUIREMENTS_TRACEABILITY.md	297	testname	TestIntegration_Part49_CrashRecovery	grep for func TestIntegration_Part49_CrashRecovery over *_test.go	HOLDS	
docs/build/REQUIREMENTS_TRACEABILITY.md	297	testname	TestIntegration_ProvenAbsentReleasesUncertainty	grep for func TestIntegration_ProvenAbsentReleasesUncertainty over *_test.go	HOLDS	
docs/build/REQUIREMENTS_TRACEABILITY.md	297	testname	TestIntegration_Worker_SubmitTimeoutIsNotFailure	grep for func TestIntegration_Worker_SubmitTimeoutIsNotFailure over *_test.go	HOLDS	
docs/build/REQUIREMENTS_TRACEABILITY.md	297	testname	TestIntegration_Worker_UnresolvedSubmissionIsPausedNotFailed	grep for func TestIntegration_Worker_UnresolvedSubmissionIsPausedNotFailed over *_test.go	HOLDS	
docs/build/REQUIREMENTS_TRACEABILITY.md	297	testname	TestMultiObserver_BlockHeightAndProvenAbsent	grep for func TestMultiObserver_BlockHeightAndProvenAbsent over *_test.go	HOLDS	
docs/build/REQUIREMENTS_TRACEABILITY.md	298	testname	FuzzParseTransactionResponse	grep for func FuzzParseTransactionResponse over *_test.go	HOLDS	
docs/build/REQUIREMENTS_TRACEABILITY.md	298	testname	TestMultiObserver_BothHealthyAgree	grep for func TestMultiObserver_BothHealthyAgree over *_test.go	HOLDS	
docs/build/REQUIREMENTS_TRACEABILITY.md	298	testname	TestMultiObserver_LaggingSecondaryIsDisagreement	grep for func TestMultiObserver_LaggingSecondaryIsDisagreement over *_test.go	HOLDS	
docs/build/REQUIREMENTS_TRACEABILITY.md	298	testname	TestMultiObserver_SecondaryTimeout_PrimaryOnlyCapped	grep for func TestMultiObserver_SecondaryTimeout_PrimaryOnlyCapped over *_test.go	HOLDS	
docs/build/REQUIREMENTS_TRACEABILITY.md	298	testname	TestMultiObserver_UnhealthyObserverStillObservedButCannotRaise	grep for func TestMultiObserver_UnhealthyObserverStillObservedButCannotRaise over *_test.go	HOLDS	
docs/build/REQUIREMENTS_TRACEABILITY.md	298	testname	TestProp_FinalityNeverExceedsEitherObserver	grep for func TestProp_FinalityNeverExceedsEitherObserver over *_test.go	HOLDS	
docs/build/REQUIREMENTS_TRACEABILITY.md	298	testname	TestProp_NeverAgreedWhenAnyFieldDiffers	grep for func TestProp_NeverAgreedWhenAnyFieldDiffers over *_test.go	HOLDS	
docs/build/REQUIREMENTS_TRACEABILITY.md	299	testname	TestAgentBoundaryNeverImportsSigning	grep for func TestAgentBoundaryNeverImportsSigning over *_test.go	HOLDS	
docs/build/REQUIREMENTS_TRACEABILITY.md	299	testname	TestGRPC_ErrorMapping	grep for func TestGRPC_ErrorMapping over *_test.go	HOLDS	
docs/build/REQUIREMENTS_TRACEABILITY.md	299	testname	TestGRPC_InProcessClientRoundTrip	grep for func TestGRPC_InProcessClientRoundTrip over *_test.go	HOLDS	
docs/build/REQUIREMENTS_TRACEABILITY.md	299	testname	TestIntegration_LinkageFailuresReject	grep for func TestIntegration_LinkageFailuresReject over *_test.go	HOLDS	
docs/build/REQUIREMENTS_TRACEABILITY.md	299	testname	TestIntegration_NativeInputAndGRPCAdapter	grep for func TestIntegration_NativeInputAndGRPCAdapter over *_test.go	HOLDS	
docs/build/REQUIREMENTS_TRACEABILITY.md	299	testname	TestIntegration_SignApprovesGoldenAndNeverSignsTwice	grep for func TestIntegration_SignApprovesGoldenAndNeverSignsTwice over *_test.go	HOLDS	
docs/build/REQUIREMENTS_TRACEABILITY.md	299	testname	TestIntegration_SignRejectsMutatedTransaction	grep for func TestIntegration_SignRejectsMutatedTransaction over *_test.go	HOLDS	
docs/build/REQUIREMENTS_TRACEABILITY.md	299	testname	TestRequest_Validate	grep for func TestRequest_Validate over *_test.go	HOLDS	
docs/build/REQUIREMENTS_TRACEABILITY.md	299	testname	TestSigningImportedOnlyByExecutionBoundary	grep for func TestSigningImportedOnlyByExecutionBoundary over *_test.go	HOLDS	
docs/build/REQUIREMENTS_TRACEABILITY.md	300	testname	TestCapabilityAndDelegation	grep for func TestCapabilityAndDelegation over *_test.go	HOLDS	
docs/build/REQUIREMENTS_TRACEABILITY.md	300	testname	TestFake_RefusesProductionLikeEnvironments	grep for func TestFake_RefusesProductionLikeEnvironments over *_test.go	HOLDS	
docs/build/REQUIREMENTS_TRACEABILITY.md	300	testname	TestIntegration_ProviderFailureThenRecovery	grep for func TestIntegration_ProviderFailureThenRecovery over *_test.go	HOLDS	
docs/build/REQUIREMENTS_TRACEABILITY.md	300	testname	TestIntegration_WalletRepositoryAndTransitionBinding	grep for func TestIntegration_WalletRepositoryAndTransitionBinding over *_test.go	HOLDS	
docs/build/REQUIREMENTS_TRACEABILITY.md	300	testname	TestNew_FailsClosedWithoutVerifiedDelegation	grep for func TestNew_FailsClosedWithoutVerifiedDelegation over *_test.go	HOLDS	
docs/build/REQUIREMENTS_TRACEABILITY.md	300	testname	TestStatus_Transitions	grep for func TestStatus_Transitions over *_test.go	HOLDS	
docs/build/REQUIREMENTS_TRACEABILITY.md	300	testname	TestValidate_NoFakeProvidersCoversEverySlot	grep for func TestValidate_NoFakeProvidersCoversEverySlot over *_test.go	HOLDS	
docs/build/REQUIREMENTS_TRACEABILITY.md	301	testname	TestExecutor_SubmitTimeoutLost_ProvenAbsent_NewAttemptOnce	grep for func TestExecutor_SubmitTimeoutLost_ProvenAbsent_NewAttemptOnce over *_test.go	HOLDS	
docs/build/REQUIREMENTS_TRACEABILITY.md	301	testname	TestHealth_Semantics	grep for func TestHealth_Semantics over *_test.go	HOLDS	
docs/build/REQUIREMENTS_TRACEABILITY.md	301	testname	TestMethodRetryClass	grep for func TestMethodRetryClass over *_test.go	HOLDS	
docs/build/REQUIREMENTS_TRACEABILITY.md	301	testname	TestStepRetryClasses	grep for func TestStepRetryClasses over *_test.go	HOLDS	
docs/build/REQUIREMENTS_TRACEABILITY.md	302	testname	TestIntegration_KillSwitchNeverStopsReconciliation	grep for func TestIntegration_KillSwitchNeverStopsReconciliation over *_test.go	HOLDS	
docs/build/REQUIREMENTS_TRACEABILITY.md	302	testname	TestMultiObserver_DisabledObserverIsNotQueried	grep for func TestMultiObserver_DisabledObserverIsNotQueried over *_test.go	HOLDS	
docs/build/REQUIREMENTS_TRACEABILITY.md	302	testname	TestMultiObserver_UnhealthyObserverStillObservedButCannotRaise	grep for func TestMultiObserver_UnhealthyObserverStillObservedButCannotRaise over *_test.go	HOLDS	
docs/build/REQUIREMENTS_TRACEABILITY.md	302	testname	TestProp_NeverBlockedClasses	grep for func TestProp_NeverBlockedClasses over *_test.go	HOLDS	
docs/build/REQUIREMENTS_TRACEABILITY.md	302	testname	TestTracker_Concurrent	grep for func TestTracker_Concurrent over *_test.go	HOLDS	
docs/build/REQUIREMENTS_TRACEABILITY.md	302	testname	TestTracker_DegradesImmediatelyRecoversWithHysteresis	grep for func TestTracker_DegradesImmediatelyRecoversWithHysteresis over *_test.go	HOLDS	
docs/build/REQUIREMENTS_TRACEABILITY.md	302	testname	TestTracker_DisableOverridesObservation	grep for func TestTracker_DisableOverridesObservation over *_test.go	HOLDS	
docs/build/REQUIREMENTS_TRACEABILITY.md	303	testname	FuzzDecode	grep for func FuzzDecode over *_test.go	HOLDS	
docs/build/REQUIREMENTS_TRACEABILITY.md	303	testname	FuzzInspect	grep for func FuzzInspect over *_test.go	HOLDS	
docs/build/REQUIREMENTS_TRACEABILITY.md	303	testname	TestDecode_Rejects	grep for func TestDecode_Rejects over *_test.go	HOLDS	
docs/build/REQUIREMENTS_TRACEABILITY.md	303	testname	TestInspect_Deterministic	grep for func TestInspect_Deterministic over *_test.go	HOLDS	
docs/build/REQUIREMENTS_TRACEABILITY.md	303	testname	TestProp_ByteFlipsNeverApprove	grep for func TestProp_ByteFlipsNeverApprove over *_test.go	HOLDS	
docs/build/REQUIREMENTS_TRACEABILITY.md	303	testname	TestRejections	grep for func TestRejections over *_test.go	HOLDS	
docs/build/REQUIREMENTS_TRACEABILITY.md	304	testname	TestChaos_ArchiveWriteRefusedIsNeverRecordedAsStored	grep for func TestChaos_ArchiveWriteRefusedIsNeverRecordedAsStored over *_test.go	HOLDS	
docs/build/REQUIREMENTS_TRACEABILITY.md	304	testname	TestIntegration_PayloadMismatchAndArchiveDown	grep for func TestIntegration_PayloadMismatchAndArchiveDown over *_test.go	HOLDS	
docs/build/REQUIREMENTS_TRACEABILITY.md	304	testname	TestIntegration_RawArchive_IndexesDedupsAndVerifies	grep for func TestIntegration_RawArchive_IndexesDedupsAndVerifies over *_test.go	HOLDS	
docs/build/REQUIREMENTS_TRACEABILITY.md	304	testname	TestIntegration_S3_PutGetHeadListRoundTrip	grep for func TestIntegration_S3_PutGetHeadListRoundTrip over *_test.go	HOLDS	
docs/build/REQUIREMENTS_TRACEABILITY.md	304	testname	TestLayout_MetadataAllowsProvenanceReconstruction	grep for func TestLayout_MetadataAllowsProvenanceReconstruction over *_test.go	HOLDS	
docs/build/REQUIREMENTS_TRACEABILITY.md	304	testname	TestMemory_CorruptionIsDetectedOnGet	grep for func TestMemory_CorruptionIsDetectedOnGet over *_test.go	HOLDS	
docs/build/REQUIREMENTS_TRACEABILITY.md	304	testname	TestStoreEvidence	grep for func TestStoreEvidence over *_test.go	HOLDS	
docs/build/REQUIREMENTS_TRACEABILITY.md	305	testname	TestAgreementPolicy_Matrix	grep for func TestAgreementPolicy_Matrix over *_test.go	HOLDS	
docs/build/REQUIREMENTS_TRACEABILITY.md	305	testname	TestAgreementPolicy_PreferPrimaryOnConflict	grep for func TestAgreementPolicy_PreferPrimaryOnConflict over *_test.go	HOLDS	
docs/build/REQUIREMENTS_TRACEABILITY.md	305	testname	TestEconomicDifferences	grep for func TestEconomicDifferences over *_test.go	HOLDS	
docs/build/REQUIREMENTS_TRACEABILITY.md	305	testname	TestExecutor_ObserverDisagreesOnFailure_Paused	grep for func TestExecutor_ObserverDisagreesOnFailure_Paused over *_test.go	HOLDS	
docs/build/REQUIREMENTS_TRACEABILITY.md	305	testname	TestIntegration_ObserverDisagreementBlocks	grep for func TestIntegration_ObserverDisagreementBlocks over *_test.go	HOLDS	
docs/build/REQUIREMENTS_TRACEABILITY.md	305	testname	TestMultiObserver_LaggingSecondaryIsDisagreement	grep for func TestMultiObserver_LaggingSecondaryIsDisagreement over *_test.go	HOLDS	
docs/build/REQUIREMENTS_TRACEABILITY.md	305	testname	TestProp_NeverAgreedWhenAnyFieldDiffers	grep for func TestProp_NeverAgreedWhenAnyFieldDiffers over *_test.go	HOLDS	
docs/build/REQUIREMENTS_TRACEABILITY.md	307	testname	FuzzInspect	grep for func FuzzInspect over *_test.go	HOLDS	
docs/build/REQUIREMENTS_TRACEABILITY.md	307	testname	TestExecutor_InspectionRejected	grep for func TestExecutor_InspectionRejected over *_test.go	HOLDS	
docs/build/REQUIREMENTS_TRACEABILITY.md	307	testname	TestProp_ByteFlipsNeverApprove	grep for func TestProp_ByteFlipsNeverApprove over *_test.go	HOLDS	
docs/build/REQUIREMENTS_TRACEABILITY.md	307	testname	TestProp_NeverAgreedWhenAnyFieldDiffers	grep for func TestProp_NeverAgreedWhenAnyFieldDiffers over *_test.go	HOLDS	
docs/build/REQUIREMENTS_TRACEABILITY.md	307	testname	TestRejections	grep for func TestRejections over *_test.go	HOLDS	
docs/build/REQUIREMENTS_TRACEABILITY.md	313	testname	TestExecutor_ResumeAfterCrash_SubmitRunningNeverResubmits	grep for func TestExecutor_ResumeAfterCrash_SubmitRunningNeverResubmits over *_test.go	HOLDS	
docs/build/REQUIREMENTS_TRACEABILITY.md	313	testname	TestExecutor_ResumeAfterCrash_SubmitRunningTxLost	grep for func TestExecutor_ResumeAfterCrash_SubmitRunningTxLost over *_test.go	HOLDS	
docs/build/REQUIREMENTS_TRACEABILITY.md	313	testname	TestIntegration_Part49_CrashRecovery	grep for func TestIntegration_Part49_CrashRecovery over *_test.go	HOLDS	
docs/build/REQUIREMENTS_TRACEABILITY.md	313	testname	TestIntegration_ProvenAbsentReleasesUncertainty	grep for func TestIntegration_ProvenAbsentReleasesUncertainty over *_test.go	HOLDS	
docs/build/REQUIREMENTS_TRACEABILITY.md	313	testname	TestIntegration_Worker_CrashResumesWithoutDuplicatingEffects	grep for func TestIntegration_Worker_CrashResumesWithoutDuplicatingEffects over *_test.go	HOLDS	
docs/build/REQUIREMENTS_TRACEABILITY.md	313	testname	TestProp_ReplayConvergesAndNeverDoublePosts	grep for func TestProp_ReplayConvergesAndNeverDoublePosts over *_test.go	HOLDS	
docs/build/REQUIREMENTS_TRACEABILITY.md	314	testname	TestIntegration_FundingReconciliation	grep for func TestIntegration_FundingReconciliation over *_test.go	HOLDS	
docs/build/REQUIREMENTS_TRACEABILITY.md	314	testname	TestIntegration_KillSwitchNeverStopsReconciliation	grep for func TestIntegration_KillSwitchNeverStopsReconciliation over *_test.go	HOLDS	
docs/build/REQUIREMENTS_TRACEABILITY.md	314	testname	TestIntegration_Part163_ReconciliationE2E	grep for func TestIntegration_Part163_ReconciliationE2E over *_test.go	HOLDS	
docs/build/REQUIREMENTS_TRACEABILITY.md	314	testname	TestIntegration_UnknownWalletActivityOpensARecord	grep for func TestIntegration_UnknownWalletActivityOpensARecord over *_test.go	HOLDS	
docs/build/REQUIREMENTS_TRACEABILITY.md	314	testname	TestPolicy_DefaultIsValid	grep for func TestPolicy_DefaultIsValid over *_test.go	HOLDS	
docs/build/REQUIREMENTS_TRACEABILITY.md	314	testname	TestRun_HelpIsSuccessAndDocumentsEveryCommand	grep for func TestRun_HelpIsSuccessAndDocumentsEveryCommand over *_test.go	HOLDS	
docs/build/REQUIREMENTS_TRACEABILITY.md	314	testname	TestUsage_MentionsThatKillSwitchesDoNotStopReconciliation	grep for func TestUsage_MentionsThatKillSwitchesDoNotStopReconciliation over *_test.go	HOLDS	
docs/build/REQUIREMENTS_TRACEABILITY.md	315	testname	TestBalanceRepair_BalancesPerAsset	grep for func TestBalanceRepair_BalancesPerAsset over *_test.go	HOLDS	
docs/build/REQUIREMENTS_TRACEABILITY.md	315	testname	TestBalanceRepair_ChainHoldsLess	grep for func TestBalanceRepair_ChainHoldsLess over *_test.go	HOLDS	
docs/build/REQUIREMENTS_TRACEABILITY.md	315	testname	TestBalanceRepair_ChainHoldsMore	grep for func TestBalanceRepair_ChainHoldsMore over *_test.go	HOLDS	
docs/build/REQUIREMENTS_TRACEABILITY.md	315	testname	TestIntegration_InternalDriftIsASEV1LedgerIntegrityViolation	grep for func TestIntegration_InternalDriftIsASEV1LedgerIntegrityViolation over *_test.go	HOLDS	
docs/build/REQUIREMENTS_TRACEABILITY.md	315	testname	TestIntegration_PositionLedgerDriftIsDetected	grep for func TestIntegration_PositionLedgerDriftIsDetected over *_test.go	HOLDS	
docs/build/REQUIREMENTS_TRACEABILITY.md	315	testname	TestPolicy_DustThresholds	grep for func TestPolicy_DustThresholds over *_test.go	HOLDS	
docs/build/REQUIREMENTS_TRACEABILITY.md	315	testname	TestProp_BalanceComparisonConverges	grep for func TestProp_BalanceComparisonConverges over *_test.go	HOLDS	
docs/build/REQUIREMENTS_TRACEABILITY.md	316	testname	TestCanTransition_RejectsEveryUndeclaredEdge	grep for func TestCanTransition_RejectsEveryUndeclaredEdge over *_test.go	HOLDS	
docs/build/REQUIREMENTS_TRACEABILITY.md	316	testname	TestIntegration_OneStatusChangePerTransaction	grep for func TestIntegration_OneStatusChangePerTransaction over *_test.go	HOLDS	
docs/build/REQUIREMENTS_TRACEABILITY.md	316	testname	TestIntegration_StateChangeRequiresTransitionRow	grep for func TestIntegration_StateChangeRequiresTransitionRow over *_test.go	HOLDS	
docs/build/REQUIREMENTS_TRACEABILITY.md	316	testname	TestIntegration_TransitionsAreImmutable	grep for func TestIntegration_TransitionsAreImmutable over *_test.go	HOLDS	
docs/build/REQUIREMENTS_TRACEABILITY.md	316	testname	TestStatus_TerminalAndUnresolved	grep for func TestStatus_TerminalAndUnresolved over *_test.go	HOLDS	
docs/build/REQUIREMENTS_TRACEABILITY.md	316	testname	TestStatus_TransitionTableMatchesPart51	grep for func TestStatus_TransitionTableMatchesPart51 over *_test.go	HOLDS	
docs/build/REQUIREMENTS_TRACEABILITY.md	317	testname	TestActor_AgentIsRefusedEverywhere	grep for func TestActor_AgentIsRefusedEverywhere over *_test.go	HOLDS	
docs/build/REQUIREMENTS_TRACEABILITY.md	317	testname	TestAutoCause_ClosedSet	grep for func TestAutoCause_ClosedSet over *_test.go	HOLDS	
docs/build/REQUIREMENTS_TRACEABILITY.md	317	testname	TestDualControlKindsNeedTwoPeople	grep for func TestDualControlKindsNeedTwoPeople over *_test.go	HOLDS	
docs/build/REQUIREMENTS_TRACEABILITY.md	317	testname	TestIntegration_AgentCanNeverResolve	grep for func TestIntegration_AgentCanNeverResolve over *_test.go	HOLDS	
docs/build/REQUIREMENTS_TRACEABILITY.md	317	testname	TestIntegration_AutomaticResolutionIsNarrow	grep for func TestIntegration_AutomaticResolutionIsNarrow over *_test.go	HOLDS	
docs/build/REQUIREMENTS_TRACEABILITY.md	317	testname	TestIntegration_MaterialResolutionNeedsARealApproval	grep for func TestIntegration_MaterialResolutionNeedsARealApproval over *_test.go	HOLDS	
docs/build/REQUIREMENTS_TRACEABILITY.md	317	testname	TestKindTable_Golden	grep for func TestKindTable_Golden over *_test.go	HOLDS	
docs/build/REQUIREMENTS_TRACEABILITY.md	317	testname	TestManualResolution_Validate	grep for func TestManualResolution_Validate over *_test.go	HOLDS	
docs/build/REQUIREMENTS_TRACEABILITY.md	318	testname	TestGolden_Risk	grep for func TestGolden_Risk over *_test.go	HOLDS	
docs/build/REQUIREMENTS_TRACEABILITY.md	318	testname	TestIntegration_MaterialResolutionNeedsARealApproval	grep for func TestIntegration_MaterialResolutionNeedsARealApproval over *_test.go	HOLDS	
docs/build/REQUIREMENTS_TRACEABILITY.md	318	testname	TestIntegration_Part163_ReconciliationE2E	grep for func TestIntegration_Part163_ReconciliationE2E over *_test.go	HOLDS	
docs/build/REQUIREMENTS_TRACEABILITY.md	318	testname	TestIntegration_ReadModelQueries	grep for func TestIntegration_ReadModelQueries over *_test.go	HOLDS	
docs/build/REQUIREMENTS_TRACEABILITY.md	318	testname	TestRepair_PositionHalfFollowsTheSign	grep for func TestRepair_PositionHalfFollowsTheSign over *_test.go	HOLDS	
docs/build/REQUIREMENTS_TRACEABILITY.md	319	testname	TestChaos_DatabaseDiesMidTransaction	grep for func TestChaos_DatabaseDiesMidTransaction over *_test.go	HOLDS	
docs/build/REQUIREMENTS_TRACEABILITY.md	319	testname	TestChaos_RelayInstanceDiesMidPassNeverLosesOrDuplicates	grep for func TestChaos_RelayInstanceDiesMidPassNeverLosesOrDuplicates over *_test.go	HOLDS	
docs/build/REQUIREMENTS_TRACEABILITY.md	319	testname	TestExecutor_ResumeAfterCrash_EveryStepBoundary	grep for func TestExecutor_ResumeAfterCrash_EveryStepBoundary over *_test.go	HOLDS	
docs/build/REQUIREMENTS_TRACEABILITY.md	319	testname	TestIntegration_Worker_CrashResumesWithoutDuplicatingEffects	grep for func TestIntegration_Worker_CrashResumesWithoutDuplicatingEffects over *_test.go	HOLDS	
docs/build/REQUIREMENTS_TRACEABILITY.md	320	testname	TestBalanceRepair_ChainHoldsLess	grep for func TestBalanceRepair_ChainHoldsLess over *_test.go	HOLDS	
docs/build/REQUIREMENTS_TRACEABILITY.md	320	testname	TestBalanceRepair_ChainHoldsMore	grep for func TestBalanceRepair_ChainHoldsMore over *_test.go	HOLDS	
docs/build/REQUIREMENTS_TRACEABILITY.md	320	testname	TestBalanceRepair_RefusesNothingToRepair	grep for func TestBalanceRepair_RefusesNothingToRepair over *_test.go	HOLDS	
docs/build/REQUIREMENTS_TRACEABILITY.md	320	testname	TestEscalationWorkflow_ContainmentDoesNotStopReconciliation	grep for func TestEscalationWorkflow_ContainmentDoesNotStopReconciliation over *_test.go	HOLDS	
docs/build/REQUIREMENTS_TRACEABILITY.md	320	testname	TestEscalationWorkflow_WalksTheLadderThenMarksEscalated	grep for func TestEscalationWorkflow_WalksTheLadderThenMarksEscalated over *_test.go	HOLDS	
docs/build/REQUIREMENTS_TRACEABILITY.md	320	testname	TestRepairIdempotencyKey_IsOnePerRecord	grep for func TestRepairIdempotencyKey_IsOnePerRecord over *_test.go	HOLDS	
docs/build/REQUIREMENTS_TRACEABILITY.md	320	testname	TestRepair_PositionHalfFollowsTheSign	grep for func TestRepair_PositionHalfFollowsTheSign over *_test.go	HOLDS	
docs/build/REQUIREMENTS_TRACEABILITY.md	320	testname	TestRepair_ValidateRejectsWrongShape	grep for func TestRepair_ValidateRejectsWrongShape over *_test.go	HOLDS	
docs/build/REQUIREMENTS_TRACEABILITY.md	321	testname	TestChaos_DatabaseDiesMidTransaction	grep for func TestChaos_DatabaseDiesMidTransaction over *_test.go	HOLDS	
docs/build/REQUIREMENTS_TRACEABILITY.md	321	testname	TestIntegration_KillSwitchNeverStopsReconciliation	grep for func TestIntegration_KillSwitchNeverStopsReconciliation over *_test.go	HOLDS	
docs/build/REQUIREMENTS_TRACEABILITY.md	321	testname	TestIntegration_Part163_ReconciliationE2E	grep for func TestIntegration_Part163_ReconciliationE2E over *_test.go	HOLDS	
docs/build/REQUIREMENTS_TRACEABILITY.md	321	testname	TestIntegration_Part49_CrashRecovery	grep for func TestIntegration_Part49_CrashRecovery over *_test.go	HOLDS	
docs/build/REQUIREMENTS_TRACEABILITY.md	321	testname	TestProp_ReplayConvergesAndNeverDoublePosts	grep for func TestProp_ReplayConvergesAndNeverDoublePosts over *_test.go	HOLDS	
docs/build/REQUIREMENTS_TRACEABILITY.md	327	testname	FuzzParseDecimalAmount	grep for func FuzzParseDecimalAmount over *_test.go	HOLDS	
docs/build/REQUIREMENTS_TRACEABILITY.md	327	testname	TestIntegration_ProviderEvents	grep for func TestIntegration_ProviderEvents over *_test.go	HOLDS	
docs/build/REQUIREMENTS_TRACEABILITY.md	327	testname	TestIntegration_Start_CreatesSessionAndIsIdempotent	grep for func TestIntegration_Start_CreatesSessionAndIsIdempotent over *_test.go	HOLDS	
docs/build/REQUIREMENTS_TRACEABILITY.md	327	testname	TestMapProviderStatus	grep for func TestMapProviderStatus over *_test.go	HOLDS	
docs/build/REQUIREMENTS_TRACEABILITY.md	327	testname	TestParseDecimalAmount	grep for func TestParseDecimalAmount over *_test.go	HOLDS	
docs/build/REQUIREMENTS_TRACEABILITY.md	328	testname	TestHealth_Semantics	grep for func TestHealth_Semantics over *_test.go	HOLDS	
docs/build/REQUIREMENTS_TRACEABILITY.md	329	testname	TestIntegration_ConcurrentDuplicatesOneEffect	grep for func TestIntegration_ConcurrentDuplicatesOneEffect over *_test.go	HOLDS	
docs/build/REQUIREMENTS_TRACEABILITY.md	329	testname	TestIntegration_ForgedSignature	grep for func TestIntegration_ForgedSignature over *_test.go	HOLDS	
docs/build/REQUIREMENTS_TRACEABILITY.md	329	testname	TestIntegration_HandlerErrorIsFailedAndReprocessable	grep for func TestIntegration_HandlerErrorIsFailedAndReprocessable over *_test.go	HOLDS	
docs/build/REQUIREMENTS_TRACEABILITY.md	329	testname	TestIntegration_OversizedBody	grep for func TestIntegration_OversizedBody over *_test.go	HOLDS	
docs/build/REQUIREMENTS_TRACEABILITY.md	329	testname	TestIntegration_PayloadMismatchAndArchiveDown	grep for func TestIntegration_PayloadMismatchAndArchiveDown over *_test.go	HOLDS	
docs/build/REQUIREMENTS_TRACEABILITY.md	329	testname	TestIntegration_StaleTimestamp	grep for func TestIntegration_StaleTimestamp over *_test.go	HOLDS	
docs/build/REQUIREMENTS_TRACEABILITY.md	329	testname	TestIntegration_UnknownEventTypeIsIgnored	grep for func TestIntegration_UnknownEventTypeIsIgnored over *_test.go	HOLDS	
docs/build/REQUIREMENTS_TRACEABILITY.md	329	testname	TestProp_DuplicateWebhookOneEffect	grep for func TestProp_DuplicateWebhookOneEffect over *_test.go	HOLDS	
docs/build/REQUIREMENTS_TRACEABILITY.md	329	testname	TestWebhookForAnUnknownProviderIsNotFound	grep for func TestWebhookForAnUnknownProviderIsNotFound over *_test.go	HOLDS	
docs/build/REQUIREMENTS_TRACEABILITY.md	329	testname	TestWebhookReceivesTheRawBody	grep for func TestWebhookReceivesTheRawBody over *_test.go	HOLDS	
docs/build/REQUIREMENTS_TRACEABILITY.md	330	testname	TestAgent_ExactPermissionSet	grep for func TestAgent_ExactPermissionSet over *_test.go	HOLDS	
docs/build/REQUIREMENTS_TRACEABILITY.md	330	testname	TestIntegration_GateRefusedWithRealChecker	grep for func TestIntegration_GateRefusedWithRealChecker over *_test.go	HOLDS	
docs/build/REQUIREMENTS_TRACEABILITY.md	330	testname	TestIntegration_Repository	grep for func TestIntegration_Repository over *_test.go	HOLDS	
docs/build/REQUIREMENTS_TRACEABILITY.md	330	testname	TestNoAgentPathImportsWithdrawal	grep for func TestNoAgentPathImportsWithdrawal over *_test.go	HOLDS	
docs/build/REQUIREMENTS_TRACEABILITY.md	330	testname	TestService_NoAgentPath	grep for func TestService_NoAgentPath over *_test.go	HOLDS	
docs/build/REQUIREMENTS_TRACEABILITY.md	330	testname	TestService_Request_CheckOrder	grep for func TestService_Request_CheckOrder over *_test.go	HOLDS	
docs/build/REQUIREMENTS_TRACEABILITY.md	330	testname	TestValidateSolanaAddress	grep for func TestValidateSolanaAddress over *_test.go	HOLDS	
docs/build/REQUIREMENTS_TRACEABILITY.md	330	testname	TestVelocityPolicy	grep for func TestVelocityPolicy over *_test.go	HOLDS	
docs/build/REQUIREMENTS_TRACEABILITY.md	330	testname	TestWithdrawalRefusedByTheCapabilityGate	grep for func TestWithdrawalRefusedByTheCapabilityGate over *_test.go	HOLDS	
docs/build/REQUIREMENTS_TRACEABILITY.md	330	testname	TestWithdrawalRequiresStepUp	grep for func TestWithdrawalRequiresStepUp over *_test.go	HOLDS	
docs/build/REQUIREMENTS_TRACEABILITY.md	330	testname	TestWithdrawal_AlwaysRefusedToday	grep for func TestWithdrawal_AlwaysRefusedToday over *_test.go	HOLDS	
docs/build/REQUIREMENTS_TRACEABILITY.md	331	testname	TestFundingWorkflow_RunsUntilTheDepositIsTerminal	grep for func TestFundingWorkflow_RunsUntilTheDepositIsTerminal over *_test.go	HOLDS	
docs/build/REQUIREMENTS_TRACEABILITY.md	331	testname	TestIntegration_Driver_AdvancesToAvailable	grep for func TestIntegration_Driver_AdvancesToAvailable over *_test.go	HOLDS	
docs/build/REQUIREMENTS_TRACEABILITY.md	331	testname	TestIntegration_FundingFlow_SettledAvailableReversed	grep for func TestIntegration_FundingFlow_SettledAvailableReversed over *_test.go	HOLDS	
docs/build/REQUIREMENTS_TRACEABILITY.md	331	testname	TestIntegration_IllegalTransitions	grep for func TestIntegration_IllegalTransitions over *_test.go	HOLDS	
docs/build/REQUIREMENTS_TRACEABILITY.md	331	testname	TestIntegration_Reconcile_MismatchEscalates	grep for func TestIntegration_Reconcile_MismatchEscalates over *_test.go	HOLDS	
docs/build/REQUIREMENTS_TRACEABILITY.md	332	testname	TestLogRedaction_EveryBinaryBuildsItsLoggerThroughObservability	grep for func TestLogRedaction_EveryBinaryBuildsItsLoggerThroughObservability over *_test.go	HOLDS	
docs/build/REQUIREMENTS_TRACEABILITY.md	332	testname	TestLogRedaction_TheStandardLoggerNeverEmitsSecrets	grep for func TestLogRedaction_TheStandardLoggerNeverEmitsSecrets over *_test.go	HOLDS	
docs/build/REQUIREMENTS_TRACEABILITY.md	332	testname	TestRedaction_DenylistKeys	grep for func TestRedaction_DenylistKeys over *_test.go	HOLDS	
docs/build/REQUIREMENTS_TRACEABILITY.md	333	testname	TestIntegration_FundingFlow_SettledAvailableReversed	grep for func TestIntegration_FundingFlow_SettledAvailableReversed over *_test.go	HOLDS	
docs/build/REQUIREMENTS_TRACEABILITY.md	333	testname	TestIntegration_GateRefusedWithRealChecker	grep for func TestIntegration_GateRefusedWithRealChecker over *_test.go	HOLDS	
docs/build/REQUIREMENTS_TRACEABILITY.md	333	testname	TestIntegration_WalletRepositoryAndTransitionBinding	grep for func TestIntegration_WalletRepositoryAndTransitionBinding over *_test.go	HOLDS	
docs/build/REQUIREMENTS_TRACEABILITY.md	333	testname	TestProp_DuplicateWebhookOneEffect	grep for func TestProp_DuplicateWebhookOneEffect over *_test.go	HOLDS	
docs/build/REQUIREMENTS_TRACEABILITY.md	339	testname	TestCorpus_NaturalLanguage	grep for func TestCorpus_NaturalLanguage over *_test.go	HOLDS	
docs/build/REQUIREMENTS_TRACEABILITY.md	339	testname	TestCorpus_SDKAndNLProduceTheSameHash	grep for func TestCorpus_SDKAndNLProduceTheSameHash over *_test.go	HOLDS	
docs/build/REQUIREMENTS_TRACEABILITY.md	339	testname	TestParity_FixturesCoverTheGoldenHash	grep for func TestParity_FixturesCoverTheGoldenHash over *_test.go	HOLDS	
docs/build/REQUIREMENTS_TRACEABILITY.md	339	testname	TestParity_FixturesMatchGo	grep for func TestParity_FixturesMatchGo over *_test.go	HOLDS	
docs/build/REQUIREMENTS_TRACEABILITY.md	339	testname	TestSemanticHash_StableAcrossProcesses	grep for func TestSemanticHash_StableAcrossProcesses over *_test.go	HOLDS	
docs/build/REQUIREMENTS_TRACEABILITY.md	340	route	POST /v1/strategies/{id}/compile	grep the api.gen.go route table	HOLDS	
docs/build/REQUIREMENTS_TRACEABILITY.md	340	testname	TestNormalize_IsIdempotent	grep for func TestNormalize_IsIdempotent over *_test.go	HOLDS	
docs/build/REQUIREMENTS_TRACEABILITY.md	340	testname	TestParseIR_AcceptsValidDocument	grep for func TestParseIR_AcceptsValidDocument over *_test.go	HOLDS	
docs/build/REQUIREMENTS_TRACEABILITY.md	340	testname	TestSemanticHash_CoversEverySemanticField	grep for func TestSemanticHash_CoversEverySemanticField over *_test.go	HOLDS	
docs/build/REQUIREMENTS_TRACEABILITY.md	340	testname	TestSemanticHash_ExcludesProvenance	grep for func TestSemanticHash_ExcludesProvenance over *_test.go	HOLDS	
docs/build/REQUIREMENTS_TRACEABILITY.md	340	testname	TestStructural_RejectsBadIdentityAndCounts	grep for func TestStructural_RejectsBadIdentityAndCounts over *_test.go	HOLDS	
docs/build/REQUIREMENTS_TRACEABILITY.md	341	testname	FuzzParseIR	grep for func FuzzParseIR over *_test.go	HOLDS	
docs/build/REQUIREMENTS_TRACEABILITY.md	341	testname	TestCorpus_Validation	grep for func TestCorpus_Validation over *_test.go	HOLDS	
docs/build/REQUIREMENTS_TRACEABILITY.md	341	testname	TestDecode_RejectsOversizeAndDeepDocuments	grep for func TestDecode_RejectsOversizeAndDeepDocuments over *_test.go	HOLDS	
docs/build/REQUIREMENTS_TRACEABILITY.md	341	testname	TestDeriveEffects_IsClosed	grep for func TestDeriveEffects_IsClosed over *_test.go	HOLDS	
docs/build/REQUIREMENTS_TRACEABILITY.md	341	testname	TestEffect_UnknownNameIsNotAllowed	grep for func TestEffect_UnknownNameIsNotAllowed over *_test.go	HOLDS	
docs/build/REQUIREMENTS_TRACEABILITY.md	341	testname	TestStructural_BoundsExpressions	grep for func TestStructural_BoundsExpressions over *_test.go	HOLDS	
docs/build/REQUIREMENTS_TRACEABILITY.md	341	testname	TestStructural_BoundsWindowLookback	grep for func TestStructural_BoundsWindowLookback over *_test.go	HOLDS	
docs/build/REQUIREMENTS_TRACEABILITY.md	341	testname	TestStructural_RejectsUnboundedLoop	grep for func TestStructural_RejectsUnboundedLoop over *_test.go	HOLDS	
docs/build/REQUIREMENTS_TRACEABILITY.md	342	testname	TestCheck_DeclaredMustEqualDerived	grep for func TestCheck_DeclaredMustEqualDerived over *_test.go	HOLDS	
docs/build/REQUIREMENTS_TRACEABILITY.md	342	testname	TestDeriveEffects_PerKind	grep for func TestDeriveEffects_PerKind over *_test.go	HOLDS	
docs/build/REQUIREMENTS_TRACEABILITY.md	342	testname	TestEffectTables_Disjoint	grep for func TestEffectTables_Disjoint over *_test.go	HOLDS	
docs/build/REQUIREMENTS_TRACEABILITY.md	342	testname	TestEffectTables_MatchTheGoal	grep for func TestEffectTables_MatchTheGoal over *_test.go	HOLDS	
docs/build/REQUIREMENTS_TRACEABILITY.md	342	testname	TestToolEffectsAreClosedAndReadOnly	grep for func TestToolEffectsAreClosedAndReadOnly over *_test.go	HOLDS	
docs/build/REQUIREMENTS_TRACEABILITY.md	343	testname	TestAuthorityRefusesUndeclaredToolsAndEffects	grep for func TestAuthorityRefusesUndeclaredToolsAndEffects over *_test.go	HOLDS	
docs/build/REQUIREMENTS_TRACEABILITY.md	343	testname	TestBrokerRefusesAToolWhoseEffectChangedSinceCompile	grep for func TestBrokerRefusesAToolWhoseEffectChangedSinceCompile over *_test.go	HOLDS	
docs/build/REQUIREMENTS_TRACEABILITY.md	343	testname	TestBrokerRefusesAnEffectOutsideTheDeclaredSet	grep for func TestBrokerRefusesAnEffectOutsideTheDeclaredSet over *_test.go	HOLDS	
docs/build/REQUIREMENTS_TRACEABILITY.md	343	testname	TestCheck_AddingAnActionRequiresRedeclaration	grep for func TestCheck_AddingAnActionRequiresRedeclaration over *_test.go	HOLDS	
docs/build/REQUIREMENTS_TRACEABILITY.md	343	testname	TestCheck_ForbiddenEffectBeatsOtherFailures	grep for func TestCheck_ForbiddenEffectBeatsOtherFailures over *_test.go	HOLDS	
docs/build/REQUIREMENTS_TRACEABILITY.md	343	testname	TestCheck_RejectsEveryForbiddenEffect	grep for func TestCheck_RejectsEveryForbiddenEffect over *_test.go	HOLDS	
docs/build/REQUIREMENTS_TRACEABILITY.md	343	testname	TestCheck_RejectsForbiddenEffectFromRawJSON	grep for func TestCheck_RejectsForbiddenEffectFromRawJSON over *_test.go	HOLDS	
docs/build/REQUIREMENTS_TRACEABILITY.md	343	testname	TestCorpus_EveryForbiddenEffectAppears	grep for func TestCorpus_EveryForbiddenEffectAppears over *_test.go	HOLDS	
docs/build/REQUIREMENTS_TRACEABILITY.md	343	testname	TestForbiddenEffect_CannotBeSmuggledThroughUnknownJSONFields	grep for func TestForbiddenEffect_CannotBeSmuggledThroughUnknownJSONFields over *_test.go	HOLDS	
docs/build/REQUIREMENTS_TRACEABILITY.md	343	testname	TestNewAuthorityRefusesAForbiddenEffect	grep for func TestNewAuthorityRefusesAForbiddenEffect over *_test.go	HOLDS	
docs/build/REQUIREMENTS_TRACEABILITY.md	344	testname	TestBudget_ExhaustionStopsCallsBeforeDialing	grep for func TestBudget_ExhaustionStopsCallsBeforeDialing over *_test.go	HOLDS	
docs/build/REQUIREMENTS_TRACEABILITY.md	344	testname	TestCompiler_BudgetExhaustionStopsBeforeDialing	grep for func TestCompiler_BudgetExhaustionStopsBeforeDialing over *_test.go	HOLDS	
docs/build/REQUIREMENTS_TRACEABILITY.md	344	testname	TestCompiler_DeterministicAfterTheModelCall	grep for func TestCompiler_DeterministicAfterTheModelCall over *_test.go	HOLDS	
docs/build/REQUIREMENTS_TRACEABILITY.md	344	testname	TestCompiler_DiscardsModelSuppliedIdentity	grep for func TestCompiler_DiscardsModelSuppliedIdentity over *_test.go	HOLDS	
docs/build/REQUIREMENTS_TRACEABILITY.md	344	testname	TestCorpus_NaturalLanguage	grep for func TestCorpus_NaturalLanguage over *_test.go	HOLDS	
docs/build/REQUIREMENTS_TRACEABILITY.md	344	testname	TestRender_IsDeterministicAndComplete	grep for func TestRender_IsDeterministicAndComplete over *_test.go	HOLDS	
docs/build/REQUIREMENTS_TRACEABILITY.md	344	testname	TestRender_StatesEveryEffectInPlainTerms	grep for func TestRender_StatesEveryEffectInPlainTerms over *_test.go	HOLDS	
docs/build/REQUIREMENTS_TRACEABILITY.md	344	testname	TestRequest_Validate_RequiresClosedSchema	grep for func TestRequest_Validate_RequiresClosedSchema over *_test.go	HOLDS	
docs/build/REQUIREMENTS_TRACEABILITY.md	345	testname	TestBrokerRefusesWhenTheDataSpendBudgetIsExhausted	grep for func TestBrokerRefusesWhenTheDataSpendBudgetIsExhausted over *_test.go	HOLDS	
docs/build/REQUIREMENTS_TRACEABILITY.md	345	testname	TestCorpus_NaturalLanguage	grep for func TestCorpus_NaturalLanguage over *_test.go	HOLDS	
docs/build/REQUIREMENTS_TRACEABILITY.md	345	testname	TestEstimateCost_IsPessimistic	grep for func TestEstimateCost_IsPessimistic over *_test.go	HOLDS	
docs/build/REQUIREMENTS_TRACEABILITY.md	345	testname	TestPriceTable_Cost	grep for func TestPriceTable_Cost over *_test.go	HOLDS	
docs/build/REQUIREMENTS_TRACEABILITY.md	345	testname	TestRender_IsDeterministicAndComplete	grep for func TestRender_IsDeterministicAndComplete over *_test.go	HOLDS	
docs/build/REQUIREMENTS_TRACEABILITY.md	345	testname	TestRunnerProducesExactlyOneRunPredictionAndIntent	grep for func TestRunnerProducesExactlyOneRunPredictionAndIntent over *_test.go	HOLDS	
docs/build/REQUIREMENTS_TRACEABILITY.md	346	testname	TestCorpus_EveryForbiddenEffectAppears	grep for func TestCorpus_EveryForbiddenEffectAppears over *_test.go	HOLDS	
docs/build/REQUIREMENTS_TRACEABILITY.md	346	testname	TestCorpus_InjectionInToolResultsIsInert	grep for func TestCorpus_InjectionInToolResultsIsInert over *_test.go	HOLDS	
docs/build/REQUIREMENTS_TRACEABILITY.md	346	testname	TestCorpus_NaturalLanguage	grep for func TestCorpus_NaturalLanguage over *_test.go	HOLDS	
docs/build/REQUIREMENTS_TRACEABILITY.md	346	testname	TestCorpus_PromptInjectionNeverWidensTheEffectSet	grep for func TestCorpus_PromptInjectionNeverWidensTheEffectSet over *_test.go	HOLDS	
docs/build/REQUIREMENTS_TRACEABILITY.md	346	testname	TestCorpus_SDKAndNLProduceTheSameHash	grep for func TestCorpus_SDKAndNLProduceTheSameHash over *_test.go	HOLDS	
docs/build/REQUIREMENTS_TRACEABILITY.md	346	testname	TestCorpus_Validation	grep for func TestCorpus_Validation over *_test.go	HOLDS	
docs/build/REQUIREMENTS_TRACEABILITY.md	347	testname	TestAuthorityFingerprintIsStableAndSensitive	grep for func TestAuthorityFingerprintIsStableAndSensitive over *_test.go	HOLDS	
docs/build/REQUIREMENTS_TRACEABILITY.md	347	testname	TestBrokerRefusesAToolVersionThatWasNotDeclared	grep for func TestBrokerRefusesAToolVersionThatWasNotDeclared over *_test.go	HOLDS	
docs/build/REQUIREMENTS_TRACEABILITY.md	347	testname	TestBrokerRefusesAToolWhoseEffectChangedSinceCompile	grep for func TestBrokerRefusesAToolWhoseEffectChangedSinceCompile over *_test.go	HOLDS	
docs/build/REQUIREMENTS_TRACEABILITY.md	347	testname	TestNewAuthorityRefusesADependencyWithoutItsEffect	grep for func TestNewAuthorityRefusesADependencyWithoutItsEffect over *_test.go	HOLDS	
docs/build/REQUIREMENTS_TRACEABILITY.md	347	testname	TestStructural_DependencyRules	grep for func TestStructural_DependencyRules over *_test.go	HOLDS	
docs/build/REQUIREMENTS_TRACEABILITY.md	347	testname	TestStructural_EnforcesStalenessDeclaration	grep for func TestStructural_EnforcesStalenessDeclaration over *_test.go	HOLDS	
docs/build/REQUIREMENTS_TRACEABILITY.md	349	testname	FuzzParseIR	grep for func FuzzParseIR over *_test.go	HOLDS	
docs/build/REQUIREMENTS_TRACEABILITY.md	349	testname	TestCorpus_SDKAndNLProduceTheSameHash	grep for func TestCorpus_SDKAndNLProduceTheSameHash over *_test.go	HOLDS	
docs/build/REQUIREMENTS_TRACEABILITY.md	349	testname	TestCorpus_Validation	grep for func TestCorpus_Validation over *_test.go	HOLDS	
docs/build/REQUIREMENTS_TRACEABILITY.md	349	testname	TestSemanticHash_Golden	grep for func TestSemanticHash_Golden over *_test.go	HOLDS	
docs/build/REQUIREMENTS_TRACEABILITY.md	355	testname	TestBrokerAddsThePipelineLatencyToDecisionAvailability	grep for func TestBrokerAddsThePipelineLatencyToDecisionAvailability over *_test.go	HOLDS	
docs/build/REQUIREMENTS_TRACEABILITY.md	355	testname	TestBrokerInvokesADeclaredActiveTool	grep for func TestBrokerInvokesADeclaredActiveTool over *_test.go	HOLDS	
docs/build/REQUIREMENTS_TRACEABILITY.md	355	testname	TestBrokerRefusesADegradedOrDisabledTool	grep for func TestBrokerRefusesADegradedOrDisabledTool over *_test.go	HOLDS	
docs/build/REQUIREMENTS_TRACEABILITY.md	355	testname	TestBrokerRefusesAToolVersionThatWasNotDeclared	grep for func TestBrokerRefusesAToolVersionThatWasNotDeclared over *_test.go	HOLDS	
docs/build/REQUIREMENTS_TRACEABILITY.md	355	testname	TestBrokerRefusesAnEffectOutsideTheDeclaredSet	grep for func TestBrokerRefusesAnEffectOutsideTheDeclaredSet over *_test.go	HOLDS	
docs/build/REQUIREMENTS_TRACEABILITY.md	355	testname	TestBrokerRefusesAnUndeclaredTool	grep for func TestBrokerRefusesAnUndeclaredTool over *_test.go	HOLDS	
docs/build/REQUIREMENTS_TRACEABILITY.md	355	testname	TestBrokerRefusesWhenTheDataSpendBudgetIsExhausted	grep for func TestBrokerRefusesWhenTheDataSpendBudgetIsExhausted over *_test.go	HOLDS	
docs/build/REQUIREMENTS_TRACEABILITY.md	355	testname	TestBrokerRefusesWhenThePerRunCallCapIsHit	grep for func TestBrokerRefusesWhenThePerRunCallCapIsHit over *_test.go	HOLDS	
docs/build/REQUIREMENTS_TRACEABILITY.md	355	testname	TestEgressAllowlistFailsClosed	grep for func TestEgressAllowlistFailsClosed over *_test.go	HOLDS	
docs/build/REQUIREMENTS_TRACEABILITY.md	355	testname	TestEgressTransportHostMatching	grep for func TestEgressTransportHostMatching over *_test.go	HOLDS	
docs/build/REQUIREMENTS_TRACEABILITY.md	355	testname	TestToolInvocationsAreImmutable	grep for func TestToolInvocationsAreImmutable over *_test.go	HOLDS	
docs/build/REQUIREMENTS_TRACEABILITY.md	356	testname	TestCorpus_InjectionInToolResultsIsInert	grep for func TestCorpus_InjectionInToolResultsIsInert over *_test.go	HOLDS	
docs/build/REQUIREMENTS_TRACEABILITY.md	356	testname	TestGuard_RefusesCredentialMaterial	grep for func TestGuard_RefusesCredentialMaterial over *_test.go	HOLDS	
docs/build/REQUIREMENTS_TRACEABILITY.md	356	testname	TestGuarded_RefusedRequestNeverReachesTheProvider	grep for func TestGuarded_RefusedRequestNeverReachesTheProvider over *_test.go	HOLDS	
docs/build/REQUIREMENTS_TRACEABILITY.md	356	testname	TestPromptInjection_NoBuilderComputesTheSystemPolicy	grep for func TestPromptInjection_NoBuilderComputesTheSystemPolicy over *_test.go	HOLDS	
docs/build/REQUIREMENTS_TRACEABILITY.md	356	testname	TestPromptInjection_UntrustedTextNeverEntersTheInstructionChannel	grep for func TestPromptInjection_UntrustedTextNeverEntersTheInstructionChannel over *_test.go	HOLDS	
docs/build/REQUIREMENTS_TRACEABILITY.md	356	testname	TestQuarantineNeutralizesPromptDelimiters	grep for func TestQuarantineNeutralizesPromptDelimiters over *_test.go	HOLDS	
docs/build/REQUIREMENTS_TRACEABILITY.md	356	testname	TestQuarantineStripsControlAndHiddenRunes	grep for func TestQuarantineStripsControlAndHiddenRunes over *_test.go	HOLDS	
docs/build/REQUIREMENTS_TRACEABILITY.md	356	testname	TestRender_SectionsAreOrderedAndLabeled	grep for func TestRender_SectionsAreOrderedAndLabeled over *_test.go	HOLDS	
docs/build/REQUIREMENTS_TRACEABILITY.md	356	testname	TestRender_UntrustedContentNeverReachesTheSystemSection	grep for func TestRender_UntrustedContentNeverReachesTheSystemSection over *_test.go	HOLDS	
docs/build/REQUIREMENTS_TRACEABILITY.md	356	testname	TestRequest_Validate_RejectsForgedDelimiters	grep for func TestRequest_Validate_RejectsForgedDelimiters over *_test.go	HOLDS	
docs/build/REQUIREMENTS_TRACEABILITY.md	356	testname	TestScanInjectionDetectsTheCorpus	grep for func TestScanInjectionDetectsTheCorpus over *_test.go	HOLDS	
docs/build/REQUIREMENTS_TRACEABILITY.md	356	testname	TestUntrustedContentFromAToolChangesNothing	grep for func TestUntrustedContentFromAToolChangesNothing over *_test.go	HOLDS	
docs/build/REQUIREMENTS_TRACEABILITY.md	357	testname	TestAgentPrincipalCannotChangeItsOwnLifecycle	grep for func TestAgentPrincipalCannotChangeItsOwnLifecycle over *_test.go	HOLDS	
docs/build/REQUIREMENTS_TRACEABILITY.md	357	testname	TestBareStateUpdateIsRefused	grep for func TestBareStateUpdateIsRefused over *_test.go	HOLDS	
docs/build/REQUIREMENTS_TRACEABILITY.md	357	testname	TestCanTransitionAllowsOnlyAdjacentPromotions	grep for func TestCanTransitionAllowsOnlyAdjacentPromotions over *_test.go	HOLDS	
docs/build/REQUIREMENTS_TRACEABILITY.md	357	testname	TestCanTransitionDemotionIsRefused	grep for func TestCanTransitionDemotionIsRefused over *_test.go	HOLDS	
docs/build/REQUIREMENTS_TRACEABILITY.md	357	testname	TestCanTransitionSideStates	grep for func TestCanTransitionSideStates over *_test.go	HOLDS	
docs/build/REQUIREMENTS_TRACEABILITY.md	357	testname	TestCanTransitionSkippedRungsAreRefused	grep for func TestCanTransitionSkippedRungsAreRefused over *_test.go	HOLDS	
docs/build/REQUIREMENTS_TRACEABILITY.md	357	testname	TestIntegration_ABareStageUpdateIsRefused	grep for func TestIntegration_ABareStageUpdateIsRefused over *_test.go	HOLDS	
docs/build/REQUIREMENTS_TRACEABILITY.md	357	testname	TestIntegration_APromotionCannotBeLicensedByARowThatDeniesIt	grep for func TestIntegration_APromotionCannotBeLicensedByARowThatDeniesIt over *_test.go	HOLDS	
docs/build/REQUIREMENTS_TRACEABILITY.md	357	testname	TestIntegration_AStageChangeWithAnHonestRowIsAccepted	grep for func TestIntegration_AStageChangeWithAnHonestRowIsAccepted over *_test.go	HOLDS	
docs/build/REQUIREMENTS_TRACEABILITY.md	357	testname	TestLadderIsExactlyPart68	grep for func TestLadderIsExactlyPart68 over *_test.go	HOLDS	
docs/build/REQUIREMENTS_TRACEABILITY.md	357	testname	TestLifecycleWalksTheLadderAndRecordsEveryStep	grep for func TestLifecycleWalksTheLadderAndRecordsEveryStep over *_test.go	HOLDS	
docs/build/REQUIREMENTS_TRACEABILITY.md	357	testname	TestModeMappingMirrorsTheDatabaseCheck	grep for func TestModeMappingMirrorsTheDatabaseCheck over *_test.go	HOLDS	
docs/build/REQUIREMENTS_TRACEABILITY.md	357	testname	TestPromotionRefusesASkippedRung	grep for func TestPromotionRefusesASkippedRung over *_test.go	HOLDS	
docs/build/REQUIREMENTS_TRACEABILITY.md	357	testname	TestStateUpdateWithAMismatchedTransitionIsRefused	grep for func TestStateUpdateWithAMismatchedTransitionIsRefused over *_test.go	HOLDS	
docs/build/REQUIREMENTS_TRACEABILITY.md	358	testname	TestEveryGateRefusesEachMissingEvidenceKind	grep for func TestEveryGateRefusesEachMissingEvidenceKind over *_test.go	HOLDS	
docs/build/REQUIREMENTS_TRACEABILITY.md	358	testname	TestEvidenceHashCoversEveryReference	grep for func TestEvidenceHashCoversEveryReference over *_test.go	HOLDS	
docs/build/REQUIREMENTS_TRACEABILITY.md	358	testname	TestPromotionRefusesMissingEvidence	grep for func TestPromotionRefusesMissingEvidence over *_test.go	HOLDS	
docs/build/REQUIREMENTS_TRACEABILITY.md	358	testname	TestPromotionRefusesMissingHashes	grep for func TestPromotionRefusesMissingHashes over *_test.go	HOLDS	
docs/build/REQUIREMENTS_TRACEABILITY.md	358	testname	TestPromotionRefusesUnhashedEvidence	grep for func TestPromotionRefusesUnhashedEvidence over *_test.go	HOLDS	
docs/build/REQUIREMENTS_TRACEABILITY.md	358	testname	TestPromotionWithoutAnAuditEventRollsBack	grep for func TestPromotionWithoutAnAuditEventRollsBack over *_test.go	HOLDS	
docs/build/REQUIREMENTS_TRACEABILITY.md	358	testname	TestRealCapitalStagesRequireAnEnvelope	grep for func TestRealCapitalStagesRequireAnEnvelope over *_test.go	HOLDS	
docs/build/REQUIREMENTS_TRACEABILITY.md	358	testname	TestStagesBelowBacktestEligibleNeverRun	grep for func TestStagesBelowBacktestEligibleNeverRun over *_test.go	HOLDS	
docs/build/REQUIREMENTS_TRACEABILITY.md	359	testname	TestEveryGateRefusesEachMissingEvidenceKind	grep for func TestEveryGateRefusesEachMissingEvidenceKind over *_test.go	HOLDS	
docs/build/REQUIREMENTS_TRACEABILITY.md	359	testname	TestGateEvidenceCoversThePartSeventyRequirements	grep for func TestGateEvidenceCoversThePartSeventyRequirements over *_test.go	HOLDS	
docs/build/REQUIREMENTS_TRACEABILITY.md	359	testname	TestPromotionRefusesMissingEvidence	grep for func TestPromotionRefusesMissingEvidence over *_test.go	HOLDS	
docs/build/REQUIREMENTS_TRACEABILITY.md	359	testname	TestPromotionRefusesUnhashedEvidence	grep for func TestPromotionRefusesUnhashedEvidence over *_test.go	HOLDS	
docs/build/REQUIREMENTS_TRACEABILITY.md	360	testname	TestEveryGateRefusesEachMissingEvidenceKind	grep for func TestEveryGateRefusesEachMissingEvidenceKind over *_test.go	HOLDS	
docs/build/REQUIREMENTS_TRACEABILITY.md	360	testname	TestGateEvidenceCoversThePartSeventyRequirements	grep for func TestGateEvidenceCoversThePartSeventyRequirements over *_test.go	HOLDS	
docs/build/REQUIREMENTS_TRACEABILITY.md	360	testname	TestPromotionIntoRealCapitalRequiresAnApproval	grep for func TestPromotionIntoRealCapitalRequiresAnApproval over *_test.go	HOLDS	
docs/build/REQUIREMENTS_TRACEABILITY.md	360	testname	TestPromotionIntoRealCapitalRequiresAnEnvelope	grep for func TestPromotionIntoRealCapitalRequiresAnEnvelope over *_test.go	HOLDS	
docs/build/REQUIREMENTS_TRACEABILITY.md	361	testname	TestAgentPromoteApproveIsDualControlAndDistinct	grep for func TestAgentPromoteApproveIsDualControlAndDistinct over *_test.go	HOLDS	
docs/build/REQUIREMENTS_TRACEABILITY.md	361	testname	TestDualControlKindsNeedTwoPeople	grep for func TestDualControlKindsNeedTwoPeople over *_test.go	HOLDS	
docs/build/REQUIREMENTS_TRACEABILITY.md	361	testname	TestGoldenMatrix_DualControlHeldByNoStandingRole	grep for func TestGoldenMatrix_DualControlHeldByNoStandingRole over *_test.go	HOLDS	
docs/build/REQUIREMENTS_TRACEABILITY.md	361	testname	TestIntegration_APromotionCannotBeLicensedByARowThatDeniesIt	grep for func TestIntegration_APromotionCannotBeLicensedByARowThatDeniesIt over *_test.go	HOLDS	
docs/build/REQUIREMENTS_TRACEABILITY.md	361	testname	TestKindTable_Golden	grep for func TestKindTable_Golden over *_test.go	HOLDS	
docs/build/REQUIREMENTS_TRACEABILITY.md	361	testname	TestPromotionIntoCanaryRequiresADualControlledApproval	grep for func TestPromotionIntoCanaryRequiresADualControlledApproval over *_test.go	HOLDS	
docs/build/REQUIREMENTS_TRACEABILITY.md	361	testname	TestPromotionIntoLiveRequiresTheRiskRole	grep for func TestPromotionIntoLiveRequiresTheRiskRole over *_test.go	HOLDS	
docs/build/REQUIREMENTS_TRACEABILITY.md	362	testname	TestExecutor_KillSwitchNeverBlocksPostSubmission	grep for func TestExecutor_KillSwitchNeverBlocksPostSubmission over *_test.go	HOLDS	
docs/build/REQUIREMENTS_TRACEABILITY.md	362	testname	TestLeavePolicyNamesNoCancellationWorkflow	grep for func TestLeavePolicyNamesNoCancellationWorkflow over *_test.go	HOLDS	
docs/build/REQUIREMENTS_TRACEABILITY.md	362	testname	TestPauseAndResume	grep for func TestPauseAndResume over *_test.go	HOLDS	
docs/build/REQUIREMENTS_TRACEABILITY.md	362	testname	TestPauseIsEffectiveImmediatelyForARunInFlight	grep for func TestPauseIsEffectiveImmediatelyForARunInFlight over *_test.go	HOLDS	
docs/build/REQUIREMENTS_TRACEABILITY.md	362	testname	TestPauseOpenReporting	grep for func TestPauseOpenReporting over *_test.go	HOLDS	
docs/build/REQUIREMENTS_TRACEABILITY.md	362	testname	TestPauseRequiresAnExplicitOpenOrdersPolicy	grep for func TestPauseRequiresAnExplicitOpenOrdersPolicy over *_test.go	HOLDS	
docs/build/REQUIREMENTS_TRACEABILITY.md	362	testname	TestPausedAgentProducesNoRuns	grep for func TestPausedAgentProducesNoRuns over *_test.go	HOLDS	
docs/build/REQUIREMENTS_TRACEABILITY.md	362	testname	TestProp_NeverBlockedClasses	grep for func TestProp_NeverBlockedClasses over *_test.go	HOLDS	
docs/build/REQUIREMENTS_TRACEABILITY.md	363	testname	TestCommitIsIdempotentPerRunAction	grep for func TestCommitIsIdempotentPerRunAction over *_test.go	HOLDS	
docs/build/REQUIREMENTS_TRACEABILITY.md	363	testname	TestCommitRefusesAnInformationSetFromTheFuture	grep for func TestCommitRefusesAnInformationSetFromTheFuture over *_test.go	HOLDS	
docs/build/REQUIREMENTS_TRACEABILITY.md	363	testname	TestCommitStampsTheClockNotTheCaller	grep for func TestCommitStampsTheClockNotTheCaller over *_test.go	HOLDS	
docs/build/REQUIREMENTS_TRACEABILITY.md	363	testname	TestInformationSetHashPinsExactlyWhatWasKnown	grep for func TestInformationSetHashPinsExactlyWhatWasKnown over *_test.go	HOLDS	
docs/build/REQUIREMENTS_TRACEABILITY.md	363	testname	TestIntentRequiresAPredictionThatPredatesIt	grep for func TestIntentRequiresAPredictionThatPredatesIt over *_test.go	HOLDS	
docs/build/REQUIREMENTS_TRACEABILITY.md	363	testname	TestPredictionCannotClaimDataItDidNotHave	grep for func TestPredictionCannotClaimDataItDidNotHave over *_test.go	HOLDS	
docs/build/REQUIREMENTS_TRACEABILITY.md	363	testname	TestPredictionIsImmutable	grep for func TestPredictionIsImmutable over *_test.go	HOLDS	
docs/build/REQUIREMENTS_TRACEABILITY.md	363	testname	TestRunnerRefusesAnIntentWithoutAPrediction	grep for func TestRunnerRefusesAnIntentWithoutAPrediction over *_test.go	HOLDS	
docs/build/REQUIREMENTS_TRACEABILITY.md	363	testname	TestUsableAtRefusesLookAhead	grep for func TestUsableAtRefusesLookAhead over *_test.go	HOLDS	
docs/build/REQUIREMENTS_TRACEABILITY.md	364	testname	TestBrier	grep for func TestBrier over *_test.go	HOLDS	
docs/build/REQUIREMENTS_TRACEABILITY.md	364	testname	TestBucketBoundsPartitionTheUnitInterval	grep for func TestBucketBoundsPartitionTheUnitInterval over *_test.go	HOLDS	
docs/build/REQUIREMENTS_TRACEABILITY.md	364	testname	TestBucketIndexPlacesProbabilities	grep for func TestBucketIndexPlacesProbabilities over *_test.go	HOLDS	
docs/build/REQUIREMENTS_TRACEABILITY.md	364	testname	TestCalibrationAggregatesResolvedOutcomes	grep for func TestCalibrationAggregatesResolvedOutcomes over *_test.go	HOLDS	
docs/build/REQUIREMENTS_TRACEABILITY.md	364	testname	TestCalibrationIgnoresUnresolvedPredictions	grep for func TestCalibrationIgnoresUnresolvedPredictions over *_test.go	HOLDS	
docs/build/REQUIREMENTS_TRACEABILITY.md	364	testname	TestLogLoss	grep for func TestLogLoss over *_test.go	HOLDS	
docs/build/REQUIREMENTS_TRACEABILITY.md	364	testname	TestMaxLogLoss	grep for func TestMaxLogLoss over *_test.go	HOLDS	
docs/build/REQUIREMENTS_TRACEABILITY.md	364	testname	TestResolveScoresFromPointInTimePrices	grep for func TestResolveScoresFromPointInTimePrices over *_test.go	HOLDS	
docs/build/REQUIREMENTS_TRACEABILITY.md	364	testname	TestResolverRefusesBeforeTheHorizonEnds	grep for func TestResolverRefusesBeforeTheHorizonEnds over *_test.go	HOLDS	
docs/build/REQUIREMENTS_TRACEABILITY.md	364	testname	TestResolverRefusesWhenThereIsNoPrice	grep for func TestResolverRefusesWhenThereIsNoPrice over *_test.go	HOLDS	
docs/build/REQUIREMENTS_TRACEABILITY.md	364	testname	TestReturnInBPSIsExact	grep for func TestReturnInBPSIsExact over *_test.go	HOLDS	
docs/build/REQUIREMENTS_TRACEABILITY.md	365	testname	TestAgentIntentCarriesItsLinkageAndMode	grep for func TestAgentIntentCarriesItsLinkageAndMode over *_test.go	HOLDS	
docs/build/REQUIREMENTS_TRACEABILITY.md	365	testname	TestExecutor_BuyHappyPath	grep for func TestExecutor_BuyHappyPath over *_test.go	HOLDS	
docs/build/REQUIREMENTS_TRACEABILITY.md	365	testname	TestGuard_RefusesCredentialMaterial	grep for func TestGuard_RefusesCredentialMaterial over *_test.go	HOLDS	
docs/build/REQUIREMENTS_TRACEABILITY.md	365	testname	TestLogRedaction_TheStandardLoggerNeverEmitsSecrets	grep for func TestLogRedaction_TheStandardLoggerNeverEmitsSecrets over *_test.go	HOLDS	
docs/build/REQUIREMENTS_TRACEABILITY.md	365	testname	TestRunnerProducesExactlyOneRunPredictionAndIntent	grep for func TestRunnerProducesExactlyOneRunPredictionAndIntent over *_test.go	HOLDS	
docs/build/REQUIREMENTS_TRACEABILITY.md	366	testname	TestBrokerAddsThePipelineLatencyToDecisionAvailability	grep for func TestBrokerAddsThePipelineLatencyToDecisionAvailability over *_test.go	HOLDS	
docs/build/REQUIREMENTS_TRACEABILITY.md	366	testname	TestGolden_Risk	grep for func TestGolden_Risk over *_test.go	HOLDS	
docs/build/REQUIREMENTS_TRACEABILITY.md	366	testname	TestIntegration_EveryDeclaredEnumMatchesItsCheck	grep for func TestIntegration_EveryDeclaredEnumMatchesItsCheck over *_test.go	HOLDS	
docs/build/REQUIREMENTS_TRACEABILITY.md	366	testname	TestLatestAvailableIsTheBindingInstant	grep for func TestLatestAvailableIsTheBindingInstant over *_test.go	HOLDS	
docs/build/REQUIREMENTS_TRACEABILITY.md	366	testname	TestRunnerSkipsWhenARequiredDependencyIsRefused	grep for func TestRunnerSkipsWhenARequiredDependencyIsRefused over *_test.go	HOLDS	
docs/build/REQUIREMENTS_TRACEABILITY.md	366	testname	TestSkipReasonsAreDeclaredAndClosed	grep for func TestSkipReasonsAreDeclaredAndClosed over *_test.go	HOLDS	
docs/build/REQUIREMENTS_TRACEABILITY.md	366	testname	TestStructural_EnforcesStalenessDeclaration	grep for func TestStructural_EnforcesStalenessDeclaration over *_test.go	HOLDS	
docs/build/REQUIREMENTS_TRACEABILITY.md	366	testname	TestUsableAtRefusesLookAhead	grep for func TestUsableAtRefusesLookAhead over *_test.go	HOLDS	
docs/build/REQUIREMENTS_TRACEABILITY.md	367	testname	TestBudget_ExhaustionStopsCallsBeforeDialing	grep for func TestBudget_ExhaustionStopsCallsBeforeDialing over *_test.go	HOLDS	
docs/build/REQUIREMENTS_TRACEABILITY.md	367	testname	TestFake_RejectedOutsideSafeEnvironments	grep for func TestFake_RejectedOutsideSafeEnvironments over *_test.go	HOLDS	
docs/build/REQUIREMENTS_TRACEABILITY.md	367	testname	TestIntegration_EveryDeclaredEnumMatchesItsCheck	grep for func TestIntegration_EveryDeclaredEnumMatchesItsCheck over *_test.go	HOLDS	
docs/build/REQUIREMENTS_TRACEABILITY.md	367	testname	TestPauseReasonsAreDeclaredAndClosed	grep for func TestPauseReasonsAreDeclaredAndClosed over *_test.go	HOLDS	
docs/build/REQUIREMENTS_TRACEABILITY.md	367	testname	TestRequest_Validate_RequiresClosedSchema	grep for func TestRequest_Validate_RequiresClosedSchema over *_test.go	HOLDS	
docs/build/REQUIREMENTS_TRACEABILITY.md	367	testname	TestRunnerContinuesWhenAnOptionalModelIsUnavailable	grep for func TestRunnerContinuesWhenAnOptionalModelIsUnavailable over *_test.go	HOLDS	
docs/build/REQUIREMENTS_TRACEABILITY.md	367	testname	TestRunnerSkipsWhenAModelIsRequiredButUnavailable	grep for func TestRunnerSkipsWhenAModelIsRequiredButUnavailable over *_test.go	HOLDS	
docs/build/REQUIREMENTS_TRACEABILITY.md	368	testname	TestInformationSetHashPinsExactlyWhatWasKnown	grep for func TestInformationSetHashPinsExactlyWhatWasKnown over *_test.go	HOLDS	
docs/build/REQUIREMENTS_TRACEABILITY.md	368	testname	TestOutcomeValidateRequiresProvenance	grep for func TestOutcomeValidateRequiresProvenance over *_test.go	HOLDS	
docs/build/REQUIREMENTS_TRACEABILITY.md	368	testname	TestPredictionRecordsTheInformationSetItActuallyUsed	grep for func TestPredictionRecordsTheInformationSetItActuallyUsed over *_test.go	HOLDS	
docs/build/REQUIREMENTS_TRACEABILITY.md	368	testname	TestRender_SectionsAreOrderedAndLabeled	grep for func TestRender_SectionsAreOrderedAndLabeled over *_test.go	HOLDS	
docs/build/REQUIREMENTS_TRACEABILITY.md	368	testname	TestRunIdentityModeAndLinkageAreImmutable	grep for func TestRunIdentityModeAndLinkageAreImmutable over *_test.go	HOLDS	
docs/build/REQUIREMENTS_TRACEABILITY.md	368	testname	TestRunnerProducesExactlyOneRunPredictionAndIntent	grep for func TestRunnerProducesExactlyOneRunPredictionAndIntent over *_test.go	HOLDS	
docs/build/REQUIREMENTS_TRACEABILITY.md	369	testname	TestAuthorityBudgetsTakeTheStricterOfIRAndEnvelope	grep for func TestAuthorityBudgetsTakeTheStricterOfIRAndEnvelope over *_test.go	HOLDS	
docs/build/REQUIREMENTS_TRACEABILITY.md	369	testname	TestBrokerRefusesWhenThePerRunCallCapIsHit	grep for func TestBrokerRefusesWhenThePerRunCallCapIsHit over *_test.go	HOLDS	
docs/build/REQUIREMENTS_TRACEABILITY.md	369	testname	TestBudgetSnapshotDayAndHourWindows	grep for func TestBudgetSnapshotDayAndHourWindows over *_test.go	HOLDS	
docs/build/REQUIREMENTS_TRACEABILITY.md	369	testname	TestBudgetSpendIsCheckedBeforeTheCallNotAfter	grep for func TestBudgetSpendIsCheckedBeforeTheCallNotAfter over *_test.go	HOLDS	
docs/build/REQUIREMENTS_TRACEABILITY.md	369	testname	TestBudget_DrivesARealCallSequence	grep for func TestBudget_DrivesARealCallSequence over *_test.go	HOLDS	
docs/build/REQUIREMENTS_TRACEABILITY.md	369	testname	TestBudget_ExhaustionStopsCallsBeforeDialing	grep for func TestBudget_ExhaustionStopsCallsBeforeDialing over *_test.go	HOLDS	
docs/build/REQUIREMENTS_TRACEABILITY.md	369	testname	TestEachBudgetIsEnforcedIndependently	grep for func TestEachBudgetIsEnforcedIndependently over *_test.go	HOLDS	
docs/build/REQUIREMENTS_TRACEABILITY.md	369	testname	TestEnvelope_Validate	grep for func TestEnvelope_Validate over *_test.go	HOLDS	
docs/build/REQUIREMENTS_TRACEABILITY.md	369	testname	TestNegativeCostIsRefused	grep for func TestNegativeCostIsRefused over *_test.go	HOLDS	
docs/build/REQUIREMENTS_TRACEABILITY.md	369	testname	TestRemainingCalls	grep for func TestRemainingCalls over *_test.go	HOLDS	
docs/build/REQUIREMENTS_TRACEABILITY.md	369	testname	TestZeroLimitsMeanUncapped	grep for func TestZeroLimitsMeanUncapped over *_test.go	HOLDS	
docs/build/REQUIREMENTS_TRACEABILITY.md	370	testname	TestBrokerRefusesWhenThePerRunCallCapIsHit	grep for func TestBrokerRefusesWhenThePerRunCallCapIsHit over *_test.go	HOLDS	
docs/build/REQUIREMENTS_TRACEABILITY.md	370	testname	TestRunnerProducesExactlyOneRunPredictionAndIntent	grep for func TestRunnerProducesExactlyOneRunPredictionAndIntent over *_test.go	HOLDS	
docs/build/REQUIREMENTS_TRACEABILITY.md	370	testname	TestRunnerResumesAfterACrashBetweenPredictionAndIntent	grep for func TestRunnerResumesAfterACrashBetweenPredictionAndIntent over *_test.go	HOLDS	
docs/build/REQUIREMENTS_TRACEABILITY.md	370	testname	TestStructural_BoundsWindowLookback	grep for func TestStructural_BoundsWindowLookback over *_test.go	HOLDS	
docs/build/REQUIREMENTS_TRACEABILITY.md	370	testname	TestStructural_RejectsSelfAndForwardSignalReferences	grep for func TestStructural_RejectsSelfAndForwardSignalReferences over *_test.go	HOLDS	
docs/build/REQUIREMENTS_TRACEABILITY.md	370	testname	TestStructural_RejectsUnboundedLoop	grep for func TestStructural_RejectsUnboundedLoop over *_test.go	HOLDS	
docs/build/REQUIREMENTS_TRACEABILITY.md	371	testname	TestLifecycleWalksTheLadderAndRecordsEveryStep	grep for func TestLifecycleWalksTheLadderAndRecordsEveryStep over *_test.go	HOLDS	
docs/build/REQUIREMENTS_TRACEABILITY.md	371	testname	TestRunnerProducesExactlyOneRunPredictionAndIntent	grep for func TestRunnerProducesExactlyOneRunPredictionAndIntent over *_test.go	HOLDS	
docs/build/REQUIREMENTS_TRACEABILITY.md	377	testname	TestChainNormalizer_ProducesCanonicalEventWithSixTimestamps	grep for func TestChainNormalizer_ProducesCanonicalEventWithSixTimestamps over *_test.go	HOLDS	
docs/build/REQUIREMENTS_TRACEABILITY.md	377	testname	TestIntegration_ClickHouse_LookAheadLeakage	grep for func TestIntegration_ClickHouse_LookAheadLeakage over *_test.go	HOLDS	
docs/build/REQUIREMENTS_TRACEABILITY.md	377	testname	TestProp_AgeNeverShrinksWithProviderClockAhead	grep for func TestProp_AgeNeverShrinksWithProviderClockAhead over *_test.go	HOLDS	
docs/build/REQUIREMENTS_TRACEABILITY.md	377	testname	TestProp_AvailabilityPolicyOrdersPlatformClocks	grep for func TestProp_AvailabilityPolicyOrdersPlatformClocks over *_test.go	HOLDS	
docs/build/REQUIREMENTS_TRACEABILITY.md	377	testname	TestProp_ClickHouse_SnapshotNeverReturnsFutureKnowledge	grep for func TestProp_ClickHouse_SnapshotNeverReturnsFutureKnowledge over *_test.go	HOLDS	
docs/build/REQUIREMENTS_TRACEABILITY.md	377	testname	TestProp_NormalizerTimestampInvariant	grep for func TestProp_NormalizerTimestampInvariant over *_test.go	HOLDS	
docs/build/REQUIREMENTS_TRACEABILITY.md	377	testname	TestTimestamps_ValidateRejectsDisorder	grep for func TestTimestamps_ValidateRejectsDisorder over *_test.go	HOLDS	
docs/build/REQUIREMENTS_TRACEABILITY.md	378	testname	TestIntegration_RawArchive_IndexesDedupsAndVerifies	grep for func TestIntegration_RawArchive_IndexesDedupsAndVerifies over *_test.go	HOLDS	
docs/build/REQUIREMENTS_TRACEABILITY.md	378	testname	TestIntegration_RawArchive_VerifySweepFindsEveryCorruptedObject	grep for func TestIntegration_RawArchive_VerifySweepFindsEveryCorruptedObject over *_test.go	HOLDS	
docs/build/REQUIREMENTS_TRACEABILITY.md	378	testname	TestIntegration_S3_AuditBucketObjectLockRefusesEarlyDeletion	grep for func TestIntegration_S3_AuditBucketObjectLockRefusesEarlyDeletion over *_test.go	HOLDS	
docs/build/REQUIREMENTS_TRACEABILITY.md	378	testname	TestIntegration_S3_PutGetHeadListRoundTrip	grep for func TestIntegration_S3_PutGetHeadListRoundTrip over *_test.go	HOLDS	
docs/build/REQUIREMENTS_TRACEABILITY.md	378	testname	TestIntegration_S3_RetentionOnUnlockedBucketIsRejected	grep for func TestIntegration_S3_RetentionOnUnlockedBucketIsRejected over *_test.go	HOLDS	
docs/build/REQUIREMENTS_TRACEABILITY.md	378	testname	TestMemory_CorruptionIsDetectedOnGet	grep for func TestMemory_CorruptionIsDetectedOnGet over *_test.go	HOLDS	
docs/build/REQUIREMENTS_TRACEABILITY.md	378	testname	TestMemory_RetentionRefusesEarlyDeletion	grep for func TestMemory_RetentionRefusesEarlyDeletion over *_test.go	HOLDS	
docs/build/REQUIREMENTS_TRACEABILITY.md	378	testname	TestRetention_ProductionRefusesZeroAuditRetention	grep for func TestRetention_ProductionRefusesZeroAuditRetention over *_test.go	HOLDS	
docs/build/REQUIREMENTS_TRACEABILITY.md	379	testname	TestIntegration_ClickHouse_ConstructorRules	grep for func TestIntegration_ClickHouse_ConstructorRules over *_test.go	HOLDS	
docs/build/REQUIREMENTS_TRACEABILITY.md	379	testname	TestIntegration_ClickHouse_MarketPricesAreExactInt128	grep for func TestIntegration_ClickHouse_MarketPricesAreExactInt128 over *_test.go	HOLDS	
docs/build/REQUIREMENTS_TRACEABILITY.md	379	testname	TestIntegration_ClickHouse_NormalizedRoundTripAndReplacingDedup	grep for func TestIntegration_ClickHouse_NormalizedRoundTripAndReplacingDedup over *_test.go	HOLDS	
docs/build/REQUIREMENTS_TRACEABILITY.md	379	testname	TestProp_ClickHouse_SnapshotNeverReturnsFutureKnowledge	grep for func TestProp_ClickHouse_SnapshotNeverReturnsFutureKnowledge over *_test.go	HOLDS	
docs/build/REQUIREMENTS_TRACEABILITY.md	379	testname	TestSQLInjection_ExcludedTreesAreOffTheRequestPath	grep for func TestSQLInjection_ExcludedTreesAreOffTheRequestPath over *_test.go	HOLDS	
docs/build/REQUIREMENTS_TRACEABILITY.md	380	testname	TestDetectorOptions_Validate	grep for func TestDetectorOptions_Validate over *_test.go	HOLDS	
docs/build/REQUIREMENTS_TRACEABILITY.md	380	testname	TestDetector_EveryGapKind	grep for func TestDetector_EveryGapKind over *_test.go	HOLDS	
docs/build/REQUIREMENTS_TRACEABILITY.md	380	testname	TestDetector_NonContiguousSourcesDoNotReportSequenceGaps	grep for func TestDetector_NonContiguousSourcesDoNotReportSequenceGaps over *_test.go	HOLDS	
docs/build/REQUIREMENTS_TRACEABILITY.md	380	testname	TestDetector_Silence	grep for func TestDetector_Silence over *_test.go	HOLDS	
docs/build/REQUIREMENTS_TRACEABILITY.md	380	testname	TestIntegration_Checkpoints_GapsResolutionAndContinuity	grep for func TestIntegration_Checkpoints_GapsResolutionAndContinuity over *_test.go	HOLDS	
docs/build/REQUIREMENTS_TRACEABILITY.md	380	testname	TestIntegration_Redpanda_BrokerLostMidStreamFailsLoudlyThenRecovers	grep for func TestIntegration_Redpanda_BrokerLostMidStreamFailsLoudlyThenRecovers over *_test.go	HOLDS	
docs/build/REQUIREMENTS_TRACEABILITY.md	380	testname	TestIntegration_Redpanda_RebalanceDuringConsumptionLosesNothing	grep for func TestIntegration_Redpanda_RebalanceDuringConsumptionLosesNothing over *_test.go	HOLDS	
docs/build/REQUIREMENTS_TRACEABILITY.md	380	testname	TestIntegration_Redpanda_UnhandledRecordsSurviveAConsumerRestart	grep for func TestIntegration_Redpanda_UnhandledRecordsSurviveAConsumerRestart over *_test.go	HOLDS	
docs/build/REQUIREMENTS_TRACEABILITY.md	381	testname	TestGolden_Risk	grep for func TestGolden_Risk over *_test.go	HOLDS	
docs/build/REQUIREMENTS_TRACEABILITY.md	381	testname	TestIntegration_HealthSamples_WriteAndRead	grep for func TestIntegration_HealthSamples_WriteAndRead over *_test.go	HOLDS	
docs/build/REQUIREMENTS_TRACEABILITY.md	381	testname	TestMultiObserver_BothUnhealthy	grep for func TestMultiObserver_BothUnhealthy over *_test.go	HOLDS	
docs/build/REQUIREMENTS_TRACEABILITY.md	381	testname	TestMultiObserver_UnhealthyObserverStillObservedButCannotRaise	grep for func TestMultiObserver_UnhealthyObserverStillObservedButCannotRaise over *_test.go	HOLDS	
docs/build/REQUIREMENTS_TRACEABILITY.md	381	testname	TestProp_NeverImprovesWithoutSuccessStreak	grep for func TestProp_NeverImprovesWithoutSuccessStreak over *_test.go	HOLDS	
docs/build/REQUIREMENTS_TRACEABILITY.md	381	testname	TestThresholds_Validate	grep for func TestThresholds_Validate over *_test.go	HOLDS	
docs/build/REQUIREMENTS_TRACEABILITY.md	381	testname	TestTracker_DisableOverridesObservation	grep for func TestTracker_DisableOverridesObservation over *_test.go	HOLDS	
docs/build/REQUIREMENTS_TRACEABILITY.md	381	testname	TestTracker_InsufficientEvidenceHolds	grep for func TestTracker_InsufficientEvidenceHolds over *_test.go	HOLDS	
docs/build/REQUIREMENTS_TRACEABILITY.md	381	testname	TestTracker_LatencyAndStaleness	grep for func TestTracker_LatencyAndStaleness over *_test.go	HOLDS	
docs/build/REQUIREMENTS_TRACEABILITY.md	382	testname	TestChaos_BrokerStallNeverMarksOutboxPublished	grep for func TestChaos_BrokerStallNeverMarksOutboxPublished over *_test.go	HOLDS	
docs/build/REQUIREMENTS_TRACEABILITY.md	382	testname	TestIntegration_Redpanda_ProducerErrorIsNeverReportedAsSuccess	grep for func TestIntegration_Redpanda_ProducerErrorIsNeverReportedAsSuccess over *_test.go	HOLDS	
docs/build/REQUIREMENTS_TRACEABILITY.md	382	testname	TestIntegration_RelayPublishesOnlyCommittedRows	grep for func TestIntegration_RelayPublishesOnlyCommittedRows over *_test.go	HOLDS	
docs/build/REQUIREMENTS_TRACEABILITY.md	382	testname	TestIntegration_RelayRunBacksOffWhileBusIsDown	grep for func TestIntegration_RelayRunBacksOffWhileBusIsDown over *_test.go	HOLDS	
docs/build/REQUIREMENTS_TRACEABILITY.md	382	testname	TestNew_UnreachableBrokerIsAStartupFailure	grep for func TestNew_UnreachableBrokerIsAStartupFailure over *_test.go	HOLDS	
docs/build/REQUIREMENTS_TRACEABILITY.md	383	testname	TestIntegration_ClickHouse_MarketPricesAreExactInt128	grep for func TestIntegration_ClickHouse_MarketPricesAreExactInt128 over *_test.go	HOLDS	
docs/build/REQUIREMENTS_TRACEABILITY.md	383	testname	TestIntegration_Compute_OverSeededLedger	grep for func TestIntegration_Compute_OverSeededLedger over *_test.go	HOLDS	
docs/build/REQUIREMENTS_TRACEABILITY.md	383	testname	TestProp_ClickHouse_SnapshotNeverReturnsFutureKnowledge	grep for func TestProp_ClickHouse_SnapshotNeverReturnsFutureKnowledge over *_test.go	HOLDS	
docs/build/REQUIREMENTS_TRACEABILITY.md	383	testname	TestSQLInjection_ExcludedTreesAreOffTheRequestPath	grep for func TestSQLInjection_ExcludedTreesAreOffTheRequestPath over *_test.go	HOLDS	
docs/build/REQUIREMENTS_TRACEABILITY.md	384	testname	TestDataSource_DefaultChainRegistrationIsBlockedUntilLicensed	grep for func TestDataSource_DefaultChainRegistrationIsBlockedUntilLicensed over *_test.go	HOLDS	
docs/build/REQUIREMENTS_TRACEABILITY.md	384	testname	TestDataSource_ValidateMirrorsTheDatabaseChecks	grep for func TestDataSource_ValidateMirrorsTheDatabaseChecks over *_test.go	HOLDS	
docs/build/REQUIREMENTS_TRACEABILITY.md	384	testname	TestIntegration_Bootstrap_Idempotent	grep for func TestIntegration_Bootstrap_Idempotent over *_test.go	HOLDS	
docs/build/REQUIREMENTS_TRACEABILITY.md	384	testname	TestIntegration_DataSourceRegistry_PersistenceBlockedWithoutRights	grep for func TestIntegration_DataSourceRegistry_PersistenceBlockedWithoutRights over *_test.go	HOLDS	
docs/build/REQUIREMENTS_TRACEABILITY.md	384	testname	TestRetentionPolicy_MapsEveryClassFromConfig	grep for func TestRetentionPolicy_MapsEveryClassFromConfig over *_test.go	HOLDS	
docs/build/REQUIREMENTS_TRACEABILITY.md	384	testname	TestRetentionPolicy_UnconfiguredClassNeverInventsRetention	grep for func TestRetentionPolicy_UnconfiguredClassNeverInventsRetention over *_test.go	HOLDS	
docs/build/REQUIREMENTS_TRACEABILITY.md	384	testname	TestRetention_ProductionRefusesZeroAuditRetention	grep for func TestRetention_ProductionRefusesZeroAuditRetention over *_test.go	HOLDS	
docs/build/REQUIREMENTS_TRACEABILITY.md	385	testname	TestAvailabilityPolicy_Rules	grep for func TestAvailabilityPolicy_Rules over *_test.go	HOLDS	
docs/build/REQUIREMENTS_TRACEABILITY.md	385	testname	TestChainNormalizer_UnknownBlockTimeFallsBackToReceipt	grep for func TestChainNormalizer_UnknownBlockTimeFallsBackToReceipt over *_test.go	HOLDS	
docs/build/REQUIREMENTS_TRACEABILITY.md	385	testname	TestIntegration_PriceStore_LatestAndStaleness	grep for func TestIntegration_PriceStore_LatestAndStaleness over *_test.go	HOLDS	
docs/build/REQUIREMENTS_TRACEABILITY.md	385	testname	TestPriceStore_Latest_NonPositiveMaxAgeIsStale	grep for func TestPriceStore_Latest_NonPositiveMaxAgeIsStale over *_test.go	HOLDS	
docs/build/REQUIREMENTS_TRACEABILITY.md	385	testname	TestProp_AgeNeverShrinksWithProviderClockAhead	grep for func TestProp_AgeNeverShrinksWithProviderClockAhead over *_test.go	HOLDS	
docs/build/REQUIREMENTS_TRACEABILITY.md	385	testname	TestProp_AvailabilityPolicyOrdersPlatformClocks	grep for func TestProp_AvailabilityPolicyOrdersPlatformClocks over *_test.go	HOLDS	
docs/build/REQUIREMENTS_TRACEABILITY.md	386	testname	TestCompositeHash_NoFieldBoundaryCollisions	grep for func TestCompositeHash_NoFieldBoundaryCollisions over *_test.go	HOLDS	
docs/build/REQUIREMENTS_TRACEABILITY.md	386	testname	TestDedupID_Strategies	grep for func TestDedupID_Strategies over *_test.go	HOLDS	
docs/build/REQUIREMENTS_TRACEABILITY.md	386	testname	TestIntegration_ClickHouse_NormalizedRoundTripAndReplacingDedup	grep for func TestIntegration_ClickHouse_NormalizedRoundTripAndReplacingDedup over *_test.go	HOLDS	
docs/build/REQUIREMENTS_TRACEABILITY.md	386	testname	TestIntegration_RawArchive_IndexesDedupsAndVerifies	grep for func TestIntegration_RawArchive_IndexesDedupsAndVerifies over *_test.go	HOLDS	
docs/build/REQUIREMENTS_TRACEABILITY.md	386	testname	TestProp_DedupCollapsesDuplicatesToOne	grep for func TestProp_DedupCollapsesDuplicatesToOne over *_test.go	HOLDS	
docs/build/REQUIREMENTS_TRACEABILITY.md	387	testname	TestChainNormalizer_ReconnectYieldsNoEventAndCompositeStrategy	grep for func TestChainNormalizer_ReconnectYieldsNoEventAndCompositeStrategy over *_test.go	HOLDS	
docs/build/REQUIREMENTS_TRACEABILITY.md	387	testname	TestDetector_EveryGapKind	grep for func TestDetector_EveryGapKind over *_test.go	HOLDS	
docs/build/REQUIREMENTS_TRACEABILITY.md	387	testname	TestIntegration_Checkpoints_GapsResolutionAndContinuity	grep for func TestIntegration_Checkpoints_GapsResolutionAndContinuity over *_test.go	HOLDS	
docs/build/REQUIREMENTS_TRACEABILITY.md	387	testname	TestIntegration_Pipeline_ArchiveNormalizePublishCheckpoint	grep for func TestIntegration_Pipeline_ArchiveNormalizePublishCheckpoint over *_test.go	HOLDS	
docs/build/REQUIREMENTS_TRACEABILITY.md	387	testname	TestUsage_NamesEveryCommandAndVariable	grep for func TestUsage_NamesEveryCommandAndVariable over *_test.go	HOLDS	
docs/build/REQUIREMENTS_TRACEABILITY.md	387	testname	TestWindow_LooksBackFromNow	grep for func TestWindow_LooksBackFromNow over *_test.go	HOLDS	
docs/build/REQUIREMENTS_TRACEABILITY.md	388	testname	TestIntegration_ClickHouse_LookAheadLeakage	grep for func TestIntegration_ClickHouse_LookAheadLeakage over *_test.go	HOLDS	
docs/build/REQUIREMENTS_TRACEABILITY.md	388	testname	TestProp_ClickHouse_SnapshotNeverReturnsFutureKnowledge	grep for func TestProp_ClickHouse_SnapshotNeverReturnsFutureKnowledge over *_test.go	HOLDS	
docs/build/REQUIREMENTS_TRACEABILITY.md	388	testname	TestProp_NormalizerTimestampInvariant	grep for func TestProp_NormalizerTimestampInvariant over *_test.go	HOLDS	
docs/build/REQUIREMENTS_TRACEABILITY.md	395	testname	TestIntegration_EveryDeclaredEnumMatchesItsCheck	grep for func TestIntegration_EveryDeclaredEnumMatchesItsCheck over *_test.go	HOLDS	
docs/build/REQUIREMENTS_TRACEABILITY.md	395	testname	TestIntegration_TheStageModeMappingMatchesTheDatabase	grep for func TestIntegration_TheStageModeMappingMatchesTheDatabase over *_test.go	HOLDS	
docs/build/REQUIREMENTS_TRACEABILITY.md	395	testname	TestModeMappingMirrorsTheDatabaseCheck	grep for func TestModeMappingMirrorsTheDatabaseCheck over *_test.go	HOLDS	
docs/build/REQUIREMENTS_TRACEABILITY.md	395	testname	TestModesAreDeclaredAndClosed	grep for func TestModesAreDeclaredAndClosed over *_test.go	HOLDS	
docs/build/REQUIREMENTS_TRACEABILITY.md	395	testname	TestRunIdentityModeAndLinkageAreImmutable	grep for func TestRunIdentityModeAndLinkageAreImmutable over *_test.go	HOLDS	
docs/build/REQUIREMENTS_TRACEABILITY.md	395	testname	TestTheThreeModeListsAgreeWithEachOther	grep for func TestTheThreeModeListsAgreeWithEachOther over *_test.go	HOLDS	
docs/build/REQUIREMENTS_TRACEABILITY.md	400	testname	TestIntegration_EveryDeclaredEnumMatchesItsCheck	grep for func TestIntegration_EveryDeclaredEnumMatchesItsCheck over *_test.go	HOLDS	
docs/build/REQUIREMENTS_TRACEABILITY.md	400	testname	TestIntegration_IdentityIsImmutable	grep for func TestIntegration_IdentityIsImmutable over *_test.go	HOLDS	
docs/build/REQUIREMENTS_TRACEABILITY.md	400	testname	TestIntegration_Migrations	grep for func TestIntegration_Migrations over *_test.go	HOLDS	
docs/build/REQUIREMENTS_TRACEABILITY.md	400	testname	TestIntegration_TheStageModeMappingMatchesTheDatabase	grep for func TestIntegration_TheStageModeMappingMatchesTheDatabase over *_test.go	HOLDS	
docs/build/REQUIREMENTS_TRACEABILITY.md	400	testname	TestModeMappingMirrorsTheDatabaseCheck	grep for func TestModeMappingMirrorsTheDatabaseCheck over *_test.go	HOLDS	
docs/build/REQUIREMENTS_TRACEABILITY.md	400	testname	TestModesAreDeclaredAndClosed	grep for func TestModesAreDeclaredAndClosed over *_test.go	HOLDS	
docs/build/REQUIREMENTS_TRACEABILITY.md	400	testname	TestPredictionIsImmutable	grep for func TestPredictionIsImmutable over *_test.go	HOLDS	
docs/build/REQUIREMENTS_TRACEABILITY.md	400	testname	TestRunIdentityModeAndLinkageAreImmutable	grep for func TestRunIdentityModeAndLinkageAreImmutable over *_test.go	HOLDS	
docs/build/REQUIREMENTS_TRACEABILITY.md	400	testname	TestStatusAndModeSets	grep for func TestStatusAndModeSets over *_test.go	HOLDS	
docs/build/REQUIREMENTS_TRACEABILITY.md	400	testname	TestToolInvocationsAreImmutable	grep for func TestToolInvocationsAreImmutable over *_test.go	HOLDS	
docs/build/REQUIREMENTS_TRACEABILITY.md	401	testname	TestCommitRefusesAnInformationSetFromTheFuture	grep for func TestCommitRefusesAnInformationSetFromTheFuture over *_test.go	HOLDS	
docs/build/REQUIREMENTS_TRACEABILITY.md	401	testname	TestIntegration_ClickHouse_LookAheadLeakage	grep for func TestIntegration_ClickHouse_LookAheadLeakage over *_test.go	HOLDS	
docs/build/REQUIREMENTS_TRACEABILITY.md	401	testname	TestProp_ClickHouse_SnapshotNeverReturnsFutureKnowledge	grep for func TestProp_ClickHouse_SnapshotNeverReturnsFutureKnowledge over *_test.go	HOLDS	
docs/build/REQUIREMENTS_TRACEABILITY.md	401	testname	TestUsableAtRefusesLookAhead	grep for func TestUsableAtRefusesLookAhead over *_test.go	HOLDS	
docs/build/REQUIREMENTS_TRACEABILITY.md	402	testname	TestIntegration_Migrations	grep for func TestIntegration_Migrations over *_test.go	HOLDS	
docs/build/REQUIREMENTS_TRACEABILITY.md	408	testname	FuzzCanonicalJSON	grep for func FuzzCanonicalJSON over *_test.go	HOLDS	
docs/build/REQUIREMENTS_TRACEABILITY.md	408	testname	TestCanonicalJSON_StructFieldOrderIrrelevant	grep for func TestCanonicalJSON_StructFieldOrderIrrelevant over *_test.go	HOLDS	
docs/build/REQUIREMENTS_TRACEABILITY.md	408	testname	TestIntegration_AppendLinksAndVerifies	grep for func TestIntegration_AppendLinksAndVerifies over *_test.go	HOLDS	
docs/build/REQUIREMENTS_TRACEABILITY.md	408	testname	TestIntegration_CheckpointRowsAreImmutableAndChained	grep for func TestIntegration_CheckpointRowsAreImmutableAndChained over *_test.go	HOLDS	
docs/build/REQUIREMENTS_TRACEABILITY.md	408	testname	TestIntegration_CheckpointsChainAndCoverContiguously	grep for func TestIntegration_CheckpointsChainAndCoverContiguously over *_test.go	HOLDS	
docs/build/REQUIREMENTS_TRACEABILITY.md	408	testname	TestIntegration_CleanCheckpointVerifiesAndRecordsRun	grep for func TestIntegration_CleanCheckpointVerifiesAndRecordsRun over *_test.go	HOLDS	
docs/build/REQUIREMENTS_TRACEABILITY.md	408	testname	TestIntegration_TamperIsDetectedAtExactSeq	grep for func TestIntegration_TamperIsDetectedAtExactSeq over *_test.go	HOLDS	
docs/build/REQUIREMENTS_TRACEABILITY.md	408	testname	TestKMSSigner_SignUsesDigestAndECDSASHA256	grep for func TestKMSSigner_SignUsesDigestAndECDSASHA256 over *_test.go	HOLDS	
docs/build/REQUIREMENTS_TRACEABILITY.md	408	testname	TestMerkle_RFC6962InclusionProofVectors	grep for func TestMerkle_RFC6962InclusionProofVectors over *_test.go	HOLDS	
docs/build/REQUIREMENTS_TRACEABILITY.md	408	testname	TestMerkle_RFC6962KnownAnswers	grep for func TestMerkle_RFC6962KnownAnswers over *_test.go	HOLDS	
docs/build/REQUIREMENTS_TRACEABILITY.md	408	testname	TestProp_CanonicalJSON_KeyOrderAndWhitespaceIrrelevant	grep for func TestProp_CanonicalJSON_KeyOrderAndWhitespaceIrrelevant over *_test.go	HOLDS	
docs/build/REQUIREMENTS_TRACEABILITY.md	408	testname	TestProp_RootMatchesNaiveDefinition	grep for func TestProp_RootMatchesNaiveDefinition over *_test.go	HOLDS	
docs/build/REQUIREMENTS_TRACEABILITY.md	409	testname	TestDocument_DigestIsCanonical	grep for func TestDocument_DigestIsCanonical over *_test.go	HOLDS	
docs/build/REQUIREMENTS_TRACEABILITY.md	409	testname	TestIntegration_BundleCollectsEveryLinkWithMembershipProofs	grep for func TestIntegration_BundleCollectsEveryLinkWithMembershipProofs over *_test.go	HOLDS	
docs/build/REQUIREMENTS_TRACEABILITY.md	409	testname	TestIntegration_VerifierNeedsKeysAndArchiveOnceCheckpointsExist	grep for func TestIntegration_VerifierNeedsKeysAndArchiveOnceCheckpointsExist over *_test.go	HOLDS	
docs/build/REQUIREMENTS_TRACEABILITY.md	409	testname	TestMerkle_AdversarialProofsAreRejected	grep for func TestMerkle_AdversarialProofsAreRejected over *_test.go	HOLDS	
docs/build/REQUIREMENTS_TRACEABILITY.md	409	testname	TestMerkle_ProveRejectsOutOfRange	grep for func TestMerkle_ProveRejectsOutOfRange over *_test.go	HOLDS	
docs/build/REQUIREMENTS_TRACEABILITY.md	409	testname	TestProp_MembershipProofsVerify	grep for func TestProp_MembershipProofsVerify over *_test.go	HOLDS	
docs/build/REQUIREMENTS_TRACEABILITY.md	409	testname	TestUsage_NamesEveryCommandAndVariable	grep for func TestUsage_NamesEveryCommandAndVariable over *_test.go	HOLDS	
docs/build/REQUIREMENTS_TRACEABILITY.md	410	testname	TestEventValidate	grep for func TestEventValidate over *_test.go	HOLDS	
docs/build/REQUIREMENTS_TRACEABILITY.md	410	testname	TestEventValidate_AcceptsEveryDeclaredActorTypeIncludingAgent	grep for func TestEventValidate_AcceptsEveryDeclaredActorTypeIncludingAgent over *_test.go	HOLDS	
docs/build/REQUIREMENTS_TRACEABILITY.md	410	testname	TestHashRecordShape	grep for func TestHashRecordShape over *_test.go	HOLDS	
docs/build/REQUIREMENTS_TRACEABILITY.md	410	testname	TestIntegration_RowsAreImmutable	grep for func TestIntegration_RowsAreImmutable over *_test.go	HOLDS	
docs/build/REQUIREMENTS_TRACEABILITY.md	410	testname	TestIntegration_ValidationHappensBeforeAnyWrite	grep for func TestIntegration_ValidationHappensBeforeAnyWrite over *_test.go	HOLDS	
docs/build/REQUIREMENTS_TRACEABILITY.md	411	testname	TestDirArchive_PutGetWriteOnce	grep for func TestDirArchive_PutGetWriteOnce over *_test.go	HOLDS	
docs/build/REQUIREMENTS_TRACEABILITY.md	411	testname	TestDirArchive_RefusedInProductionLikeEnvironments	grep for func TestDirArchive_RefusedInProductionLikeEnvironments over *_test.go	HOLDS	
docs/build/REQUIREMENTS_TRACEABILITY.md	411	testname	TestIntegration_RawArchive_VerifySweepFindsEveryCorruptedObject	grep for func TestIntegration_RawArchive_VerifySweepFindsEveryCorruptedObject over *_test.go	HOLDS	
docs/build/REQUIREMENTS_TRACEABILITY.md	411	testname	TestIntegration_S3_AuditBucketObjectLockRefusesEarlyDeletion	grep for func TestIntegration_S3_AuditBucketObjectLockRefusesEarlyDeletion over *_test.go	HOLDS	
docs/build/REQUIREMENTS_TRACEABILITY.md	411	testname	TestIntegration_S3_RetentionOnUnlockedBucketIsRejected	grep for func TestIntegration_S3_RetentionOnUnlockedBucketIsRejected over *_test.go	HOLDS	
docs/build/REQUIREMENTS_TRACEABILITY.md	411	testname	TestIntegration_TamperingIsDetected	grep for func TestIntegration_TamperingIsDetected over *_test.go	HOLDS	
docs/build/REQUIREMENTS_TRACEABILITY.md	411	testname	TestValidate_ProdRulesIndividually	grep for func TestValidate_ProdRulesIndividually over *_test.go	HOLDS	
docs/build/REQUIREMENTS_TRACEABILITY.md	412	testname	TestIntegration_KeyRotation	grep for func TestIntegration_KeyRotation over *_test.go	HOLDS	
docs/build/REQUIREMENTS_TRACEABILITY.md	412	testname	TestIntegration_RefusesToCheckpointABrokenChain	grep for func TestIntegration_RefusesToCheckpointABrokenChain over *_test.go	HOLDS	
docs/build/REQUIREMENTS_TRACEABILITY.md	412	testname	TestIntegration_TamperIsDetectedAtExactSeq	grep for func TestIntegration_TamperIsDetectedAtExactSeq over *_test.go	HOLDS	
docs/build/REQUIREMENTS_TRACEABILITY.md	412	testname	TestIntegration_TamperingIsDetected	grep for func TestIntegration_TamperingIsDetected over *_test.go	HOLDS	
docs/build/REQUIREMENTS_TRACEABILITY.md	412	testname	TestKeySet_UnknownRevokedAndInvalidAreDistinct	grep for func TestKeySet_UnknownRevokedAndInvalidAreDistinct over *_test.go	HOLDS	
docs/build/REQUIREMENTS_TRACEABILITY.md	412	testname	TestMerkle_AdversarialProofsAreRejected	grep for func TestMerkle_AdversarialProofsAreRejected over *_test.go	HOLDS	
docs/build/REQUIREMENTS_TRACEABILITY.md	412	testname	TestRun_LocalKeyRefusedInProductionLikeEnv	grep for func TestRun_LocalKeyRefusedInProductionLikeEnv over *_test.go	HOLDS	
docs/build/REQUIREMENTS_TRACEABILITY.md	412	testname	TestRun_UsageErrors	grep for func TestRun_UsageErrors over *_test.go	HOLDS	
docs/build/REQUIREMENTS_TRACEABILITY.md	413	route	GET /version	grep the api.gen.go route table	HOLDS	
docs/build/REQUIREMENTS_TRACEABILITY.md	413	testname	TestGolden_Eligibility	grep for func TestGolden_Eligibility over *_test.go	HOLDS	
docs/build/REQUIREMENTS_TRACEABILITY.md	413	testname	TestGolden_Risk	grep for func TestGolden_Risk over *_test.go	HOLDS	
docs/build/REQUIREMENTS_TRACEABILITY.md	413	testname	TestHashRecordShape	grep for func TestHashRecordShape over *_test.go	HOLDS	
docs/build/REQUIREMENTS_TRACEABILITY.md	413	testname	TestHash_CanonicalJSONSortsKeys	grep for func TestHash_CanonicalJSONSortsKeys over *_test.go	HOLDS	
docs/build/REQUIREMENTS_TRACEABILITY.md	413	testname	TestHash_StableAndExcludesSecrets	grep for func TestHash_StableAndExcludesSecrets over *_test.go	HOLDS	
docs/build/REQUIREMENTS_TRACEABILITY.md	413	testname	TestSystemEndpoints	grep for func TestSystemEndpoints over *_test.go	HOLDS	
docs/build/REQUIREMENTS_TRACEABILITY.md	414	testname	TestHashRecordShape	grep for func TestHashRecordShape over *_test.go	HOLDS	
docs/build/REQUIREMENTS_TRACEABILITY.md	414	testname	TestIntegration_AppendLinksAndVerifies	grep for func TestIntegration_AppendLinksAndVerifies over *_test.go	HOLDS	
docs/build/REQUIREMENTS_TRACEABILITY.md	415	testname	TestIntegration_RefusesToCheckpointABrokenChain	grep for func TestIntegration_RefusesToCheckpointABrokenChain over *_test.go	HOLDS	
docs/build/REQUIREMENTS_TRACEABILITY.md	415	testname	TestIntegration_TamperIsDetectedAtExactSeq	grep for func TestIntegration_TamperIsDetectedAtExactSeq over *_test.go	HOLDS	
docs/build/REQUIREMENTS_TRACEABILITY.md	415	testname	TestIntegration_TamperingIsDetected	grep for func TestIntegration_TamperingIsDetected over *_test.go	HOLDS	
docs/build/REQUIREMENTS_TRACEABILITY.md	415	testname	TestMerkle_AdversarialProofsAreRejected	grep for func TestMerkle_AdversarialProofsAreRejected over *_test.go	HOLDS	
docs/build/REQUIREMENTS_TRACEABILITY.md	421	route	GET /events/stream	grep the api.gen.go route table	HOLDS	
docs/build/REQUIREMENTS_TRACEABILITY.md	421	testname	TestE2E_SSEStreamDeliversAcrossProcesses	grep for func TestE2E_SSEStreamDeliversAcrossProcesses over *_test.go	HOLDS	
docs/build/REQUIREMENTS_TRACEABILITY.md	421	testname	TestEventIDs_SurviveARestart	grep for func TestEventIDs_SurviveARestart over *_test.go	HOLDS	
docs/build/REQUIREMENTS_TRACEABILITY.md	421	testname	TestEventStreamEndsWhenTheProcessDrains	grep for func TestEventStreamEndsWhenTheProcessDrains over *_test.go	HOLDS	
docs/build/REQUIREMENTS_TRACEABILITY.md	421	testname	TestEventStreamRefusesAnAgent	grep for func TestEventStreamRefusesAnAgent over *_test.go	HOLDS	
docs/build/REQUIREMENTS_TRACEABILITY.md	421	testname	TestEventStream_RealStreamPackageOverARealConnection	grep for func TestEventStream_RealStreamPackageOverARealConnection over *_test.go	HOLDS	
docs/build/REQUIREMENTS_TRACEABILITY.md	421	testname	TestHub_FanOutFilteringAndSummaries	grep for func TestHub_FanOutFilteringAndSummaries over *_test.go	HOLDS	
docs/build/REQUIREMENTS_TRACEABILITY.md	421	testname	TestHub_ResumeAndResync	grep for func TestHub_ResumeAndResync over *_test.go	HOLDS	
docs/build/REQUIREMENTS_TRACEABILITY.md	421	testname	TestHub_SlowSubscriberDropped	grep for func TestHub_SlowSubscriberDropped over *_test.go	HOLDS	
docs/build/REQUIREMENTS_TRACEABILITY.md	421	testname	TestSSEHandler_FramingHeartbeatAndAuth	grep for func TestSSEHandler_FramingHeartbeatAndAuth over *_test.go	HOLDS	
docs/build/REQUIREMENTS_TRACEABILITY.md	421	testname	TestSSE_CapsConcurrentStreamsPerPerson	grep for func TestSSE_CapsConcurrentStreamsPerPerson over *_test.go	HOLDS	
docs/build/REQUIREMENTS_TRACEABILITY.md	421	testname	TestSSE_DeliversANotificationAndADataChangeAfterAnEmit	grep for func TestSSE_DeliversANotificationAndADataChangeAfterAnEmit over *_test.go	HOLDS	
docs/build/REQUIREMENTS_TRACEABILITY.md	421	testname	TestSSE_ResumesFromTheDurableRecordBeforeTheBuffer	grep for func TestSSE_ResumesFromTheDurableRecordBeforeTheBuffer over *_test.go	HOLDS	
docs/build/REQUIREMENTS_TRACEABILITY.md	421	testname	TestSubscribe_ResyncsWhateverTheBufferCannotProve	grep for func TestSubscribe_ResyncsWhateverTheBufferCannotProve over *_test.go	HOLDS	
docs/build/REQUIREMENTS_TRACEABILITY.md	421	testname	TestVisibility_ANotificationGoesToItsRecipientAndNobodyElse	grep for func TestVisibility_ANotificationGoesToItsRecipientAndNobodyElse over *_test.go	HOLDS	
docs/build/REQUIREMENTS_TRACEABILITY.md	425	route	POST /quotes/preview	grep the api.gen.go route table	HOLDS	
docs/build/REQUIREMENTS_TRACEABILITY.md	425	testname	TestQuotePreviewDisclosesEveryFeeAsAString	grep for func TestQuotePreviewDisclosesEveryFeeAsAString over *_test.go	HOLDS	
docs/build/REQUIREMENTS_TRACEABILITY.md	430	route	GET /accounts/{accountId}/activity	grep the api.gen.go route table	HOLDS	
docs/build/REQUIREMENTS_TRACEABILITY.md	430	testname	TestIntegration_ReadModelQueries	grep for func TestIntegration_ReadModelQueries over *_test.go	HOLDS	
docs/build/REQUIREMENTS_TRACEABILITY.md	431	testname	TestSessionRevocationIsScopedToTheCaller	grep for func TestSessionRevocationIsScopedToTheCaller over *_test.go	HOLDS	
docs/build/REQUIREMENTS_TRACEABILITY.md	431	testname	TestWithdrawalRefusedByTheCapabilityGate	grep for func TestWithdrawalRefusedByTheCapabilityGate over *_test.go	HOLDS	
docs/build/REQUIREMENTS_TRACEABILITY.md	436	path	cmd/api	ls cmd/api	HOLDS	
docs/build/REQUIREMENTS_TRACEABILITY.md	436	path	internal/notification	ls internal/notification	HOLDS	
docs/build/REQUIREMENTS_TRACEABILITY.md	436	path	internal/notifications	ls internal/notifications	HOLDS	
docs/build/REQUIREMENTS_TRACEABILITY.md	436	path	test/integration/enums	ls test/integration/enums	HOLDS	
docs/build/REQUIREMENTS_TRACEABILITY.md	436	testname	TestIntegration_ANewSessionTellsThePersonWhoSignedIn	grep for func TestIntegration_ANewSessionTellsThePersonWhoSignedIn over *_test.go	HOLDS	
docs/build/REQUIREMENTS_TRACEABILITY.md	436	testname	TestIntegration_ANotificationExistsOnlyIfItsTransactionCommitted	grep for func TestIntegration_ANotificationExistsOnlyIfItsTransactionCommitted over *_test.go	HOLDS	
docs/build/REQUIREMENTS_TRACEABILITY.md	436	testname	TestIntegration_ASwitchedOffKindIsNotWrittenAndAFixedOneIgnoresTheSwitch	grep for func TestIntegration_ASwitchedOffKindIsNotWrittenAndAFixedOneIgnoresTheSwitch over *_test.go	HOLDS	
docs/build/REQUIREMENTS_TRACEABILITY.md	436	testname	TestIntegration_AnAccountLeavingActiveTellsItsOwner	grep for func TestIntegration_AnAccountLeavingActiveTellsItsOwner over *_test.go	HOLDS	
docs/build/REQUIREMENTS_TRACEABILITY.md	436	testname	TestIntegration_EmitIsIdempotentOnKindRefAndOccurrence	grep for func TestIntegration_EmitIsIdempotentOnKindRefAndOccurrence over *_test.go	HOLDS	
docs/build/REQUIREMENTS_TRACEABILITY.md	436	testname	TestIntegration_EveryDeclaredEnumMatchesItsCheck	grep for func TestIntegration_EveryDeclaredEnumMatchesItsCheck over *_test.go	HOLDS	
docs/build/REQUIREMENTS_TRACEABILITY.md	436	testname	TestIntegration_TheFollowerNotifiesOnceForACapturedPurchase	grep for func TestIntegration_TheFollowerNotifiesOnceForACapturedPurchase over *_test.go	HOLDS	
docs/build/REQUIREMENTS_TRACEABILITY.md	436	testname	TestKinds_TheCheckAdmitsEveryNameEitherPackageDeclares	grep for func TestKinds_TheCheckAdmitsEveryNameEitherPackageDeclares over *_test.go	HOLDS	
docs/build/REQUIREMENTS_TRACEABILITY.md	437	route	GET /accounts/{accountId}/export	grep the api.gen.go route table	HOLDS	
docs/build/REQUIREMENTS_TRACEABILITY.md	437	testname	TestCrossTenantAccessIsRefused	grep for func TestCrossTenantAccessIsRefused over *_test.go	HOLDS	
docs/build/REQUIREMENTS_TRACEABILITY.md	437	testname	TestExportRejectsAnInvertedWindow	grep for func TestExportRejectsAnInvertedWindow over *_test.go	HOLDS	
docs/build/REQUIREMENTS_TRACEABILITY.md	437	testname	TestExportRendersJSONAndCSV	grep for func TestExportRendersJSONAndCSV over *_test.go	HOLDS	
docs/build/REQUIREMENTS_TRACEABILITY.md	437	testname	TestIDOR_CoversEveryAccountScopedRoute	grep for func TestIDOR_CoversEveryAccountScopedRoute over *_test.go	HOLDS	
docs/build/REQUIREMENTS_TRACEABILITY.md	438	testname	TestBusinessRejectionsReachTheWireWithTheirCode	grep for func TestBusinessRejectionsReachTheWireWithTheirCode over *_test.go	HOLDS	
docs/build/REQUIREMENTS_TRACEABILITY.md	446	route	GET /admin/providers	grep the api.gen.go route table	HOLDS	
docs/build/REQUIREMENTS_TRACEABILITY.md	446	testname	TestAuthorityGolden	grep for func TestAuthorityGolden over *_test.go	HOLDS	
docs/build/REQUIREMENTS_TRACEABILITY.md	446	testname	TestEverySurfaceIsReachableBySomeStandingRole	grep for func TestEverySurfaceIsReachableBySomeStandingRole over *_test.go	HOLDS	
docs/build/REQUIREMENTS_TRACEABILITY.md	446	testname	TestIntegration_AffordanceAgreesWithEnforcement	grep for func TestIntegration_AffordanceAgreesWithEnforcement over *_test.go	HOLDS	
docs/build/REQUIREMENTS_TRACEABILITY.md	446	testname	TestIntegration_AuthorizationMatrix	grep for func TestIntegration_AuthorizationMatrix over *_test.go	HOLDS	
docs/build/REQUIREMENTS_TRACEABILITY.md	446	testname	TestIntegration_KillSwitchReaderUsesTheDomainMatrix	grep for func TestIntegration_KillSwitchReaderUsesTheDomainMatrix over *_test.go	HOLDS	
docs/build/REQUIREMENTS_TRACEABILITY.md	446	testname	TestIntegration_ProposeApproveExecute	grep for func TestIntegration_ProposeApproveExecute over *_test.go	HOLDS	
docs/build/REQUIREMENTS_TRACEABILITY.md	446	testname	TestIntegration_ReadModelQueries	grep for func TestIntegration_ReadModelQueries over *_test.go	HOLDS	
docs/build/REQUIREMENTS_TRACEABILITY.md	446	testname	TestKindTable_Golden	grep for func TestKindTable_Golden over *_test.go	HOLDS	
docs/build/REQUIREMENTS_TRACEABILITY.md	446	testname	TestVisibleSurfacesFollowTheMatrix	grep for func TestVisibleSurfacesFollowTheMatrix over *_test.go	HOLDS	
docs/build/REQUIREMENTS_TRACEABILITY.md	447	route	PATCH /balance	grep the api.gen.go route table	HOLDS	not served, and the paragraph says so
docs/build/REQUIREMENTS_TRACEABILITY.md	447	testname	TestDualControlKindsNeedTwoPeople	grep for func TestDualControlKindsNeedTwoPeople over *_test.go	HOLDS	
docs/build/REQUIREMENTS_TRACEABILITY.md	447	testname	TestIntegration_AppRoleGrantsMatchFinancialModel	grep for func TestIntegration_AppRoleGrantsMatchFinancialModel over *_test.go	HOLDS	
docs/build/REQUIREMENTS_TRACEABILITY.md	447	testname	TestLedger_CorrectionIsNewTransaction	grep for func TestLedger_CorrectionIsNewTransaction over *_test.go	HOLDS	
docs/build/REQUIREMENTS_TRACEABILITY.md	447	testname	TestNoBalanceEditKindExists	grep for func TestNoBalanceEditKindExists over *_test.go	HOLDS	
docs/build/REQUIREMENTS_TRACEABILITY.md	447	testname	TestNoSurfaceOffersABalanceEdit	grep for func TestNoSurfaceOffersABalanceEdit over *_test.go	HOLDS	
docs/build/REQUIREMENTS_TRACEABILITY.md	447	testname	TestThereIsNoBalanceEditingEndpoint	grep for func TestThereIsNoBalanceEditingEndpoint over *_test.go	HOLDS	
docs/build/REQUIREMENTS_TRACEABILITY.md	447	testname	TestThereIsNoSigningWalletOrPolicyEndpoint	grep for func TestThereIsNoSigningWalletOrPolicyEndpoint over *_test.go	HOLDS	
docs/build/REQUIREMENTS_TRACEABILITY.md	448	testname	TestAdminCommandsDeclareStepUp	grep for func TestAdminCommandsDeclareStepUp over *_test.go	HOLDS	
docs/build/REQUIREMENTS_TRACEABILITY.md	448	testname	TestDualControl_AProposerCannotApproveItsOwnAction	grep for func TestDualControl_AProposerCannotApproveItsOwnAction over *_test.go	HOLDS	
docs/build/REQUIREMENTS_TRACEABILITY.md	448	testname	TestDualControl_RejectionIsAlsoTwoPersonAndCancellationIsNot	grep for func TestDualControl_RejectionIsAlsoTwoPersonAndCancellationIsNot over *_test.go	HOLDS	
docs/build/REQUIREMENTS_TRACEABILITY.md	448	testname	TestGateActionRequiresAReason	grep for func TestGateActionRequiresAReason over *_test.go	HOLDS	
docs/build/REQUIREMENTS_TRACEABILITY.md	448	testname	TestIntegration_AdminStreamVerifiesAfterEverything	grep for func TestIntegration_AdminStreamVerifiesAfterEverything over *_test.go	HOLDS	
docs/build/REQUIREMENTS_TRACEABILITY.md	448	testname	TestIntegration_ApproveRefusesAPrincipalLackingTheApprovePermission	grep for func TestIntegration_ApproveRefusesAPrincipalLackingTheApprovePermission over *_test.go	HOLDS	
docs/build/REQUIREMENTS_TRACEABILITY.md	448	testname	TestIntegration_ExpiredBreakGlassElevationIsNotHonoured	grep for func TestIntegration_ExpiredBreakGlassElevationIsNotHonoured over *_test.go	HOLDS	
docs/build/REQUIREMENTS_TRACEABILITY.md	448	testname	TestIntegration_ProposerCannotApproveTheirOwnActionOverHTTP	grep for func TestIntegration_ProposerCannotApproveTheirOwnActionOverHTTP over *_test.go	HOLDS	
docs/build/REQUIREMENTS_TRACEABILITY.md	448	testname	TestIntegration_ReleaseApprovalCannotBeReplayedAgainstAnotherSwitch	grep for func TestIntegration_ReleaseApprovalCannotBeReplayedAgainstAnotherSwitch over *_test.go	HOLDS	
docs/build/REQUIREMENTS_TRACEABILITY.md	448	testname	TestStepUp_AdminWritesRequireRecentStrongAuthentication	grep for func TestStepUp_AdminWritesRequireRecentStrongAuthentication over *_test.go	HOLDS	
docs/build/REQUIREMENTS_TRACEABILITY.md	449	route	GET /admin/kill-switches	grep the api.gen.go route table	HOLDS	
docs/build/REQUIREMENTS_TRACEABILITY.md	449	testname	TestIntegration_GlobalKill_BlocksNewRiskNotReconciliation	grep for func TestIntegration_GlobalKill_BlocksNewRiskNotReconciliation over *_test.go	HOLDS	
docs/build/REQUIREMENTS_TRACEABILITY.md	449	testname	TestIntegration_KillSwitchNeverStopsReconciliation	grep for func TestIntegration_KillSwitchNeverStopsReconciliation over *_test.go	HOLDS	
docs/build/REQUIREMENTS_TRACEABILITY.md	449	testname	TestIntegration_KillSwitchReaderUsesTheDomainMatrix	grep for func TestIntegration_KillSwitchReaderUsesTheDomainMatrix over *_test.go	HOLDS	
docs/build/REQUIREMENTS_TRACEABILITY.md	449	testname	TestIntegration_StandardSwitch_ScopedAndReleasedWithStepUp	grep for func TestIntegration_StandardSwitch_ScopedAndReleasedWithStepUp over *_test.go	HOLDS	
docs/build/REQUIREMENTS_TRACEABILITY.md	449	testname	TestIntegration_Worker_KillSwitchHaltsTradingNotSettlement	grep for func TestIntegration_Worker_KillSwitchHaltsTradingNotSettlement over *_test.go	HOLDS	
docs/build/REQUIREMENTS_TRACEABILITY.md	449	testname	TestKillSwitchActivationDoesNotRequireStepUp	grep for func TestKillSwitchActivationDoesNotRequireStepUp over *_test.go	HOLDS	
docs/build/REQUIREMENTS_TRACEABILITY.md	449	testname	TestProp_GlobalKillNeverStopsRiskReduction	grep for func TestProp_GlobalKillNeverStopsRiskReduction over *_test.go	HOLDS	
docs/build/REQUIREMENTS_TRACEABILITY.md	449	testname	TestProp_NewRiskNeverAllowedUnderGlobalKill	grep for func TestProp_NewRiskNeverAllowedUnderGlobalKill over *_test.go	HOLDS	
docs/build/REQUIREMENTS_TRACEABILITY.md	450	testname	TestEverySurfaceIsReachableBySomeStandingRole	grep for func TestEverySurfaceIsReachableBySomeStandingRole over *_test.go	HOLDS	
docs/build/REQUIREMENTS_TRACEABILITY.md	450	testname	TestIntegration_ReadModelQueries	grep for func TestIntegration_ReadModelQueries over *_test.go	HOLDS	
docs/build/REQUIREMENTS_TRACEABILITY.md	450	testname	TestVisibleSurfacesFollowTheMatrix	grep for func TestVisibleSurfacesFollowTheMatrix over *_test.go	HOLDS	
docs/build/REQUIREMENTS_TRACEABILITY.md	451	testname	TestCustomerPrincipalCannotReachAnyAdminRoute	grep for func TestCustomerPrincipalCannotReachAnyAdminRoute over *_test.go	HOLDS	
docs/build/REQUIREMENTS_TRACEABILITY.md	451	testname	TestIntegration_AffordanceAgreesWithEnforcement	grep for func TestIntegration_AffordanceAgreesWithEnforcement over *_test.go	HOLDS	
docs/build/REQUIREMENTS_TRACEABILITY.md	451	testname	TestIntegration_AgentPrincipalIsRefusedByTheDomainNotOnlyTheBoundary	grep for func TestIntegration_AgentPrincipalIsRefusedByTheDomainNotOnlyTheBoundary over *_test.go	HOLDS	
docs/build/REQUIREMENTS_TRACEABILITY.md	451	testname	TestIntegration_ApprovalNeverCrossesRecordOrKind	grep for func TestIntegration_ApprovalNeverCrossesRecordOrKind over *_test.go	HOLDS	
docs/build/REQUIREMENTS_TRACEABILITY.md	451	testname	TestIntegration_ApproveRefusesAPrincipalLackingTheApprovePermission	grep for func TestIntegration_ApproveRefusesAPrincipalLackingTheApprovePermission over *_test.go	HOLDS	
docs/build/REQUIREMENTS_TRACEABILITY.md	451	testname	TestIntegration_AuthorizationMatrix	grep for func TestIntegration_AuthorizationMatrix over *_test.go	HOLDS	
docs/build/REQUIREMENTS_TRACEABILITY.md	451	testname	TestIntegration_ProposerCannotApproveTheirOwnActionOverHTTP	grep for func TestIntegration_ProposerCannotApproveTheirOwnActionOverHTTP over *_test.go	HOLDS	
docs/build/REQUIREMENTS_TRACEABILITY.md	451	testname	TestIntegration_SelfApprovalIsRefusedByTheDatabaseToo	grep for func TestIntegration_SelfApprovalIsRefusedByTheDatabaseToo over *_test.go	HOLDS	
docs/build/REQUIREMENTS_TRACEABILITY.md	451	testname	TestVectorsAreNotVacuous	grep for func TestVectorsAreNotVacuous over *_test.go	HOLDS	
docs/build/REQUIREMENTS_TRACEABILITY.md	457	testname	FuzzParseSecretRef	grep for func FuzzParseSecretRef over *_test.go	HOLDS	
docs/build/REQUIREMENTS_TRACEABILITY.md	457	testname	TestLogRedaction_EveryBinaryBuildsItsLoggerThroughObservability	grep for func TestLogRedaction_EveryBinaryBuildsItsLoggerThroughObservability over *_test.go	HOLDS	
docs/build/REQUIREMENTS_TRACEABILITY.md	457	testname	TestLogRedaction_TheStandardLoggerNeverEmitsSecrets	grep for func TestLogRedaction_TheStandardLoggerNeverEmitsSecrets over *_test.go	HOLDS	
docs/build/REQUIREMENTS_TRACEABILITY.md	457	testname	TestProp_SecretRefRoundTrip	grep for func TestProp_SecretRefRoundTrip over *_test.go	HOLDS	
docs/build/REQUIREMENTS_TRACEABILITY.md	457	testname	TestResolvers	grep for func TestResolvers over *_test.go	HOLDS	
docs/build/REQUIREMENTS_TRACEABILITY.md	457	testname	TestSecretRef_ValidateFor	grep for func TestSecretRef_ValidateFor over *_test.go	HOLDS	
docs/build/REQUIREMENTS_TRACEABILITY.md	459	testname	TestIntegration_AppRoleGrantsMatchFinancialModel	grep for func TestIntegration_AppRoleGrantsMatchFinancialModel over *_test.go	HOLDS	
docs/build/REQUIREMENTS_TRACEABILITY.md	459	testname	TestIntegration_ApplicationRolePrivileges	grep for func TestIntegration_ApplicationRolePrivileges over *_test.go	HOLDS	
docs/build/REQUIREMENTS_TRACEABILITY.md	459	testname	TestIntegration_Migrations	grep for func TestIntegration_Migrations over *_test.go	HOLDS	
docs/build/REQUIREMENTS_TRACEABILITY.md	461	testname	TestBuildAndManifest	grep for func TestBuildAndManifest over *_test.go	HOLDS	
docs/build/REQUIREMENTS_TRACEABILITY.md	461	testname	TestBuildArgs	grep for func TestBuildArgs over *_test.go	HOLDS	
docs/build/REQUIREMENTS_TRACEABILITY.md	461	testname	TestBuildStopsOnFailure	grep for func TestBuildStopsOnFailure over *_test.go	HOLDS	
docs/build/REQUIREMENTS_TRACEABILITY.md	461	testname	TestPickDigest	grep for func TestPickDigest over *_test.go	HOLDS	
docs/build/REQUIREMENTS_TRACEABILITY.md	462	testname	TestEscalationWorkflow_WalksTheLadderThenMarksEscalated	grep for func TestEscalationWorkflow_WalksTheLadderThenMarksEscalated over *_test.go	HOLDS	
docs/build/REQUIREMENTS_TRACEABILITY.md	462	testname	TestFundingWorkflow_ContinuesAsNewBeforeTheHistoryGrows	grep for func TestFundingWorkflow_ContinuesAsNewBeforeTheHistoryGrows over *_test.go	HOLDS	
docs/build/REQUIREMENTS_TRACEABILITY.md	462	testname	TestFundingWorkflow_RunsUntilTheDepositIsTerminal	grep for func TestFundingWorkflow_RunsUntilTheDepositIsTerminal over *_test.go	HOLDS	
docs/build/REQUIREMENTS_TRACEABILITY.md	462	testname	TestIntegration_Workflow_RunsAgainstARealServer	grep for func TestIntegration_Workflow_RunsAgainstARealServer over *_test.go	HOLDS	
docs/build/REQUIREMENTS_TRACEABILITY.md	462	testname	TestTaskQueue	grep for func TestTaskQueue over *_test.go	HOLDS	
docs/build/REQUIREMENTS_TRACEABILITY.md	462	testname	TestTaskQueueNeverEmpty	grep for func TestTaskQueueNeverEmpty over *_test.go	HOLDS	
docs/build/REQUIREMENTS_TRACEABILITY.md	462	testname	TestUnwiredReconciliation_FailsClosed	grep for func TestUnwiredReconciliation_FailsClosed over *_test.go	HOLDS	
docs/build/REQUIREMENTS_TRACEABILITY.md	463	testname	TestActivity_AdvanceDeposit_ReportsTheStoredState	grep for func TestActivity_AdvanceDeposit_ReportsTheStoredState over *_test.go	HOLDS	
docs/build/REQUIREMENTS_TRACEABILITY.md	463	testname	TestActivity_DescribeDeposit_DoesNotAdvance	grep for func TestActivity_DescribeDeposit_DoesNotAdvance over *_test.go	HOLDS	
docs/build/REQUIREMENTS_TRACEABILITY.md	463	testname	TestDeterminism_NoPackageLevelMutableState	grep for func TestDeterminism_NoPackageLevelMutableState over *_test.go	HOLDS	
docs/build/REQUIREMENTS_TRACEABILITY.md	463	testname	TestDeterminism_WorkflowCodeDeclaresNoMaps	grep for func TestDeterminism_WorkflowCodeDeclaresNoMaps over *_test.go	HOLDS	
docs/build/REQUIREMENTS_TRACEABILITY.md	463	testname	TestDeterminism_WorkflowCodeHasNoAmbientDependencies	grep for func TestDeterminism_WorkflowCodeHasNoAmbientDependencies over *_test.go	HOLDS	
docs/build/REQUIREMENTS_TRACEABILITY.md	463	testname	TestFundingWorkflow_BurstOfSignalsIsCollapsed	grep for func TestFundingWorkflow_BurstOfSignalsIsCollapsed over *_test.go	HOLDS	
docs/build/REQUIREMENTS_TRACEABILITY.md	463	testname	TestFundingWorkflow_UnknownDepositIsNotRetried	grep for func TestFundingWorkflow_UnknownDepositIsNotRetried over *_test.go	HOLDS	
docs/build/REQUIREMENTS_TRACEABILITY.md	463	testname	TestIntegration_Workflow_ReplayFromServer	grep for func TestIntegration_Workflow_ReplayFromServer over *_test.go	HOLDS	
docs/build/REQUIREMENTS_TRACEABILITY.md	463	testname	TestReplay_RecordedHistories	grep for func TestReplay_RecordedHistories over *_test.go	HOLDS	
docs/build/REQUIREMENTS_TRACEABILITY.md	464	testname	TestIntegration_CountOrders_FromPersistedIntents	grep for func TestIntegration_CountOrders_FromPersistedIntents over *_test.go	HOLDS	
docs/build/REQUIREMENTS_TRACEABILITY.md	464	testname	TestRateLimitsCannotBeDisabledInProduction	grep for func TestRateLimitsCannotBeDisabledInProduction over *_test.go	HOLDS	
docs/build/REQUIREMENTS_TRACEABILITY.md	464	testname	TestTorture_ReservationsNeverOversubscribe	grep for func TestTorture_ReservationsNeverOversubscribe over *_test.go	HOLDS	
docs/build/REQUIREMENTS_TRACEABILITY.md	465	testname	TestIntegration_ApplicationRolePrivileges	grep for func TestIntegration_ApplicationRolePrivileges over *_test.go	HOLDS	
docs/build/REQUIREMENTS_TRACEABILITY.md	465	testname	TestIntegration_Login_StoresTheVerifiedEmailEncrypted	grep for func TestIntegration_Login_StoresTheVerifiedEmailEncrypted over *_test.go	HOLDS	
docs/build/REQUIREMENTS_TRACEABILITY.md	465	testname	TestPII_OnlyTheEncryptingStoreWritesPersonalData	grep for func TestPII_OnlyTheEncryptingStoreWritesPersonalData over *_test.go	HOLDS	
docs/build/REQUIREMENTS_TRACEABILITY.md	465	testname	TestSQLInjection_ExcludedTreesAreOffTheRequestPath	grep for func TestSQLInjection_ExcludedTreesAreOffTheRequestPath over *_test.go	HOLDS	
docs/build/REQUIREMENTS_TRACEABILITY.md	466	testname	TestExampleEnv_ContainsEveryVariableOnce	grep for func TestExampleEnv_ContainsEveryVariableOnce over *_test.go	HOLDS	
docs/build/REQUIREMENTS_TRACEABILITY.md	466	testname	TestValidate_ProdRulesIndividually	grep for func TestValidate_ProdRulesIndividually over *_test.go	HOLDS	
docs/build/REQUIREMENTS_TRACEABILITY.md	466	testname	TestVars_TableIsWellFormed	grep for func TestVars_TableIsWellFormed over *_test.go	HOLDS	
docs/build/REQUIREMENTS_TRACEABILITY.md	467	testname	FuzzParseKey	grep for func FuzzParseKey over *_test.go	HOLDS	
docs/build/REQUIREMENTS_TRACEABILITY.md	467	testname	TestLayout_HourPartitionUsesPlatformClockNotProvider	grep for func TestLayout_HourPartitionUsesPlatformClockNotProvider over *_test.go	HOLDS	
docs/build/REQUIREMENTS_TRACEABILITY.md	467	testname	TestLayout_KeyFollowsPart124Layout	grep for func TestLayout_KeyFollowsPart124Layout over *_test.go	HOLDS	
docs/build/REQUIREMENTS_TRACEABILITY.md	467	testname	TestLayout_MetadataAllowsProvenanceReconstruction	grep for func TestLayout_MetadataAllowsProvenanceReconstruction over *_test.go	HOLDS	
docs/build/REQUIREMENTS_TRACEABILITY.md	467	testname	TestLayout_NonASCIIIdentifiersAreHexEncodedInMetadata	grep for func TestLayout_NonASCIIIdentifiersAreHexEncodedInMetadata over *_test.go	HOLDS	
docs/build/REQUIREMENTS_TRACEABILITY.md	467	testname	TestLayout_RejectsUnsafeSegments	grep for func TestLayout_RejectsUnsafeSegments over *_test.go	HOLDS	
docs/build/REQUIREMENTS_TRACEABILITY.md	467	testname	TestProp_LayoutKeyRoundTripsThroughParseKey	grep for func TestProp_LayoutKeyRoundTripsThroughParseKey over *_test.go	HOLDS	
docs/build/REQUIREMENTS_TRACEABILITY.md	469	testname	TestOpen_RejectsEmptyURLAndBadPoolBounds	grep for func TestOpen_RejectsEmptyURLAndBadPoolBounds over *_test.go	HOLDS	
docs/build/REQUIREMENTS_TRACEABILITY.md	470	testname	TestIntegration_Open_AppliesSessionSettings	grep for func TestIntegration_Open_AppliesSessionSettings over *_test.go	HOLDS	
docs/build/REQUIREMENTS_TRACEABILITY.md	470	testname	TestIntegration_Open_StatementTimeoutIsEnforced	grep for func TestIntegration_Open_StatementTimeoutIsEnforced over *_test.go	HOLDS	
docs/build/REQUIREMENTS_TRACEABILITY.md	470	testname	TestIntegration_Serializable_ConcurrentWritersRetryAndBothCommit	grep for func TestIntegration_Serializable_ConcurrentWritersRetryAndBothCommit over *_test.go	HOLDS	
docs/build/REQUIREMENTS_TRACEABILITY.md	470	testname	TestOpen_RejectsEmptyURLAndBadPoolBounds	grep for func TestOpen_RejectsEmptyURLAndBadPoolBounds over *_test.go	HOLDS	
docs/build/REQUIREMENTS_TRACEABILITY.md	470	testname	TestOpen_RequireTLSFailsClosedBeforeDialling	grep for func TestOpen_RequireTLSFailsClosedBeforeDialling over *_test.go	HOLDS	
docs/build/REQUIREMENTS_TRACEABILITY.md	471	testname	TestGuardDownTo	grep for func TestGuardDownTo over *_test.go	HOLDS	
docs/build/REQUIREMENTS_TRACEABILITY.md	471	testname	TestIntegration_Migrations	grep for func TestIntegration_Migrations over *_test.go	HOLDS	
docs/build/REQUIREMENTS_TRACEABILITY.md	471	testname	TestLoadSources_RejectsDuplicateVersions	grep for func TestLoadSources_RejectsDuplicateVersions over *_test.go	HOLDS	
docs/build/REQUIREMENTS_TRACEABILITY.md	471	testname	TestProp_GuardDownTo_NeverUndoesProtectedHistory	grep for func TestProp_GuardDownTo_NeverUndoesProtectedHistory over *_test.go	HOLDS	
docs/build/REQUIREMENTS_TRACEABILITY.md	473	testname	TestProductionRefusesFakeProviders	grep for func TestProductionRefusesFakeProviders over *_test.go	HOLDS	
docs/build/REQUIREMENTS_TRACEABILITY.md	473	testname	TestProductionRefusesSeedAndDebugAuth	grep for func TestProductionRefusesSeedAndDebugAuth over *_test.go	HOLDS	
docs/build/REQUIREMENTS_TRACEABILITY.md	473	testname	TestValidate_NoFakeProvidersCoversEverySlot	grep for func TestValidate_NoFakeProvidersCoversEverySlot over *_test.go	HOLDS	
docs/build/REQUIREMENTS_TRACEABILITY.md	473	testname	TestValidate_ProdRulesIndividually	grep for func TestValidate_ProdRulesIndividually over *_test.go	HOLDS	
docs/build/REQUIREMENTS_TRACEABILITY.md	474	testname	TestParse	grep for func TestParse over *_test.go	HOLDS	
docs/build/REQUIREMENTS_TRACEABILITY.md	474	testname	TestRepositoryMakefile	grep for func TestRepositoryMakefile over *_test.go	HOLDS	
docs/build/REQUIREMENTS_TRACEABILITY.md	475	testname	TestFakeProvidersAreAllowedInDevelopmentEnvironments	grep for func TestFakeProvidersAreAllowedInDevelopmentEnvironments over *_test.go	HOLDS	
docs/build/REQUIREMENTS_TRACEABILITY.md	475	testname	TestLocalDefaultsAreNotProductionValid	grep for func TestLocalDefaultsAreNotProductionValid over *_test.go	HOLDS	
docs/build/REQUIREMENTS_TRACEABILITY.md	475	testname	TestProductionRefusesSeedAndDebugAuth	grep for func TestProductionRefusesSeedAndDebugAuth over *_test.go	HOLDS	
docs/build/REQUIREMENTS_TRACEABILITY.md	475	testname	TestRefuseFakeProviders	grep for func TestRefuseFakeProviders over *_test.go	HOLDS	
docs/build/REQUIREMENTS_TRACEABILITY.md	475	testname	TestValidate_ProdRulesIndividually	grep for func TestValidate_ProdRulesIndividually over *_test.go	HOLDS	
docs/build/REQUIREMENTS_TRACEABILITY.md	484	testname	TestInstallReleaseTool_APIErrorFailsClosed	grep for func TestInstallReleaseTool_APIErrorFailsClosed over *_test.go	HOLDS	
docs/build/REQUIREMENTS_TRACEABILITY.md	484	testname	TestInstallReleaseTool_ChecksumMismatch	grep for func TestInstallReleaseTool_ChecksumMismatch over *_test.go	HOLDS	
docs/build/REQUIREMENTS_TRACEABILITY.md	484	testname	TestPinnedTableConsistency	grep for func TestPinnedTableConsistency over *_test.go	HOLDS	
docs/build/REQUIREMENTS_TRACEABILITY.md	486	testname	TestBuildAndManifest	grep for func TestBuildAndManifest over *_test.go	HOLDS	
docs/build/REQUIREMENTS_TRACEABILITY.md	486	testname	TestPickDigest	grep for func TestPickDigest over *_test.go	HOLDS	
docs/build/REQUIREMENTS_TRACEABILITY.md	487	testname	TestRepositoryMakefile	grep for func TestRepositoryMakefile over *_test.go	HOLDS	
docs/build/REQUIREMENTS_TRACEABILITY.md	488	testname	TestInstallReleaseTool_APIDigest	grep for func TestInstallReleaseTool_APIDigest over *_test.go	HOLDS	
docs/build/REQUIREMENTS_TRACEABILITY.md	488	testname	TestListIncludesEveryPin	grep for func TestListIncludesEveryPin over *_test.go	HOLDS	
docs/build/REQUIREMENTS_TRACEABILITY.md	490	testname	TestTorture_ReservationsNeverOversubscribe	grep for func TestTorture_ReservationsNeverOversubscribe over *_test.go	HOLDS	
docs/build/REQUIREMENTS_TRACEABILITY.md	497	testname	TestHealth_Semantics	grep for func TestHealth_Semantics over *_test.go	HOLDS	
docs/build/REQUIREMENTS_TRACEABILITY.md	498	testname	FuzzParseTransactionResponse	grep for func FuzzParseTransactionResponse over *_test.go	HOLDS	
docs/build/REQUIREMENTS_TRACEABILITY.md	498	testname	TestIntegration_ForgedSignature	grep for func TestIntegration_ForgedSignature over *_test.go	HOLDS	
docs/build/REQUIREMENTS_TRACEABILITY.md	498	testname	TestIntegration_OversizedBody	grep for func TestIntegration_OversizedBody over *_test.go	HOLDS	
docs/build/REQUIREMENTS_TRACEABILITY.md	498	testname	TestIntegration_StaleTimestamp	grep for func TestIntegration_StaleTimestamp over *_test.go	HOLDS	
docs/build/REQUIREMENTS_TRACEABILITY.md	498	testname	TestIntegration_UnknownEventTypeIsIgnored	grep for func TestIntegration_UnknownEventTypeIsIgnored over *_test.go	HOLDS	
docs/build/REQUIREMENTS_TRACEABILITY.md	500	testname	TestProp_BasisConserved	grep for func TestProp_BasisConserved over *_test.go	HOLDS	
docs/build/REQUIREMENTS_TRACEABILITY.md	500	testname	TestProp_ByteFlipsNeverApprove	grep for func TestProp_ByteFlipsNeverApprove over *_test.go	HOLDS	
docs/build/REQUIREMENTS_TRACEABILITY.md	500	testname	TestProp_CapitalConserved	grep for func TestProp_CapitalConserved over *_test.go	HOLDS	
docs/build/REQUIREMENTS_TRACEABILITY.md	500	testname	TestProp_ClickHouse_SnapshotNeverReturnsFutureKnowledge	grep for func TestProp_ClickHouse_SnapshotNeverReturnsFutureKnowledge over *_test.go	HOLDS	
docs/build/REQUIREMENTS_TRACEABILITY.md	500	testname	TestProp_DuplicateWebhookOneEffect	grep for func TestProp_DuplicateWebhookOneEffect over *_test.go	HOLDS	
docs/build/REQUIREMENTS_TRACEABILITY.md	500	testname	TestProp_EveryActiveSwitchCombination	grep for func TestProp_EveryActiveSwitchCombination over *_test.go	HOLDS	
docs/build/REQUIREMENTS_TRACEABILITY.md	500	testname	TestProp_FundingReversalDeficit	grep for func TestProp_FundingReversalDeficit over *_test.go	HOLDS	
docs/build/REQUIREMENTS_TRACEABILITY.md	500	testname	TestProp_InboxDuplicateDeliveryRunsFnOnce	grep for func TestProp_InboxDuplicateDeliveryRunsFnOnce over *_test.go	HOLDS	
docs/build/REQUIREMENTS_TRACEABILITY.md	500	testname	TestProp_LegalWalksNeverReachForbiddenState	grep for func TestProp_LegalWalksNeverReachForbiddenState over *_test.go	HOLDS	
docs/build/REQUIREMENTS_TRACEABILITY.md	500	testname	TestProp_NeverBlockedClasses	grep for func TestProp_NeverBlockedClasses over *_test.go	HOLDS	
docs/build/REQUIREMENTS_TRACEABILITY.md	500	testname	TestProp_PostingBalanced	grep for func TestProp_PostingBalanced over *_test.go	HOLDS	
docs/build/REQUIREMENTS_TRACEABILITY.md	500	testname	TestProp_ReplayConvergesAndNeverDoublePosts	grep for func TestProp_ReplayConvergesAndNeverDoublePosts over *_test.go	HOLDS	
docs/build/REQUIREMENTS_TRACEABILITY.md	500	testname	TestProp_ReservationsNeverOversubscribe	grep for func TestProp_ReservationsNeverOversubscribe over *_test.go	HOLDS	
docs/build/REQUIREMENTS_TRACEABILITY.md	500	testname	TestProp_SwapPostingBalanced	grep for func TestProp_SwapPostingBalanced over *_test.go	HOLDS	
docs/build/REQUIREMENTS_TRACEABILITY.md	501	testname	FuzzCanonicalJSON	grep for func FuzzCanonicalJSON over *_test.go	HOLDS	
docs/build/REQUIREMENTS_TRACEABILITY.md	501	testname	FuzzDecode	grep for func FuzzDecode over *_test.go	HOLDS	
docs/build/REQUIREMENTS_TRACEABILITY.md	501	testname	FuzzDecodeWalletEvent	grep for func FuzzDecodeWalletEvent over *_test.go	HOLDS	
docs/build/REQUIREMENTS_TRACEABILITY.md	501	testname	FuzzEnvelopeJSON	grep for func FuzzEnvelopeJSON over *_test.go	HOLDS	
docs/build/REQUIREMENTS_TRACEABILITY.md	501	testname	FuzzInspect	grep for func FuzzInspect over *_test.go	HOLDS	
docs/build/REQUIREMENTS_TRACEABILITY.md	501	testname	FuzzParse	grep for func FuzzParse over *_test.go	HOLDS	
docs/build/REQUIREMENTS_TRACEABILITY.md	501	testname	FuzzParseDecimalString	grep for func FuzzParseDecimalString over *_test.go	HOLDS	
docs/build/REQUIREMENTS_TRACEABILITY.md	501	testname	FuzzParseIR	grep for func FuzzParseIR over *_test.go	HOLDS	
docs/build/REQUIREMENTS_TRACEABILITY.md	501	testname	FuzzParseKey	grep for func FuzzParseKey over *_test.go	HOLDS	
docs/build/REQUIREMENTS_TRACEABILITY.md	501	testname	FuzzParseQuantity	grep for func FuzzParseQuantity over *_test.go	HOLDS	
docs/build/REQUIREMENTS_TRACEABILITY.md	501	testname	FuzzParseSecretRef	grep for func FuzzParseSecretRef over *_test.go	HOLDS	
docs/build/REQUIREMENTS_TRACEABILITY.md	501	testname	FuzzParseTransactionResponse	grep for func FuzzParseTransactionResponse over *_test.go	HOLDS	
docs/build/REQUIREMENTS_TRACEABILITY.md	501	testname	FuzzParseUSD	grep for func FuzzParseUSD over *_test.go	HOLDS	
docs/build/REQUIREMENTS_TRACEABILITY.md	501	testname	FuzzParseUSDRound	grep for func FuzzParseUSDRound over *_test.go	HOLDS	
docs/build/REQUIREMENTS_TRACEABILITY.md	501	testname	FuzzQuantityFromDecimalString	grep for func FuzzQuantityFromDecimalString over *_test.go	HOLDS	
docs/build/REQUIREMENTS_TRACEABILITY.md	501	testname	FuzzRouteHash	grep for func FuzzRouteHash over *_test.go	HOLDS	
docs/build/REQUIREMENTS_TRACEABILITY.md	501	testname	FuzzScanQuantity	grep for func FuzzScanQuantity over *_test.go	HOLDS	
docs/build/REQUIREMENTS_TRACEABILITY.md	501	testname	FuzzValidate	grep for func FuzzValidate over *_test.go	HOLDS	
docs/build/REQUIREMENTS_TRACEABILITY.md	501	testname	FuzzVerifyNeverPanics	grep for func FuzzVerifyNeverPanics over *_test.go	HOLDS	
docs/build/REQUIREMENTS_TRACEABILITY.md	501	testname	TestDiscover	grep for func TestDiscover over *_test.go	HOLDS	
docs/build/REQUIREMENTS_TRACEABILITY.md	501	testname	TestRunEndToEnd	grep for func TestRunEndToEnd over *_test.go	HOLDS	
docs/build/REQUIREMENTS_TRACEABILITY.md	502	testname	TestChaosBreaksAreDeclared	grep for func TestChaosBreaksAreDeclared over *_test.go	HOLDS	
docs/build/REQUIREMENTS_TRACEABILITY.md	502	testname	TestChaos_ArchiveWriteRefusedIsNeverRecordedAsStored	grep for func TestChaos_ArchiveWriteRefusedIsNeverRecordedAsStored over *_test.go	HOLDS	
docs/build/REQUIREMENTS_TRACEABILITY.md	502	testname	TestChaos_BrokerStallNeverMarksOutboxPublished	grep for func TestChaos_BrokerStallNeverMarksOutboxPublished over *_test.go	HOLDS	
docs/build/REQUIREMENTS_TRACEABILITY.md	502	testname	TestChaos_ClockJumpNeverDuplicatesOrResurrects	grep for func TestChaos_ClockJumpNeverDuplicatesOrResurrects over *_test.go	HOLDS	
docs/build/REQUIREMENTS_TRACEABILITY.md	502	testname	TestChaos_DatabaseDiesMidTransaction	grep for func TestChaos_DatabaseDiesMidTransaction over *_test.go	HOLDS	
docs/build/REQUIREMENTS_TRACEABILITY.md	502	testname	TestChaos_DuplicateDeliveryUnderConcurrencyAndDatabaseFault	grep for func TestChaos_DuplicateDeliveryUnderConcurrencyAndDatabaseFault over *_test.go	HOLDS	
docs/build/REQUIREMENTS_TRACEABILITY.md	502	testname	TestChaos_RelayInstanceDiesMidPassNeverLosesOrDuplicates	grep for func TestChaos_RelayInstanceDiesMidPassNeverLosesOrDuplicates over *_test.go	HOLDS	
docs/build/REQUIREMENTS_TRACEABILITY.md	503	testname	TestAgreementPolicy_Matrix	grep for func TestAgreementPolicy_Matrix over *_test.go	HOLDS	
docs/build/REQUIREMENTS_TRACEABILITY.md	503	testname	TestChaos_DuplicateDeliveryUnderConcurrencyAndDatabaseFault	grep for func TestChaos_DuplicateDeliveryUnderConcurrencyAndDatabaseFault over *_test.go	HOLDS	
docs/build/REQUIREMENTS_TRACEABILITY.md	503	testname	TestExecutor_ObserverDisagreesOnFailure_Paused	grep for func TestExecutor_ObserverDisagreesOnFailure_Paused over *_test.go	HOLDS	
docs/build/REQUIREMENTS_TRACEABILITY.md	503	testname	TestExecutor_SubmitRejectedButLanded_IsUnknownNotFailure	grep for func TestExecutor_SubmitRejectedButLanded_IsUnknownNotFailure over *_test.go	HOLDS	
docs/build/REQUIREMENTS_TRACEABILITY.md	503	testname	TestExecutor_SubmitTimeoutLanded_AdoptedNoDuplicate	grep for func TestExecutor_SubmitTimeoutLanded_AdoptedNoDuplicate over *_test.go	HOLDS	
docs/build/REQUIREMENTS_TRACEABILITY.md	503	testname	TestExecutor_SubmitTimeoutLost_ProvenAbsent_NewAttemptOnce	grep for func TestExecutor_SubmitTimeoutLost_ProvenAbsent_NewAttemptOnce over *_test.go	HOLDS	
docs/build/REQUIREMENTS_TRACEABILITY.md	503	testname	TestIntegration_EndToEnd_DuplicateAndReorderedDeliveryIsHarmless	grep for func TestIntegration_EndToEnd_DuplicateAndReorderedDeliveryIsHarmless over *_test.go	HOLDS	
docs/build/REQUIREMENTS_TRACEABILITY.md	504	route	POST /quotes/preview	grep the api.gen.go route table	HOLDS	
docs/build/REQUIREMENTS_TRACEABILITY.md	505	testname	TestE2EBreaksAreDeclared	grep for func TestE2EBreaksAreDeclared over *_test.go	HOLDS	
docs/build/REQUIREMENTS_TRACEABILITY.md	505	testname	TestE2E_ConcurrentIdenticalCommands	grep for func TestE2E_ConcurrentIdenticalCommands over *_test.go	HOLDS	
docs/build/REQUIREMENTS_TRACEABILITY.md	505	testname	TestE2E_CustomerJourney	grep for func TestE2E_CustomerJourney over *_test.go	HOLDS	
docs/build/REQUIREMENTS_TRACEABILITY.md	505	testname	TestE2E_ErrorContract	grep for func TestE2E_ErrorContract over *_test.go	HOLDS	
docs/build/REQUIREMENTS_TRACEABILITY.md	505	testname	TestE2E_IdempotencyAcrossProcesses	grep for func TestE2E_IdempotencyAcrossProcesses over *_test.go	HOLDS	
docs/build/REQUIREMENTS_TRACEABILITY.md	505	testname	TestE2E_SSEStreamDeliversAcrossProcesses	grep for func TestE2E_SSEStreamDeliversAcrossProcesses over *_test.go	HOLDS	
docs/build/REQUIREMENTS_TRACEABILITY.md	505	testname	TestExecutor_BuyHappyPath	grep for func TestExecutor_BuyHappyPath over *_test.go	HOLDS	
docs/build/REQUIREMENTS_TRACEABILITY.md	506	testname	FuzzParseKey	grep for func FuzzParseKey over *_test.go	HOLDS	
docs/build/REQUIREMENTS_TRACEABILITY.md	508	testname	TestIntegration_ApplicationRolePrivileges	grep for func TestIntegration_ApplicationRolePrivileges over *_test.go	HOLDS	
docs/build/REQUIREMENTS_TRACEABILITY.md	508	testname	TestIntegration_Migrations	grep for func TestIntegration_Migrations over *_test.go	HOLDS	
docs/build/REQUIREMENTS_TRACEABILITY.md	508	testname	TestIntegration_StateChangeRequiresTransitionRow	grep for func TestIntegration_StateChangeRequiresTransitionRow over *_test.go	HOLDS	
docs/build/REQUIREMENTS_TRACEABILITY.md	508	testname	TestProp_GuardDownTo_NeverUndoesProtectedHistory	grep for func TestProp_GuardDownTo_NeverUndoesProtectedHistory over *_test.go	HOLDS	
docs/build/REQUIREMENTS_TRACEABILITY.md	511	testname	TestChaosBreaksAreDeclared	grep for func TestChaosBreaksAreDeclared over *_test.go	HOLDS	
docs/build/REQUIREMENTS_TRACEABILITY.md	511	testname	TestE2EBreaksAreDeclared	grep for func TestE2EBreaksAreDeclared over *_test.go	HOLDS	
docs/build/REQUIREMENTS_TRACEABILITY.md	511	testname	TestSecurityBreaksAreDeclared	grep for func TestSecurityBreaksAreDeclared over *_test.go	HOLDS	
docs/build/REQUIREMENTS_TRACEABILITY.md	511	testname	TestVectorsAreNotVacuous	grep for func TestVectorsAreNotVacuous over *_test.go	HOLDS	
docs/build/REQUIREMENTS_TRACEABILITY.md	519	testname	FuzzVerifyNeverPanics	grep for func FuzzVerifyNeverPanics over *_test.go	HOLDS	
docs/build/REQUIREMENTS_TRACEABILITY.md	519	testname	TestExchangeStepUp_MissingAMR	grep for func TestExchangeStepUp_MissingAMR over *_test.go	HOLDS	
docs/build/REQUIREMENTS_TRACEABILITY.md	519	testname	TestExchange_AlgNoneRejected	grep for func TestExchange_AlgNoneRejected over *_test.go	HOLDS	
docs/build/REQUIREMENTS_TRACEABILITY.md	519	testname	TestExchange_BadNonce	grep for func TestExchange_BadNonce over *_test.go	HOLDS	
docs/build/REQUIREMENTS_TRACEABILITY.md	519	testname	TestExchange_BadSignature	grep for func TestExchange_BadSignature over *_test.go	HOLDS	
docs/build/REQUIREMENTS_TRACEABILITY.md	519	testname	TestExchange_HappyPath	grep for func TestExchange_HappyPath over *_test.go	HOLDS	
docs/build/REQUIREMENTS_TRACEABILITY.md	519	testname	TestExchange_PKCEMismatch	grep for func TestExchange_PKCEMismatch over *_test.go	HOLDS	
docs/build/REQUIREMENTS_TRACEABILITY.md	519	testname	TestIntegration_Login_FirstLoginCreatesUserAccountSession	grep for func TestIntegration_Login_FirstLoginCreatesUserAccountSession over *_test.go	HOLDS	
docs/build/REQUIREMENTS_TRACEABILITY.md	519	testname	TestIntegration_Login_StepUpExpiryUnknownStateAndOperatorRoles	grep for func TestIntegration_Login_StepUpExpiryUnknownStateAndOperatorRoles over *_test.go	HOLDS	
docs/build/REQUIREMENTS_TRACEABILITY.md	519	testname	TestManager_IssueAndAuthenticate	grep for func TestManager_IssueAndAuthenticate over *_test.go	HOLDS	
docs/build/REQUIREMENTS_TRACEABILITY.md	519	testname	TestManager_ListForSubject	grep for func TestManager_ListForSubject over *_test.go	HOLDS	
docs/build/REQUIREMENTS_TRACEABILITY.md	519	testname	TestManager_Revoke	grep for func TestManager_Revoke over *_test.go	HOLDS	
docs/build/REQUIREMENTS_TRACEABILITY.md	519	testname	TestManager_RevokeAllForSubject	grep for func TestManager_RevokeAllForSubject over *_test.go	HOLDS	
docs/build/REQUIREMENTS_TRACEABILITY.md	519	testname	TestManager_Rotate	grep for func TestManager_Rotate over *_test.go	HOLDS	
docs/build/REQUIREMENTS_TRACEABILITY.md	519	testname	TestProp_ValidateTokenOnlyAcceptsCanonical	grep for func TestProp_ValidateTokenOnlyAcceptsCanonical over *_test.go	HOLDS	
docs/build/REQUIREMENTS_TRACEABILITY.md	519	testname	TestReplay_AuthorizationCodeAndStateCannotBeReplayed	grep for func TestReplay_AuthorizationCodeAndStateCannotBeReplayed over *_test.go	HOLDS	
docs/build/REQUIREMENTS_TRACEABILITY.md	519	testname	TestReplay_ForgedSessionCookiesAreRefused	grep for func TestReplay_ForgedSessionCookiesAreRefused over *_test.go	HOLDS	
docs/build/REQUIREMENTS_TRACEABILITY.md	519	testname	TestReplay_LogoutRevokesTheSessionRow	grep for func TestReplay_LogoutRevokesTheSessionRow over *_test.go	HOLDS	
docs/build/REQUIREMENTS_TRACEABILITY.md	520	testname	TestGoldenMatrix_DualControlHeldByNoStandingRole	grep for func TestGoldenMatrix_DualControlHeldByNoStandingRole over *_test.go	HOLDS	
docs/build/REQUIREMENTS_TRACEABILITY.md	520	testname	TestGoldenMatrix_Equal	grep for func TestGoldenMatrix_Equal over *_test.go	HOLDS	
docs/build/REQUIREMENTS_TRACEABILITY.md	520	testname	TestIntegration_AdminStreamVerifiesAfterEverything	grep for func TestIntegration_AdminStreamVerifiesAfterEverything over *_test.go	HOLDS	
docs/build/REQUIREMENTS_TRACEABILITY.md	520	testname	TestIntegration_AuthorizationMatrix	grep for func TestIntegration_AuthorizationMatrix over *_test.go	HOLDS	
docs/build/REQUIREMENTS_TRACEABILITY.md	520	testname	TestProp_NoRoleGrantsDualControlOrAgentOnly	grep for func TestProp_NoRoleGrantsDualControlOrAgentOnly over *_test.go	HOLDS	
docs/build/REQUIREMENTS_TRACEABILITY.md	520	testname	TestRequireDualControl	grep for func TestRequireDualControl over *_test.go	HOLDS	
docs/build/REQUIREMENTS_TRACEABILITY.md	520	testname	TestRoleMatrix_EveryCell	grep for func TestRoleMatrix_EveryCell over *_test.go	HOLDS	
docs/build/REQUIREMENTS_TRACEABILITY.md	521	testname	TestCrossTenantAccessIsRefused	grep for func TestCrossTenantAccessIsRefused over *_test.go	HOLDS	
docs/build/REQUIREMENTS_TRACEABILITY.md	521	testname	TestE2E_CustomerJourney	grep for func TestE2E_CustomerJourney over *_test.go	HOLDS	
docs/build/REQUIREMENTS_TRACEABILITY.md	521	testname	TestIDOR_CoversEveryAccountScopedRoute	grep for func TestIDOR_CoversEveryAccountScopedRoute over *_test.go	HOLDS	
docs/build/REQUIREMENTS_TRACEABILITY.md	521	testname	TestIDOR_CrossTenantAccountReadsAreRefused	grep for func TestIDOR_CrossTenantAccountReadsAreRefused over *_test.go	HOLDS	
docs/build/REQUIREMENTS_TRACEABILITY.md	521	testname	TestIDOR_CustomerCannotReachAdminSurface	grep for func TestIDOR_CustomerCannotReachAdminSurface over *_test.go	HOLDS	
docs/build/REQUIREMENTS_TRACEABILITY.md	521	testname	TestIDOR_DEFECT_RecordLookupDistinguishesForeignFromAbsent	grep for func TestIDOR_DEFECT_RecordLookupDistinguishesForeignFromAbsent over *_test.go	HOLDS	
docs/build/REQUIREMENTS_TRACEABILITY.md	521	testname	TestIDOR_ForeignAndAbsentAccountsAreIndistinguishable	grep for func TestIDOR_ForeignAndAbsentAccountsAreIndistinguishable over *_test.go	HOLDS	
docs/build/REQUIREMENTS_TRACEABILITY.md	521	testname	TestIDOR_MalformedAndDegenerateIdentifiers	grep for func TestIDOR_MalformedAndDegenerateIdentifiers over *_test.go	HOLDS	
docs/build/REQUIREMENTS_TRACEABILITY.md	521	testname	TestIDOR_QueryParameterSmuggling	grep for func TestIDOR_QueryParameterSmuggling over *_test.go	HOLDS	
docs/build/REQUIREMENTS_TRACEABILITY.md	521	testname	TestIDOR_SupportReadOnlyGetsExactlyItsMatrix	grep for func TestIDOR_SupportReadOnlyGetsExactlyItsMatrix over *_test.go	HOLDS	
docs/build/REQUIREMENTS_TRACEABILITY.md	521	testname	TestIDOR_UUIDCaseVariationIsNotABypass	grep for func TestIDOR_UUIDCaseVariationIsNotABypass over *_test.go	HOLDS	
docs/build/REQUIREMENTS_TRACEABILITY.md	521	testname	TestLedger_AForgedCursorCannotCrossTenants	grep for func TestLedger_AForgedCursorCannotCrossTenants over *_test.go	HOLDS	
docs/build/REQUIREMENTS_TRACEABILITY.md	521	testname	TestPagination_ACursorNeverWidensTheOwnerFilter	grep for func TestPagination_ACursorNeverWidensTheOwnerFilter over *_test.go	HOLDS	
docs/build/REQUIREMENTS_TRACEABILITY.md	521	testname	TestProp_AgentNeverCrossesAccount	grep for func TestProp_AgentNeverCrossesAccount over *_test.go	HOLDS	
docs/build/REQUIREMENTS_TRACEABILITY.md	521	testname	TestRecordScopingUsesTheRecordsOwnAccount	grep for func TestRecordScopingUsesTheRecordsOwnAccount over *_test.go	HOLDS	
docs/build/REQUIREMENTS_TRACEABILITY.md	521	testname	TestRequireAccount_TenantIsolation	grep for func TestRequireAccount_TenantIsolation over *_test.go	HOLDS	
docs/build/REQUIREMENTS_TRACEABILITY.md	522	testname	TestDevIdPRefusesProd	grep for func TestDevIdPRefusesProd over *_test.go	HOLDS	
docs/build/REQUIREMENTS_TRACEABILITY.md	522	testname	TestIsTestOnlyImport	grep for func TestIsTestOnlyImport over *_test.go	HOLDS	
docs/build/REQUIREMENTS_TRACEABILITY.md	522	testname	TestNewMemoryBus_EnvGate	grep for func TestNewMemoryBus_EnvGate over *_test.go	HOLDS	
docs/build/REQUIREMENTS_TRACEABILITY.md	522	testname	TestValidate_DevAllowsFakesButNotPlainSecrets	grep for func TestValidate_DevAllowsFakesButNotPlainSecrets over *_test.go	HOLDS	
docs/build/REQUIREMENTS_TRACEABILITY.md	522	testname	TestValidate_NoFakeProvidersCoversEverySlot	grep for func TestValidate_NoFakeProvidersCoversEverySlot over *_test.go	HOLDS	
docs/build/REQUIREMENTS_TRACEABILITY.md	523	testname	TestFunding_ReversalCreatesDeficitAndFreezes	grep for func TestFunding_ReversalCreatesDeficitAndFreezes over *_test.go	HOLDS	
docs/build/REQUIREMENTS_TRACEABILITY.md	523	testname	TestIntegration_ForgedSignature	grep for func TestIntegration_ForgedSignature over *_test.go	HOLDS	
docs/build/REQUIREMENTS_TRACEABILITY.md	523	testname	TestIntegration_Login_StepUpExpiryUnknownStateAndOperatorRoles	grep for func TestIntegration_Login_StepUpExpiryUnknownStateAndOperatorRoles over *_test.go	HOLDS	
docs/build/REQUIREMENTS_TRACEABILITY.md	523	testname	TestIntegration_SignRejectsMutatedTransaction	grep for func TestIntegration_SignRejectsMutatedTransaction over *_test.go	HOLDS	
docs/build/REQUIREMENTS_TRACEABILITY.md	523	testname	TestIntegration_StaleTimestamp	grep for func TestIntegration_StaleTimestamp over *_test.go	HOLDS	
docs/build/REQUIREMENTS_TRACEABILITY.md	524	testname	TestCSRFAppliesOnlyToCookieAuthenticatedRequests	grep for func TestCSRFAppliesOnlyToCookieAuthenticatedRequests over *_test.go	HOLDS	
docs/build/REQUIREMENTS_TRACEABILITY.md	524	testname	TestCSRF_Matrix	grep for func TestCSRF_Matrix over *_test.go	HOLDS	
docs/build/REQUIREMENTS_TRACEABILITY.md	524	testname	TestDualControl_AProposerCannotApproveItsOwnAction	grep for func TestDualControl_AProposerCannotApproveItsOwnAction over *_test.go	HOLDS	
docs/build/REQUIREMENTS_TRACEABILITY.md	524	testname	TestEgressAllowlistFailsClosed	grep for func TestEgressAllowlistFailsClosed over *_test.go	HOLDS	
docs/build/REQUIREMENTS_TRACEABILITY.md	524	testname	TestIDOR_CoversEveryAccountScopedRoute	grep for func TestIDOR_CoversEveryAccountScopedRoute over *_test.go	HOLDS	
docs/build/REQUIREMENTS_TRACEABILITY.md	524	testname	TestIDOR_CrossTenantAccountReadsAreRefused	grep for func TestIDOR_CrossTenantAccountReadsAreRefused over *_test.go	HOLDS	
docs/build/REQUIREMENTS_TRACEABILITY.md	524	testname	TestIDOR_CustomerCannotReachAdminSurface	grep for func TestIDOR_CustomerCannotReachAdminSurface over *_test.go	HOLDS	
docs/build/REQUIREMENTS_TRACEABILITY.md	524	testname	TestInjection_PayloadsNeverReachAnInterpreter	grep for func TestInjection_PayloadsNeverReachAnInterpreter over *_test.go	HOLDS	
docs/build/REQUIREMENTS_TRACEABILITY.md	524	testname	TestReplay_AuthorizationCodeAndStateCannotBeReplayed	grep for func TestReplay_AuthorizationCodeAndStateCannotBeReplayed over *_test.go	HOLDS	
docs/build/REQUIREMENTS_TRACEABILITY.md	524	testname	TestReplay_ForgedSessionCookiesAreRefused	grep for func TestReplay_ForgedSessionCookiesAreRefused over *_test.go	HOLDS	
docs/build/REQUIREMENTS_TRACEABILITY.md	524	testname	TestReplay_RevokingAnotherUsersSessionIsRefused	grep for func TestReplay_RevokingAnotherUsersSessionIsRefused over *_test.go	HOLDS	
docs/build/REQUIREMENTS_TRACEABILITY.md	524	testname	TestSQLInjection_EveryStatementIsBuiltFromConstants	grep for func TestSQLInjection_EveryStatementIsBuiltFromConstants over *_test.go	HOLDS	
docs/build/REQUIREMENTS_TRACEABILITY.md	524	testname	TestStepUp_AdminWritesRequireRecentStrongAuthentication	grep for func TestStepUp_AdminWritesRequireRecentStrongAuthentication over *_test.go	HOLDS	
docs/build/REQUIREMENTS_TRACEABILITY.md	525	testname	TestAgentPrincipalPermissionSetIsClosed	grep for func TestAgentPrincipalPermissionSetIsClosed over *_test.go	HOLDS	
docs/build/REQUIREMENTS_TRACEABILITY.md	525	testname	TestAgentTreesNeverImportAuthority	grep for func TestAgentTreesNeverImportAuthority over *_test.go	HOLDS	
docs/build/REQUIREMENTS_TRACEABILITY.md	525	testname	TestCorpus_PromptInjectionNeverWidensTheEffectSet	grep for func TestCorpus_PromptInjectionNeverWidensTheEffectSet over *_test.go	HOLDS	
docs/build/REQUIREMENTS_TRACEABILITY.md	525	testname	TestEnvelopeService_AgentPrincipalCannotAdminister	grep for func TestEnvelopeService_AgentPrincipalCannotAdminister over *_test.go	HOLDS	
docs/build/REQUIREMENTS_TRACEABILITY.md	525	testname	TestIntegration_AgentCannotActivate	grep for func TestIntegration_AgentCannotActivate over *_test.go	HOLDS	
docs/build/REQUIREMENTS_TRACEABILITY.md	525	testname	TestIntegration_AgentPrincipalIsRefusedByTheDomainNotOnlyTheBoundary	grep for func TestIntegration_AgentPrincipalIsRefusedByTheDomainNotOnlyTheBoundary over *_test.go	HOLDS	
docs/build/REQUIREMENTS_TRACEABILITY.md	525	testname	TestIntegration_RecordPolicy_Authority	grep for func TestIntegration_RecordPolicy_Authority over *_test.go	HOLDS	
docs/build/REQUIREMENTS_TRACEABILITY.md	525	testname	TestNoAdminRouteAdmitsAnAgent	grep for func TestNoAdminRouteAdmitsAnAgent over *_test.go	HOLDS	
docs/build/REQUIREMENTS_TRACEABILITY.md	525	testname	TestNoAgentPathImportsWithdrawal	grep for func TestNoAgentPathImportsWithdrawal over *_test.go	HOLDS	
docs/build/REQUIREMENTS_TRACEABILITY.md	525	testname	TestPromptInjection_NoBuilderComputesTheSystemPolicy	grep for func TestPromptInjection_NoBuilderComputesTheSystemPolicy over *_test.go	HOLDS	
docs/build/REQUIREMENTS_TRACEABILITY.md	525	testname	TestPromptInjection_UntrustedTextNeverEntersTheInstructionChannel	grep for func TestPromptInjection_UntrustedTextNeverEntersTheInstructionChannel over *_test.go	HOLDS	
docs/build/REQUIREMENTS_TRACEABILITY.md	525	testname	TestService_NoAgentPath	grep for func TestService_NoAgentPath over *_test.go	HOLDS	
docs/build/REQUIREMENTS_TRACEABILITY.md	525	testname	TestSigningImportedOnlyByExecutionBoundary	grep for func TestSigningImportedOnlyByExecutionBoundary over *_test.go	HOLDS	
docs/build/REQUIREMENTS_TRACEABILITY.md	526	testname	FuzzParseTransactionResponse	grep for func FuzzParseTransactionResponse over *_test.go	HOLDS	
docs/build/REQUIREMENTS_TRACEABILITY.md	526	testname	TestChecker_NilEnabledFailsClosed	grep for func TestChecker_NilEnabledFailsClosed over *_test.go	HOLDS	
docs/build/REQUIREMENTS_TRACEABILITY.md	526	testname	TestEvaluate_ConfigAloneNeverActivates	grep for func TestEvaluate_ConfigAloneNeverActivates over *_test.go	HOLDS	
docs/build/REQUIREMENTS_TRACEABILITY.md	526	testname	TestInstallReleaseTool_APIErrorFailsClosed	grep for func TestInstallReleaseTool_APIErrorFailsClosed over *_test.go	HOLDS	
docs/build/REQUIREMENTS_TRACEABILITY.md	526	testname	TestInstallReleaseTool_ChecksumMismatch	grep for func TestInstallReleaseTool_ChecksumMismatch over *_test.go	HOLDS	
docs/build/REQUIREMENTS_TRACEABILITY.md	526	testname	TestIntegration_ForgedSignature	grep for func TestIntegration_ForgedSignature over *_test.go	HOLDS	
docs/build/REQUIREMENTS_TRACEABILITY.md	526	testname	TestIntegration_OversizedBody	grep for func TestIntegration_OversizedBody over *_test.go	HOLDS	
docs/build/REQUIREMENTS_TRACEABILITY.md	526	testname	TestIntegration_StaleTimestamp	grep for func TestIntegration_StaleTimestamp over *_test.go	HOLDS	
docs/build/REQUIREMENTS_TRACEABILITY.md	526	testname	TestLocalDefaultsAreNotProductionValid	grep for func TestLocalDefaultsAreNotProductionValid over *_test.go	HOLDS	
docs/build/REQUIREMENTS_TRACEABILITY.md	526	testname	TestOneEnvironmentVariableCannotEnableLiveMoney	grep for func TestOneEnvironmentVariableCannotEnableLiveMoney over *_test.go	HOLDS	
docs/build/REQUIREMENTS_TRACEABILITY.md	526	testname	TestProductionRefusesFakeProviders	grep for func TestProductionRefusesFakeProviders over *_test.go	HOLDS	
docs/build/REQUIREMENTS_TRACEABILITY.md	526	testname	TestProductionRefusesSeedAndDebugAuth	grep for func TestProductionRefusesSeedAndDebugAuth over *_test.go	HOLDS	
docs/build/REQUIREMENTS_TRACEABILITY.md	526	testname	TestProp_DuplicateWebhookOneEffect	grep for func TestProp_DuplicateWebhookOneEffect over *_test.go	HOLDS	
docs/build/REQUIREMENTS_TRACEABILITY.md	526	testname	TestRunRefusesFakeProvidersInProduction	grep for func TestRunRefusesFakeProvidersInProduction over *_test.go	HOLDS	
docs/build/REQUIREMENTS_TRACEABILITY.md	527	path	docs/threat-model/THREAT_MODEL.md	ls docs/threat-model/THREAT_MODEL.md	HOLDS	
docs/build/REQUIREMENTS_TRACEABILITY.md	527	testname	TestBareStateUpdateIsRefused	grep for func TestBareStateUpdateIsRefused over *_test.go	HOLDS	
docs/build/REQUIREMENTS_TRACEABILITY.md	527	testname	TestIntegration_StateChangeRequiresTransitionRow	grep for func TestIntegration_StateChangeRequiresTransitionRow over *_test.go	HOLDS	
docs/build/REQUIREMENTS_TRACEABILITY.md	528	testname	TestEachBudgetIsEnforcedIndependently	grep for func TestEachBudgetIsEnforcedIndependently over *_test.go	HOLDS	
docs/build/REQUIREMENTS_TRACEABILITY.md	528	testname	TestIntegration_CountOrders_FromPersistedIntents	grep for func TestIntegration_CountOrders_FromPersistedIntents over *_test.go	HOLDS	
docs/build/REQUIREMENTS_TRACEABILITY.md	528	testname	TestIntegration_RedisStore	grep for func TestIntegration_RedisStore over *_test.go	HOLDS	
docs/build/REQUIREMENTS_TRACEABILITY.md	528	testname	TestParseLimit	grep for func TestParseLimit over *_test.go	HOLDS	
docs/build/REQUIREMENTS_TRACEABILITY.md	528	testname	TestRateLimitStore_	grep for func TestRateLimitStore_ over *_test.go	HOLDS	
docs/build/REQUIREMENTS_TRACEABILITY.md	528	testname	TestRateLimitsAreConfigurableWithTheDocumentedDefaults	grep for func TestRateLimitsAreConfigurableWithTheDocumentedDefaults over *_test.go	HOLDS	
docs/build/REQUIREMENTS_TRACEABILITY.md	528	testname	TestRateLimitsCannotBeDisabledInProduction	grep for func TestRateLimitsCannotBeDisabledInProduction over *_test.go	HOLDS	
docs/build/REQUIREMENTS_TRACEABILITY.md	528	testname	TestReplicas_ASharedStoreOutageDoesNotBecomeAProcessLocalLimit	grep for func TestReplicas_ASharedStoreOutageDoesNotBecomeAProcessLocalLimit over *_test.go	HOLDS	
docs/build/REQUIREMENTS_TRACEABILITY.md	528	testname	TestReplicas_OneSharedStoreEnforcesOneBudget	grep for func TestReplicas_OneSharedStoreEnforcesOneBudget over *_test.go	HOLDS	
docs/build/REQUIREMENTS_TRACEABILITY.md	528	testname	TestReplicas_ProcessLocalCountersMultiplyTheBudget	grep for func TestReplicas_ProcessLocalCountersMultiplyTheBudget over *_test.go	HOLDS	
docs/build/REQUIREMENTS_TRACEABILITY.md	528	testname	TestService_TheAPINeedsRedisOnlyWhenItsCountersAreShared	grep for func TestService_TheAPINeedsRedisOnlyWhenItsCountersAreShared over *_test.go	HOLDS	
docs/build/REQUIREMENTS_TRACEABILITY.md	528	testname	TestValidate_RedisTLSBelongsToWhoeverActuallyUsesRedis	grep for func TestValidate_RedisTLSBelongsToWhoeverActuallyUsesRedis over *_test.go	HOLDS	
docs/build/REQUIREMENTS_TRACEABILITY.md	529	testname	TestHashToken_Deterministic	grep for func TestHashToken_Deterministic over *_test.go	HOLDS	
docs/build/REQUIREMENTS_TRACEABILITY.md	529	testname	TestRedactHandler_Composition	grep for func TestRedactHandler_Composition over *_test.go	HOLDS	
docs/build/REQUIREMENTS_TRACEABILITY.md	529	testname	TestRedacted	grep for func TestRedacted over *_test.go	HOLDS	
docs/build/REQUIREMENTS_TRACEABILITY.md	529	testname	TestRedaction_DenylistKeys	grep for func TestRedaction_DenylistKeys over *_test.go	HOLDS	
docs/build/REQUIREMENTS_TRACEABILITY.md	529	testname	TestRedaction_NestedGroups	grep for func TestRedaction_NestedGroups over *_test.go	HOLDS	
docs/build/REQUIREMENTS_TRACEABILITY.md	529	testname	TestRedaction_ValuePatterns	grep for func TestRedaction_ValuePatterns over *_test.go	HOLDS	
docs/build/REQUIREMENTS_TRACEABILITY.md	529	testname	TestSecretRef_Redacted	grep for func TestSecretRef_Redacted over *_test.go	HOLDS	
docs/build/REQUIREMENTS_TRACEABILITY.md	529	testname	TestSecret_NeverRenders	grep for func TestSecret_NeverRenders over *_test.go	HOLDS	
docs/build/REQUIREMENTS_TRACEABILITY.md	530	testname	TestCSRF_Matrix	grep for func TestCSRF_Matrix over *_test.go	HOLDS	
docs/build/REQUIREMENTS_TRACEABILITY.md	530	testname	TestChiIntegration	grep for func TestChiIntegration over *_test.go	HOLDS	
docs/build/REQUIREMENTS_TRACEABILITY.md	530	testname	TestCookieHelpers	grep for func TestCookieHelpers over *_test.go	HOLDS	
docs/build/REQUIREMENTS_TRACEABILITY.md	530	testname	TestManager_IdleTimeoutAndTouch	grep for func TestManager_IdleTimeoutAndTouch over *_test.go	HOLDS	
docs/build/REQUIREMENTS_TRACEABILITY.md	530	testname	TestManager_ListForSubject	grep for func TestManager_ListForSubject over *_test.go	HOLDS	
docs/build/REQUIREMENTS_TRACEABILITY.md	530	testname	TestManager_Revoke	grep for func TestManager_Revoke over *_test.go	HOLDS	
docs/build/REQUIREMENTS_TRACEABILITY.md	530	testname	TestManager_RevokeAllForSubject	grep for func TestManager_RevokeAllForSubject over *_test.go	HOLDS	
docs/build/REQUIREMENTS_TRACEABILITY.md	530	testname	TestManager_Rotate	grep for func TestManager_Rotate over *_test.go	HOLDS	
docs/build/REQUIREMENTS_TRACEABILITY.md	530	testname	TestSecureHeaders	grep for func TestSecureHeaders over *_test.go	HOLDS	
docs/build/REQUIREMENTS_TRACEABILITY.md	530	testname	TestSession_StoreOutageFailsClosed	grep for func TestSession_StoreOutageFailsClosed over *_test.go	HOLDS	
docs/build/REQUIREMENTS_TRACEABILITY.md	530	testname	TestSession_ValidCookieAttachesPrincipal	grep for func TestSession_ValidCookieAttachesPrincipal over *_test.go	HOLDS	
docs/build/REQUIREMENTS_TRACEABILITY.md	545	testname	TestEvaluate_ConfigAloneNeverActivates	grep for func TestEvaluate_ConfigAloneNeverActivates over *_test.go	HOLDS	
docs/build/REQUIREMENTS_TRACEABILITY.md	545	testname	TestIntegration_Bootstrap_Idempotent	grep for func TestIntegration_Bootstrap_Idempotent over *_test.go	HOLDS	
docs/build/REQUIREMENTS_TRACEABILITY.md	552	testname	TestAccessLogCarriesIdentifiersAndNoSecrets	grep for func TestAccessLogCarriesIdentifiersAndNoSecrets over *_test.go	HOLDS	
docs/build/REQUIREMENTS_TRACEABILITY.md	552	testname	TestClientSuppliedRequestIDIsEchoedAndUsedInProblems	grep for func TestClientSuppliedRequestIDIsEchoedAndUsedInProblems over *_test.go	HOLDS	
docs/build/REQUIREMENTS_TRACEABILITY.md	552	testname	TestContextIDs	grep for func TestContextIDs over *_test.go	HOLDS	
docs/build/REQUIREMENTS_TRACEABILITY.md	552	testname	TestHTTPMiddleware_GeneratesAndEchoesRequestID	grep for func TestHTTPMiddleware_GeneratesAndEchoesRequestID over *_test.go	HOLDS	
docs/build/REQUIREMENTS_TRACEABILITY.md	552	testname	TestHTTPMiddleware_ReplacesMalformedHeaders	grep for func TestHTTPMiddleware_ReplacesMalformedHeaders over *_test.go	HOLDS	
docs/build/REQUIREMENTS_TRACEABILITY.md	552	testname	TestIntegration_MetricsExportDepthLagAndOutcomes	grep for func TestIntegration_MetricsExportDepthLagAndOutcomes over *_test.go	HOLDS	
docs/build/REQUIREMENTS_TRACEABILITY.md	552	testname	TestRelayMetrics_ObserverCountsAttemptsAndRetries	grep for func TestRelayMetrics_ObserverCountsAttemptsAndRetries over *_test.go	HOLDS	
docs/build/REQUIREMENTS_TRACEABILITY.md	552	testname	TestSafeAttrs	grep for func TestSafeAttrs over *_test.go	HOLDS	
docs/build/REQUIREMENTS_TRACEABILITY.md	552	testname	TestSecureHeadersAndRequestIDArePresent	grep for func TestSecureHeadersAndRequestIDArePresent over *_test.go	HOLDS	
docs/build/REQUIREMENTS_TRACEABILITY.md	552	testname	TestSetup_ConfiguredProvidersAndShutdown	grep for func TestSetup_ConfiguredProvidersAndShutdown over *_test.go	HOLDS	
docs/build/REQUIREMENTS_TRACEABILITY.md	552	testname	TestSetup_FailsClosed	grep for func TestSetup_FailsClosed over *_test.go	HOLDS	
docs/build/REQUIREMENTS_TRACEABILITY.md	552	testname	TestSetup_TLSByDefaultOutsideInsecure	grep for func TestSetup_TLSByDefaultOutsideInsecure over *_test.go	HOLDS	
docs/build/REQUIREMENTS_TRACEABILITY.md	553	testname	TestFinancialMetrics_InstrumentNames	grep for func TestFinancialMetrics_InstrumentNames over *_test.go	HOLDS	
docs/build/REQUIREMENTS_TRACEABILITY.md	553	testname	TestMetrics_NilMeter	grep for func TestMetrics_NilMeter over *_test.go	HOLDS	
docs/build/REQUIREMENTS_TRACEABILITY.md	554	testname	TestExecutionMetrics_InstrumentNames	grep for func TestExecutionMetrics_InstrumentNames over *_test.go	HOLDS	
docs/build/REQUIREMENTS_TRACEABILITY.md	555	testname	TestAgentMetrics_InstrumentNames	grep for func TestAgentMetrics_InstrumentNames over *_test.go	HOLDS	
docs/build/REQUIREMENTS_TRACEABILITY.md	560	testname	TestGolden_Risk	grep for func TestGolden_Risk over *_test.go	HOLDS	
docs/build/REQUIREMENTS_TRACEABILITY.md	560	testname	TestReadyzReportsNotReadyWhenTheDatabaseIsDown	grep for func TestReadyzReportsNotReadyWhenTheDatabaseIsDown over *_test.go	HOLDS	
docs/build/REQUIREMENTS_TRACEABILITY.md	560	testname	TestReadyzReportsNotReadyWhileDraining	grep for func TestReadyzReportsNotReadyWhileDraining over *_test.go	HOLDS	
docs/build/REQUIREMENTS_TRACEABILITY.md	560	testname	TestRunnerSkipsWhenAModelIsRequiredButUnavailable	grep for func TestRunnerSkipsWhenAModelIsRequiredButUnavailable over *_test.go	HOLDS	
docs/build/REQUIREMENTS_TRACEABILITY.md	560	testname	TestSQLInjection_ExcludedTreesAreOffTheRequestPath	grep for func TestSQLInjection_ExcludedTreesAreOffTheRequestPath over *_test.go	HOLDS	
docs/build/REQUIREMENTS_TRACEABILITY.md	568	testname	TestEvaluate_EachConditionFailsWithDistinctReason	grep for func TestEvaluate_EachConditionFailsWithDistinctReason over *_test.go	HOLDS	
docs/build/REQUIREMENTS_TRACEABILITY.md	568	testname	TestEvaluate_LowRiskDoesNotRequireEvidenceRefs	grep for func TestEvaluate_LowRiskDoesNotRequireEvidenceRefs over *_test.go	HOLDS	
docs/build/REQUIREMENTS_TRACEABILITY.md	568	testname	TestIntegration_Lifecycle_ThreePrincipals	grep for func TestIntegration_Lifecycle_ThreePrincipals over *_test.go	HOLDS	
docs/build/REQUIREMENTS_TRACEABILITY.md	569	testname	TestEvaluate_EachConditionFailsWithDistinctReason	grep for func TestEvaluate_EachConditionFailsWithDistinctReason over *_test.go	HOLDS	
docs/build/REQUIREMENTS_TRACEABILITY.md	570	testname	TestCapabilities_And_HighRisk	grep for func TestCapabilities_And_HighRisk over *_test.go	HOLDS	
docs/build/REQUIREMENTS_TRACEABILITY.md	570	testname	TestEvaluate_EachConditionFailsWithDistinctReason	grep for func TestEvaluate_EachConditionFailsWithDistinctReason over *_test.go	HOLDS	
docs/build/REQUIREMENTS_TRACEABILITY.md	571	testname	TestEvaluate_EachConditionFailsWithDistinctReason	grep for func TestEvaluate_EachConditionFailsWithDistinctReason over *_test.go	HOLDS	
docs/build/REQUIREMENTS_TRACEABILITY.md	572	testname	TestValidate_NoFakeProvidersCoversEverySlot	grep for func TestValidate_NoFakeProvidersCoversEverySlot over *_test.go	HOLDS	
docs/build/REQUIREMENTS_TRACEABILITY.md	574	testname	TestEvaluate_EachConditionFailsWithDistinctReason	grep for func TestEvaluate_EachConditionFailsWithDistinctReason over *_test.go	HOLDS	
docs/build/REQUIREMENTS_TRACEABILITY.md	575	testname	TestIntegration_Bootstrap_Idempotent	grep for func TestIntegration_Bootstrap_Idempotent over *_test.go	HOLDS	
docs/build/REQUIREMENTS_TRACEABILITY.md	576	testname	TestValidate_ProdRulesIndividually	grep for func TestValidate_ProdRulesIndividually over *_test.go	HOLDS	
docs/build/REQUIREMENTS_TRACEABILITY.md	583	testname	TestThereIsNoSigningWalletOrPolicyEndpoint	grep for func TestThereIsNoSigningWalletOrPolicyEndpoint over *_test.go	HOLDS	
docs/build/REQUIREMENTS_TRACEABILITY.md	583	testname	TestValidate_ActionFieldMatrix	grep for func TestValidate_ActionFieldMatrix over *_test.go	HOLDS	
docs/build/REQUIREMENTS_TRACEABILITY.md	583	testname	TestValidate_Actions	grep for func TestValidate_Actions over *_test.go	HOLDS	
docs/build/REQUIREMENTS_TRACEABILITY.md	585	testname	TestAgentTreesNeverImportAuthority	grep for func TestAgentTreesNeverImportAuthority over *_test.go	HOLDS	
docs/build/REQUIREMENTS_TRACEABILITY.md	585	testname	TestSigningImportedOnlyByExecutionBoundary	grep for func TestSigningImportedOnlyByExecutionBoundary over *_test.go	HOLDS	
docs/build/REQUIREMENTS_TRACEABILITY.md	586	testname	TestClassify_StablecoinMatrix	grep for func TestClassify_StablecoinMatrix over *_test.go	HOLDS	
docs/build/REQUIREMENTS_TRACEABILITY.md	586	testname	TestMark_StablecoinContributionRule	grep for func TestMark_StablecoinContributionRule over *_test.go	HOLDS	
docs/build/REQUIREMENTS_TRACEABILITY.md	587	testname	TestCapabilities_And_HighRisk	grep for func TestCapabilities_And_HighRisk over *_test.go	HOLDS	
docs/build/REQUIREMENTS_TRACEABILITY.md	587	testname	TestIntegration_Bootstrap_Idempotent	grep for func TestIntegration_Bootstrap_Idempotent over *_test.go	HOLDS	
docs/build/REQUIREMENTS_TRACEABILITY.md	588	testname	TestThereIsNoBalanceEditingEndpoint	grep for func TestThereIsNoBalanceEditingEndpoint over *_test.go	HOLDS	
docs/build/REQUIREMENTS_TRACEABILITY.md	588	testname	TestThereIsNoSigningWalletOrPolicyEndpoint	grep for func TestThereIsNoSigningWalletOrPolicyEndpoint over *_test.go	HOLDS	
docs/build/REQUIREMENTS_TRACEABILITY.md	589	testname	TestIntegration_GateRefusedWithRealChecker	grep for func TestIntegration_GateRefusedWithRealChecker over *_test.go	HOLDS	
docs/build/REQUIREMENTS_TRACEABILITY.md	589	testname	TestValidateSolanaAddress	grep for func TestValidateSolanaAddress over *_test.go	HOLDS	
docs/build/REQUIREMENTS_TRACEABILITY.md	589	testname	TestWithdrawal_AlwaysRefusedToday	grep for func TestWithdrawal_AlwaysRefusedToday over *_test.go	HOLDS	
docs/build/REQUIREMENTS_TRACEABILITY.md	590	testname	TestCompute_Rejections	grep for func TestCompute_Rejections over *_test.go	HOLDS	
docs/build/REQUIREMENTS_TRACEABILITY.md	590	testname	TestIntegration_Bootstrap_Idempotent	grep for func TestIntegration_Bootstrap_Idempotent over *_test.go	HOLDS	
docs/build/REQUIREMENTS_TRACEABILITY.md	590	testname	TestProp_FeeNeverExceedsInputAndIsMonotone	grep for func TestProp_FeeNeverExceedsInputAndIsMonotone over *_test.go	HOLDS	
docs/build/REQUIREMENTS_TRACEABILITY.md	590	testname	TestZeroPolicy	grep for func TestZeroPolicy over *_test.go	HOLDS	
docs/build/REQUIREMENTS_TRACEABILITY.md	591	testname	TestAgentTreesNeverImportAuthority	grep for func TestAgentTreesNeverImportAuthority over *_test.go	HOLDS	
docs/build/REQUIREMENTS_TRACEABILITY.md	591	testname	TestDeriveEffects_IsClosed	grep for func TestDeriveEffects_IsClosed over *_test.go	HOLDS	
docs/build/REQUIREMENTS_TRACEABILITY.md	591	testname	TestEgressAllowlistFailsClosed	grep for func TestEgressAllowlistFailsClosed over *_test.go	HOLDS	
docs/build/REQUIREMENTS_TRACEABILITY.md	591	testname	TestEgressEmptyAllowlistBlocksEverything	grep for func TestEgressEmptyAllowlistBlocksEverything over *_test.go	HOLDS	
docs/build/REQUIREMENTS_TRACEABILITY.md	591	testname	TestEgressTransportHostMatching	grep for func TestEgressTransportHostMatching over *_test.go	HOLDS	
docs/build/REQUIREMENTS_TRACEABILITY.md	591	testname	TestStructural_RejectsUnboundedLoop	grep for func TestStructural_RejectsUnboundedLoop over *_test.go	HOLDS	
docs/build/REQUIREMENTS_TRACEABILITY.md	591	testname	TestToolAllowsHostMirrorsTheTransport	grep for func TestToolAllowsHostMirrorsTheTransport over *_test.go	HOLDS	
docs/build/REQUIREMENTS_TRACEABILITY.md	592	testname	TestAgentBoundaryNeverImportsSigning	grep for func TestAgentBoundaryNeverImportsSigning over *_test.go	HOLDS	
docs/build/REQUIREMENTS_TRACEABILITY.md	592	testname	TestAgentPrincipalPermissionSetIsClosed	grep for func TestAgentPrincipalPermissionSetIsClosed over *_test.go	HOLDS	
docs/build/REQUIREMENTS_TRACEABILITY.md	592	testname	TestAgentTreesNeverImportAuthority	grep for func TestAgentTreesNeverImportAuthority over *_test.go	HOLDS	
docs/build/REQUIREMENTS_TRACEABILITY.md	592	testname	TestNoAgentPathImportsWithdrawal	grep for func TestNoAgentPathImportsWithdrawal over *_test.go	HOLDS	
docs/build/REQUIREMENTS_TRACEABILITY.md	592	testname	TestService_NoAgentPath	grep for func TestService_NoAgentPath over *_test.go	HOLDS	
docs/build/REQUIREMENTS_TRACEABILITY.md	592	testname	TestSigningImportedOnlyByExecutionBoundary	grep for func TestSigningImportedOnlyByExecutionBoundary over *_test.go	HOLDS	
docs/build/REQUIREMENTS_TRACEABILITY.md	593	testname	TestEvaluate_PendingOnlyAssetIsValuedButNotHeld	grep for func TestEvaluate_PendingOnlyAssetIsValuedButNotHeld over *_test.go	HOLDS	
docs/build/REQUIREMENTS_TRACEABILITY.md	593	testname	TestEvaluate_Restrictions	grep for func TestEvaluate_Restrictions over *_test.go	HOLDS	
docs/build/REQUIREMENTS_TRACEABILITY.md	593	testname	TestPlanner_NeverEmitsReservedSteps	grep for func TestPlanner_NeverEmitsReservedSteps over *_test.go	HOLDS	
docs/build/REQUIREMENTS_TRACEABILITY.md	593	testname	TestV1Steps_CanonicalSequence	grep for func TestV1Steps_CanonicalSequence over *_test.go	HOLDS	
docs/build/REQUIREMENTS_TRACEABILITY.md	594	testname	TestIntegration_Bootstrap_Idempotent	grep for func TestIntegration_Bootstrap_Idempotent over *_test.go	HOLDS	
docs/build/REQUIREMENTS_TRACEABILITY.md	594	testname	TestValidate_ActionFieldMatrix	grep for func TestValidate_ActionFieldMatrix over *_test.go	HOLDS	
docs/build/REQUIREMENTS_TRACEABILITY.md	594	testname	TestValidate_Actions	grep for func TestValidate_Actions over *_test.go	HOLDS	
docs/build/REQUIREMENTS_TRACEABILITY.md	595	testname	TestCapabilities_And_HighRisk	grep for func TestCapabilities_And_HighRisk over *_test.go	HOLDS	
docs/build/REQUIREMENTS_TRACEABILITY.md	595	testname	TestIntegration_Bootstrap_Idempotent	grep for func TestIntegration_Bootstrap_Idempotent over *_test.go	HOLDS	
docs/build/REQUIREMENTS_TRACEABILITY.md	597	testname	TestBuildAndManifest	grep for func TestBuildAndManifest over *_test.go	HOLDS	
docs/build/REQUIREMENTS_TRACEABILITY.md	598	testname	TestOpen_RejectsEmptyURLAndBadPoolBounds	grep for func TestOpen_RejectsEmptyURLAndBadPoolBounds over *_test.go	HOLDS	
docs/build/REQUIREMENTS_TRACEABILITY.md	599	testname	TestKMSSigner_SignUsesDigestAndECDSASHA256	grep for func TestKMSSigner_SignUsesDigestAndECDSASHA256 over *_test.go	HOLDS	
docs/build/REQUIREMENTS_TRACEABILITY.md	599	testname	TestLocalSigner_RefusedInProductionLikeEnvironments	grep for func TestLocalSigner_RefusedInProductionLikeEnvironments over *_test.go	HOLDS	
docs/build/REQUIREMENTS_TRACEABILITY.md	599	testname	TestMerkle_ConventionIsDocumented	grep for func TestMerkle_ConventionIsDocumented over *_test.go	HOLDS	
docs/build/REQUIREMENTS_TRACEABILITY.md	599	testname	TestMerkle_RFC6962InclusionProofVectors	grep for func TestMerkle_RFC6962InclusionProofVectors over *_test.go	HOLDS	
docs/build/REQUIREMENTS_TRACEABILITY.md	599	testname	TestMerkle_RFC6962KnownAnswers	grep for func TestMerkle_RFC6962KnownAnswers over *_test.go	HOLDS	
docs/build/REQUIREMENTS_TRACEABILITY.md	600	testname	TestEveryGeneratedOperationHasAnExplicitPolicy	grep for func TestEveryGeneratedOperationHasAnExplicitPolicy over *_test.go	HOLDS	
docs/build/REQUIREMENTS_TRACEABILITY.md	600	testname	TestEveryStateChangingRouteIsMarkedMutating	grep for func TestEveryStateChangingRouteIsMarkedMutating over *_test.go	HOLDS	
docs/build/REQUIREMENTS_TRACEABILITY.md	601	testname	TestClassify_StablecoinMatrix	grep for func TestClassify_StablecoinMatrix over *_test.go	HOLDS	
docs/build/REQUIREMENTS_TRACEABILITY.md	601	testname	TestIntegration_Compliance_UpsertAuditsAndRejectsSelfAttestation	grep for func TestIntegration_Compliance_UpsertAuditsAndRejectsSelfAttestation over *_test.go	HOLDS	
docs/build/REQUIREMENTS_TRACEABILITY.md	602	testname	TestAgentTreesNeverImportAuthority	grep for func TestAgentTreesNeverImportAuthority over *_test.go	HOLDS	
docs/build/REQUIREMENTS_TRACEABILITY.md	602	testname	TestCheck_RejectsEveryForbiddenEffect	grep for func TestCheck_RejectsEveryForbiddenEffect over *_test.go	HOLDS	
docs/build/REQUIREMENTS_TRACEABILITY.md	602	testname	TestDeriveEffects_IsClosed	grep for func TestDeriveEffects_IsClosed over *_test.go	HOLDS	
docs/build/REQUIREMENTS_TRACEABILITY.md	603	testname	TestBrokerRefusesWhenThePerRunCallCapIsHit	grep for func TestBrokerRefusesWhenThePerRunCallCapIsHit over *_test.go	HOLDS	
docs/build/REQUIREMENTS_TRACEABILITY.md	603	testname	TestEachBudgetIsEnforcedIndependently	grep for func TestEachBudgetIsEnforcedIndependently over *_test.go	HOLDS	
docs/build/REQUIREMENTS_TRACEABILITY.md	603	testname	TestEgressAllowlistFailsClosed	grep for func TestEgressAllowlistFailsClosed over *_test.go	HOLDS	
docs/build/REQUIREMENTS_TRACEABILITY.md	603	testname	TestToolStatusGatesInvocation	grep for func TestToolStatusGatesInvocation over *_test.go	HOLDS	
docs/build/REQUIREMENTS_TRACEABILITY.md	604	testname	TestArchivedCheckpoint_ShapeAndReservedField	grep for func TestArchivedCheckpoint_ShapeAndReservedField over *_test.go	HOLDS	
docs/build/REQUIREMENTS_TRACEABILITY.md	604	testname	TestDocument_DigestIsCanonical	grep for func TestDocument_DigestIsCanonical over *_test.go	HOLDS	
docs/build/REQUIREMENTS_TRACEABILITY.md	605	testname	TestIntegration_IllegalTransitions	grep for func TestIntegration_IllegalTransitions over *_test.go	HOLDS	
docs/build/REQUIREMENTS_TRACEABILITY.md	605	testname	TestIntegration_KillSwitchNeverStopsReconciliation	grep for func TestIntegration_KillSwitchNeverStopsReconciliation over *_test.go	HOLDS	
docs/build/REQUIREMENTS_TRACEABILITY.md	605	testname	TestNoBalanceEditKindExists	grep for func TestNoBalanceEditKindExists over *_test.go	HOLDS	
docs/build/REQUIREMENTS_TRACEABILITY.md	605	testname	TestNoFloatingPointInSource	grep for func TestNoFloatingPointInSource over *_test.go	HOLDS	
docs/build/REQUIREMENTS_TRACEABILITY.md	605	testname	TestNoSurfaceOffersABalanceEdit	grep for func TestNoSurfaceOffersABalanceEdit over *_test.go	HOLDS	
docs/build/REQUIREMENTS_TRACEABILITY.md	605	testname	TestOneEnvironmentVariableCannotEnableLiveMoney	grep for func TestOneEnvironmentVariableCannotEnableLiveMoney over *_test.go	HOLDS	
docs/build/REQUIREMENTS_TRACEABILITY.md	605	testname	TestProductionRefusesFakeProviders	grep for func TestProductionRefusesFakeProviders over *_test.go	HOLDS	
docs/build/REQUIREMENTS_TRACEABILITY.md	605	testname	TestSigningImportedOnlyByExecutionBoundary	grep for func TestSigningImportedOnlyByExecutionBoundary over *_test.go	HOLDS	
docs/build/REQUIREMENTS_TRACEABILITY.md	605	testname	TestThereIsNoBalanceEditingEndpoint	grep for func TestThereIsNoBalanceEditingEndpoint over *_test.go	HOLDS	
docs/build/REQUIREMENTS_TRACEABILITY.md	607	path	internal/stream	ls internal/stream	HOLDS	
docs/build/REQUIREMENTS_TRACEABILITY.md	607	route	GET /v1/events/stream	grep the api.gen.go route table	HOLDS	
docs/build/REQUIREMENTS_TRACEABILITY.md	607	testname	TestEventIDs_SurviveARestart	grep for func TestEventIDs_SurviveARestart over *_test.go	HOLDS	
docs/build/REQUIREMENTS_TRACEABILITY.md	607	testname	TestSSEHandler_ARevokedSessionStopsStreaming	grep for func TestSSEHandler_ARevokedSessionStopsStreaming over *_test.go	HOLDS	
docs/build/REQUIREMENTS_TRACEABILITY.md	607	testname	TestSSE_CapsConcurrentStreamsPerPerson	grep for func TestSSE_CapsConcurrentStreamsPerPerson over *_test.go	HOLDS	
docs/build/REQUIREMENTS_TRACEABILITY.md	607	testname	TestSSE_DeliversANotificationAndADataChangeAfterAnEmit	grep for func TestSSE_DeliversANotificationAndADataChangeAfterAnEmit over *_test.go	HOLDS	
docs/build/REQUIREMENTS_TRACEABILITY.md	607	testname	TestSSE_ResumesFromTheDurableRecordBeforeTheBuffer	grep for func TestSSE_ResumesFromTheDurableRecordBeforeTheBuffer over *_test.go	HOLDS	
docs/build/REQUIREMENTS_TRACEABILITY.md	607	testname	TestSubscribe_ResyncsWhateverTheBufferCannotProve	grep for func TestSubscribe_ResyncsWhateverTheBufferCannotProve over *_test.go	HOLDS	
docs/build/REQUIREMENTS_TRACEABILITY.md	607	testname	TestVisibility_ANotificationGoesToItsRecipientAndNobodyElse	grep for func TestVisibility_ANotificationGoesToItsRecipientAndNobodyElse over *_test.go	HOLDS	
docs/build/REQUIREMENTS_TRACEABILITY.md	608	path	cmd/api	ls cmd/api	HOLDS	
docs/build/REQUIREMENTS_TRACEABILITY.md	608	path	internal/httpapi	ls internal/httpapi	HOLDS	
docs/build/REQUIREMENTS_TRACEABILITY.md	608	path	internal/notifications	ls internal/notifications	HOLDS	
docs/build/REQUIREMENTS_TRACEABILITY.md	608	route	GET /v1/me/notifications	grep the api.gen.go route table	HOLDS	
docs/build/REQUIREMENTS_TRACEABILITY.md	608	route	PUT /v1/me/notification-preferences	grep the api.gen.go route table	HOLDS	
docs/build/REQUIREMENTS_TRACEABILITY.md	608	testname	TestIntegration_ASwitchedOffKindIsNotWrittenAndAFixedOneIgnoresTheSwitch	grep for func TestIntegration_ASwitchedOffKindIsNotWrittenAndAFixedOneIgnoresTheSwitch over *_test.go	HOLDS	
docs/build/REQUIREMENTS_TRACEABILITY.md	608	testname	TestIntegration_TheCentreIsTheCallersOwnAndNobodyElses	grep for func TestIntegration_TheCentreIsTheCallersOwnAndNobodyElses over *_test.go	HOLDS	
docs/build/REQUIREMENTS_TRACEABILITY.md	608	testname	TestNotifications_ListIsScopedToTheCallerAndCarriesTheFilter	grep for func TestNotifications_ListIsScopedToTheCallerAndCarriesTheFilter over *_test.go	HOLDS	
docs/build/REQUIREMENTS_TRACEABILITY.md	608	testname	TestNotifications_MarkReadAndReadAllAreCommands	grep for func TestNotifications_MarkReadAndReadAllAreCommands over *_test.go	HOLDS	
docs/build/REQUIREMENTS_TRACEABILITY.md	608	testname	TestNotifications_PreferencesRoundTripAndReportWhatIsEnforced	grep for func TestNotifications_PreferencesRoundTripAndReportWhatIsEnforced over *_test.go	HOLDS	
docs/build/REQUIREMENTS_TRACEABILITY.md	608	testname	TestNotifications_TheDomainsRefusalIsRenderedNotSwallowed	grep for func TestNotifications_TheDomainsRefusalIsRenderedNotSwallowed over *_test.go	HOLDS	
docs/build/REQUIREMENTS_TRACEABILITY.md	608	testname	TestStateMappings_CoverEveryStateTheColumnAdmitsOrDeliberatelyDoNot	grep for func TestStateMappings_CoverEveryStateTheColumnAdmitsOrDeliberatelyDoNot over *_test.go	HOLDS	
docs/build/REQUIREMENTS_TRACEABILITY.md	608	testname	TestSuppressible_TheFiveThatCannotBeSwitchedOff	grep for func TestSuppressible_TheFiveThatCannotBeSwitchedOff over *_test.go	HOLDS	
docs/build/REQUIREMENTS_TRACEABILITY.md	609	path	internal/httpapi	ls internal/httpapi	HOLDS	
docs/build/REQUIREMENTS_TRACEABILITY.md	609	route	GET /v1/me/audit	grep the api.gen.go route table	HOLDS	
docs/build/REQUIREMENTS_TRACEABILITY.md	609	testname	TestIntegration_MeAudit_ReadsBothTrailsAndNobodyElses	grep for func TestIntegration_MeAudit_ReadsBothTrailsAndNobodyElses over *_test.go	HOLDS	
docs/build/REQUIREMENTS_TRACEABILITY.md	609	testname	TestMeAudit_ANilPortAnswersUnsupported	grep for func TestMeAudit_ANilPortAnswersUnsupported over *_test.go	HOLDS	
docs/build/REQUIREMENTS_TRACEABILITY.md	609	testname	TestMeAudit_ReadsTheCallersOwnHistoryAndNamesNoOperator	grep for func TestMeAudit_ReadsTheCallersOwnHistoryAndNamesNoOperator over *_test.go	HOLDS	
docs/build/REQUIREMENTS_TRACEABILITY.md	611	route	GET /v1/accounts/{id}/activity	grep the api.gen.go route table	HOLDS	
docs/build/REQUIREMENTS_TRACEABILITY.md	611	route	GET /v1/admin/agents	grep the api.gen.go route table	HOLDS	
docs/build/REQUIREMENTS_TRACEABILITY.md	611	route	GET /v1/admin/reconciliation/records	grep the api.gen.go route table	HOLDS	
docs/build/REQUIREMENTS_TRACEABILITY.md	611	route	GET /v1/admin/users/{userId}	grep the api.gen.go route table	HOLDS	
docs/build/REQUIREMENTS_TRACEABILITY.md	611	route	GET /v1/credits/balance	grep the api.gen.go route table	HOLDS	
docs/build/REQUIREMENTS_TRACEABILITY.md	612	route	POST /v1/admin/accounts/{id}/status	grep the api.gen.go route table	HOLDS	
docs/build/REQUIREMENTS_TRACEABILITY.md	612	testname	TestNoBalanceEditKindExists	grep for func TestNoBalanceEditKindExists over *_test.go	HOLDS	
docs/build/REQUIREMENTS_TRACEABILITY.md	612	testname	TestNoSurfaceOffersABalanceEdit	grep for func TestNoSurfaceOffersABalanceEdit over *_test.go	HOLDS	
docs/build/REQUIREMENTS_TRACEABILITY.md	612	testname	TestThereIsNoBalanceEditingEndpoint	grep for func TestThereIsNoBalanceEditingEndpoint over *_test.go	HOLDS	
docs/build/REQUIREMENTS_TRACEABILITY.md	613	route	GET /v1/admin/agents	grep the api.gen.go route table	HOLDS	
docs/build/REQUIREMENTS_TRACEABILITY.md	613	route	GET /v1/admin/providers	grep the api.gen.go route table	HOLDS	
docs/build/REQUIREMENTS_TRACEABILITY.md	613	route	GET /v1/admin/users/{userId}	grep the api.gen.go route table	HOLDS	
docs/build/REQUIREMENTS_TRACEABILITY.md	613	route	POST /v1/admin/agents/{agentId}/pause	grep the api.gen.go route table	HOLDS	
docs/build/REQUIREMENTS_TRACEABILITY.md	613	route	POST /v1/admin/users/{userId}/closure	grep the api.gen.go route table	HOLDS	
docs/build/REQUIREMENTS_TRACEABILITY.md	614	route	GET /v1/admin/gates/{capability}/history	grep the api.gen.go route table	HOLDS	
docs/build/REQUIREMENTS_TRACEABILITY.md	614	route	POST /v1/admin/gates/{capability}/{action}	grep the api.gen.go route table	HOLDS	
docs/build/REQUIREMENTS_TRACEABILITY.md	614	testname	TestEvaluateWith_SandboxRowIsActiveOnlyOnASandboxTier	grep for func TestEvaluateWith_SandboxRowIsActiveOnlyOnASandboxTier over *_test.go	HOLDS	
docs/build/REQUIREMENTS_TRACEABILITY.md	614	testname	TestIntegration_SandboxGate	grep for func TestIntegration_SandboxGate over *_test.go	HOLDS	
docs/build/REQUIREMENTS_TRACEABILITY.md	614	testname	TestSandboxIsNotOnThePathToActive	grep for func TestSandboxIsNotOnThePathToActive over *_test.go	HOLDS	
docs/build/REQUIREMENTS_TRACEABILITY.md	614	testname	TestSandboxOpIsRefusedOutsideASandboxTier	grep for func TestSandboxOpIsRefusedOutsideASandboxTier over *_test.go	HOLDS	
docs/build/REQUIREMENTS_TRACEABILITY.md	616	testname	TestAuthorityGolden	grep for func TestAuthorityGolden over *_test.go	HOLDS	
docs/build/REQUIREMENTS_TRACEABILITY.md	616	testname	TestConsoleBuiltArtifactsMatchTheirSource	grep for func TestConsoleBuiltArtifactsMatchTheirSource over *_test.go	HOLDS	
docs/build/REQUIREMENTS_TRACEABILITY.md	616	testname	TestDecisionVectorsGolden	grep for func TestDecisionVectorsGolden over *_test.go	HOLDS	
docs/build/REQUIREMENTS_TRACEABILITY.md	630	testname	TestIntegration_Profile_AHandleIsGloballyUnique	grep for func TestIntegration_Profile_AHandleIsGloballyUnique over *_test.go	HOLDS	
docs/build/REQUIREMENTS_TRACEABILITY.md	630	testname	TestIntegration_Profile_HasNoPersonalDataColumn	grep for func TestIntegration_Profile_HasNoPersonalDataColumn over *_test.go	HOLDS	
docs/build/REQUIREMENTS_TRACEABILITY.md	630	testname	TestIntegration_Profile_IsCreatedLazilyAndOnlyOnce	grep for func TestIntegration_Profile_IsCreatedLazilyAndOnlyOnce over *_test.go	HOLDS	
docs/build/REQUIREMENTS_TRACEABILITY.md	630	testname	TestIntegration_Profile_UpdateStampsTheStepOnceAndIsAudited	grep for func TestIntegration_Profile_UpdateStampsTheStepOnceAndIsAudited over *_test.go	HOLDS	
docs/build/REQUIREMENTS_TRACEABILITY.md	631	path	internal/profile	ls internal/profile	HOLDS	
docs/build/REQUIREMENTS_TRACEABILITY.md	631	route	POST /v1/me/profile	grep the api.gen.go route table	HOLDS	
docs/build/REQUIREMENTS_TRACEABILITY.md	631	testname	TestAvatarSeedFor	grep for func TestAvatarSeedFor over *_test.go	HOLDS	
docs/build/REQUIREMENTS_TRACEABILITY.md	631	testname	TestReservedHandles_AreAllShapesAHandleCouldOtherwiseTake	grep for func TestReservedHandles_AreAllShapesAHandleCouldOtherwiseTake over *_test.go	HOLDS	
docs/build/REQUIREMENTS_TRACEABILITY.md	631	testname	TestValidateDisplayName_Accepts	grep for func TestValidateDisplayName_Accepts over *_test.go	HOLDS	
docs/build/REQUIREMENTS_TRACEABILITY.md	631	testname	TestValidateDisplayName_BoundsRunesNotBytes	grep for func TestValidateDisplayName_BoundsRunesNotBytes over *_test.go	HOLDS	
docs/build/REQUIREMENTS_TRACEABILITY.md	631	testname	TestValidateDisplayName_Refuses	grep for func TestValidateDisplayName_Refuses over *_test.go	HOLDS	
docs/build/REQUIREMENTS_TRACEABILITY.md	631	testname	TestValidateHandle_AcceptsAndLowerCases	grep for func TestValidateHandle_AcceptsAndLowerCases over *_test.go	HOLDS	
docs/build/REQUIREMENTS_TRACEABILITY.md	631	testname	TestValidateHandle_Refuses	grep for func TestValidateHandle_Refuses over *_test.go	HOLDS	
docs/build/REQUIREMENTS_TRACEABILITY.md	631	testname	TestValidateLocale	grep for func TestValidateLocale over *_test.go	HOLDS	
docs/build/REQUIREMENTS_TRACEABILITY.md	631	testname	TestValidateTimeZone	grep for func TestValidateTimeZone over *_test.go	HOLDS	
docs/build/REQUIREMENTS_TRACEABILITY.md	632	testname	TestClosureStateMachine_EveryPair	grep for func TestClosureStateMachine_EveryPair over *_test.go	HOLDS	
docs/build/REQUIREMENTS_TRACEABILITY.md	632	testname	TestIntegration_Closure_AnOperatorCannotDecideTheirOwnRequest	grep for func TestIntegration_Closure_AnOperatorCannotDecideTheirOwnRequest over *_test.go	HOLDS	
docs/build/REQUIREMENTS_TRACEABILITY.md	632	testname	TestIntegration_Closure_CannotBeEffectedBeforeTheCoolingOffPeriod	grep for func TestIntegration_Closure_CannotBeEffectedBeforeTheCoolingOffPeriod over *_test.go	HOLDS	
docs/build/REQUIREMENTS_TRACEABILITY.md	632	testname	TestIntegration_Closure_EffectingClosesTheUserTheAccountsAndTheSessions	grep for func TestIntegration_Closure_EffectingClosesTheUserTheAccountsAndTheSessions over *_test.go	HOLDS	
docs/build/REQUIREMENTS_TRACEABILITY.md	632	testname	TestIntegration_Closure_RefusalCarriesItsReasonAndClosesNothing	grep for func TestIntegration_Closure_RefusalCarriesItsReasonAndClosesNothing over *_test.go	HOLDS	
docs/build/REQUIREMENTS_TRACEABILITY.md	632	testname	TestIntegration_Closure_RequestWaitsAndCanBeCancelled	grep for func TestIntegration_Closure_RequestWaitsAndCanBeCancelled over *_test.go	HOLDS	
docs/build/REQUIREMENTS_TRACEABILITY.md	633	testname	TestIntegration_Login_FirstLoginCreatesUserAccountSession	grep for func TestIntegration_Login_FirstLoginCreatesUserAccountSession over *_test.go	HOLDS	
docs/build/REQUIREMENTS_TRACEABILITY.md	633	testname	TestIntegration_UserStatus_MovesOnlyThroughATransitionRow	grep for func TestIntegration_UserStatus_MovesOnlyThroughATransitionRow over *_test.go	HOLDS	
docs/build/REQUIREMENTS_TRACEABILITY.md	634	route	GET /v1/me	grep the api.gen.go route table	HOLDS	
docs/build/REQUIREMENTS_TRACEABILITY.md	634	testname	TestBuildTermsView_OutstandingIsOnboardingOnly	grep for func TestBuildTermsView_OutstandingIsOnboardingOnly over *_test.go	HOLDS	
docs/build/REQUIREMENTS_TRACEABILITY.md	634	testname	TestIntegration_Terms_AcceptanceCompletesOnboardingAndIsIdempotent	grep for func TestIntegration_Terms_AcceptanceCompletesOnboardingAndIsIdempotent over *_test.go	HOLDS	
docs/build/REQUIREMENTS_TRACEABILITY.md	634	testname	TestOnboarding_StepsAndNextStep	grep for func TestOnboarding_StepsAndNextStep over *_test.go	HOLDS	
docs/build/REQUIREMENTS_TRACEABILITY.md	634	testname	TestRegistry_CreditsTermsSayCreditsAreNotWithdrawable	grep for func TestRegistry_CreditsTermsSayCreditsAreNotWithdrawable over *_test.go	HOLDS	
docs/build/REQUIREMENTS_TRACEABILITY.md	634	testname	TestRegistry_OnboardingAsksForFourDocumentsAndNotTheWithdrawalOne	grep for func TestRegistry_OnboardingAsksForFourDocumentsAndNotTheWithdrawalOne over *_test.go	HOLDS	
docs/build/REQUIREMENTS_TRACEABILITY.md	635	route	DELETE /v1/sessions/{sessionId}	grep the api.gen.go route table	HOLDS	
docs/build/REQUIREMENTS_TRACEABILITY.md	635	route	GET /v1/me/security	grep the api.gen.go route table	HOLDS	
docs/build/REQUIREMENTS_TRACEABILITY.md	635	route	GET /v1/sessions	grep the api.gen.go route table	HOLDS	
docs/build/REQUIREMENTS_TRACEABILITY.md	635	testname	TestProfile_SecuritySummaryDoesNotReportAStepUpThatNeverHappened	grep for func TestProfile_SecuritySummaryDoesNotReportAStepUpThatNeverHappened over *_test.go	HOLDS	
docs/build/REQUIREMENTS_TRACEABILITY.md	635	testname	TestProfile_SecuritySummaryIsDerivedFromSessions	grep for func TestProfile_SecuritySummaryIsDerivedFromSessions over *_test.go	HOLDS	
docs/build/REQUIREMENTS_TRACEABILITY.md	636	route	POST /v1/me/profile	grep the api.gen.go route table	HOLDS	
docs/build/REQUIREMENTS_TRACEABILITY.md	636	testname	TestProfile_SupportViewDoesNotInventAVerificationLevel	grep for func TestProfile_SupportViewDoesNotInventAVerificationLevel over *_test.go	HOLDS	
docs/build/REQUIREMENTS_TRACEABILITY.md	637	route	GET /v1/admin/users/{userId}	grep the api.gen.go route table	HOLDS	
docs/build/REQUIREMENTS_TRACEABILITY.md	637	route	POST /v1/admin/users/{userId}/closure	grep the api.gen.go route table	HOLDS	
docs/build/REQUIREMENTS_TRACEABILITY.md	637	testname	TestIntegration_AdminUserView_IsAReadWithNoPersonalData	grep for func TestIntegration_AdminUserView_IsAReadWithNoPersonalData over *_test.go	HOLDS	
docs/build/REQUIREMENTS_TRACEABILITY.md	637	testname	TestProfile_ACustomerCannotReachTheSupportView	grep for func TestProfile_ACustomerCannotReachTheSupportView over *_test.go	HOLDS	
docs/build/REQUIREMENTS_TRACEABILITY.md	637	testname	TestProfile_AnAccountNamesItsOwner	grep for func TestProfile_AnAccountNamesItsOwner over *_test.go	HOLDS	
docs/build/REQUIREMENTS_TRACEABILITY.md	637	testname	TestProfile_DecidingAClosureRequiresStepUp	grep for func TestProfile_DecidingAClosureRequiresStepUp over *_test.go	HOLDS	
docs/build/REQUIREMENTS_TRACEABILITY.md	637	testname	TestProfile_DecisionIsPassedThroughUnchanged	grep for func TestProfile_DecisionIsPassedThroughUnchanged over *_test.go	HOLDS	
docs/build/REQUIREMENTS_TRACEABILITY.md	637	testname	TestProfile_SupportReadOnlyCanLookButNotDecide	grep for func TestProfile_SupportReadOnlyCanLookButNotDecide over *_test.go	HOLDS	
docs/build/REQUIREMENTS_TRACEABILITY.md	638	testname	TestBootstrap_APrincipalWithEveryRoleCannotActivateAGateAlone	grep for func TestBootstrap_APrincipalWithEveryRoleCannotActivateAGateAlone over *_test.go	HOLDS	
docs/build/REQUIREMENTS_TRACEABILITY.md	638	testname	TestBootstrap_APrincipalWithEveryRoleStillCannotApproveItsOwnProposal	grep for func TestBootstrap_APrincipalWithEveryRoleStillCannotApproveItsOwnProposal over *_test.go	HOLDS	
docs/build/REQUIREMENTS_TRACEABILITY.md	638	testname	TestBootstrap_NoDirectoryRoleHoldsADualControlPermission	grep for func TestBootstrap_NoDirectoryRoleHoldsADualControlPermission over *_test.go	HOLDS	
docs/build/REQUIREMENTS_TRACEABILITY.md	638	testname	TestIntegration_Bootstrap_DoesNotRestoreARevokedGrant	grep for func TestIntegration_Bootstrap_DoesNotRestoreARevokedGrant over *_test.go	HOLDS	
docs/build/REQUIREMENTS_TRACEABILITY.md	638	testname	TestIntegration_Bootstrap_GrantsNothingToAnUndeclaredIdentity	grep for func TestIntegration_Bootstrap_GrantsNothingToAnUndeclaredIdentity over *_test.go	HOLDS	
docs/build/REQUIREMENTS_TRACEABILITY.md	638	testname	TestIntegration_Bootstrap_GrantsTheDeclaredRoleAtLogin	grep for func TestIntegration_Bootstrap_GrantsTheDeclaredRoleAtLogin over *_test.go	HOLDS	
docs/build/REQUIREMENTS_TRACEABILITY.md	638	testname	TestIntegration_Bootstrap_IsIdempotent	grep for func TestIntegration_Bootstrap_IsIdempotent over *_test.go	HOLDS	
docs/build/REQUIREMENTS_TRACEABILITY.md	638	testname	TestIntegration_Bootstrap_MatchesOnIssuerAsWellAsSubject	grep for func TestIntegration_Bootstrap_MatchesOnIssuerAsWellAsSubject over *_test.go	HOLDS	
docs/build/REQUIREMENTS_TRACEABILITY.md	639	path	internal/terms	ls internal/terms	HOLDS	
docs/build/REQUIREMENTS_TRACEABILITY.md	639	route	GET /v1/me/terms-acceptances	grep the api.gen.go route table	HOLDS	
docs/build/REQUIREMENTS_TRACEABILITY.md	639	testname	TestProfile_TermsCollectionCarriesTheDocumentAndItsWarning	grep for func TestProfile_TermsCollectionCarriesTheDocumentAndItsWarning over *_test.go	HOLDS	
docs/build/REQUIREMENTS_TRACEABILITY.md	639	testname	TestRegistry_AllDocumentIDsIsSortedAndComplete	grep for func TestRegistry_AllDocumentIDsIsSortedAndComplete over *_test.go	HOLDS	
docs/build/REQUIREMENTS_TRACEABILITY.md	639	testname	TestRegistry_ContentHashesAreDistinctAndLineEndingIndependent	grep for func TestRegistry_ContentHashesAreDistinctAndLineEndingIndependent over *_test.go	HOLDS	
docs/build/REQUIREMENTS_TRACEABILITY.md	639	testname	TestRegistry_EveryDeclaredDocumentLoads	grep for func TestRegistry_EveryDeclaredDocumentLoads over *_test.go	HOLDS	
docs/build/REQUIREMENTS_TRACEABILITY.md	639	testname	TestRegistry_EveryDocumentIsMarkedForCounselReview	grep for func TestRegistry_EveryDocumentIsMarkedForCounselReview over *_test.go	HOLDS	
docs/build/REQUIREMENTS_TRACEABILITY.md	640	route	POST /v1/me/terms-acceptances	grep the api.gen.go route table	HOLDS	
docs/build/REQUIREMENTS_TRACEABILITY.md	640	testname	TestBuildTermsView_AcceptanceCountsOnlyAtTheCurrentBytes	grep for func TestBuildTermsView_AcceptanceCountsOnlyAtTheCurrentBytes over *_test.go	HOLDS	
docs/build/REQUIREMENTS_TRACEABILITY.md	640	testname	TestIntegration_Terms_AStaleHashIsOutstandingAgain	grep for func TestIntegration_Terms_AStaleHashIsOutstandingAgain over *_test.go	HOLDS	
docs/build/REQUIREMENTS_TRACEABILITY.md	640	testname	TestIntegration_Terms_AcceptanceCompletesOnboardingAndIsIdempotent	grep for func TestIntegration_Terms_AcceptanceCompletesOnboardingAndIsIdempotent over *_test.go	HOLDS	
docs/build/REQUIREMENTS_TRACEABILITY.md	640	testname	TestIntegration_Terms_AnAcceptanceCannotBeEditedOrDeleted	grep for func TestIntegration_Terms_AnAcceptanceCannotBeEditedOrDeleted over *_test.go	HOLDS	
docs/build/REQUIREMENTS_TRACEABILITY.md	641	testname	TestIntegration_Bootstrap_IsIdempotent	grep for func TestIntegration_Bootstrap_IsIdempotent over *_test.go	HOLDS	
docs/build/REQUIREMENTS_TRACEABILITY.md	641	testname	TestIntegration_Closure_EffectingClosesTheUserTheAccountsAndTheSessions	grep for func TestIntegration_Closure_EffectingClosesTheUserTheAccountsAndTheSessions over *_test.go	HOLDS	
docs/build/REQUIREMENTS_TRACEABILITY.md	641	testname	TestIntegration_Profile_IsCreatedLazilyAndOnlyOnce	grep for func TestIntegration_Profile_IsCreatedLazilyAndOnlyOnce over *_test.go	HOLDS	
docs/build/REQUIREMENTS_TRACEABILITY.md	641	testname	TestIntegration_Profile_UpdateStampsTheStepOnceAndIsAudited	grep for func TestIntegration_Profile_UpdateStampsTheStepOnceAndIsAudited over *_test.go	HOLDS	
docs/build/REQUIREMENTS_TRACEABILITY.md	641	testname	TestIntegration_Terms_AcceptanceCompletesOnboardingAndIsIdempotent	grep for func TestIntegration_Terms_AcceptanceCompletesOnboardingAndIsIdempotent over *_test.go	HOLDS	
docs/build/REQUIREMENTS_TRACEABILITY.md	642	testname	TestIntegration_Closure_CannotBeEffectedBeforeTheCoolingOffPeriod	grep for func TestIntegration_Closure_CannotBeEffectedBeforeTheCoolingOffPeriod over *_test.go	HOLDS	
docs/build/REQUIREMENTS_TRACEABILITY.md	642	testname	TestIntegration_EveryAuditedEntityBindsTheEdge	grep for func TestIntegration_EveryAuditedEntityBindsTheEdge over *_test.go	HOLDS	
docs/build/REQUIREMENTS_TRACEABILITY.md	642	testname	TestIntegration_StateChangeRequiresTransitionRow	grep for func TestIntegration_StateChangeRequiresTransitionRow over *_test.go	HOLDS	
docs/build/REQUIREMENTS_TRACEABILITY.md	642	testname	TestIntegration_UserStatus_MovesOnlyThroughATransitionRow	grep for func TestIntegration_UserStatus_MovesOnlyThroughATransitionRow over *_test.go	HOLDS	
docs/build/REQUIREMENTS_TRACEABILITY.md	653	path	internal/nativemarket	ls internal/nativemarket	HOLDS	
docs/build/REQUIREMENTS_TRACEABILITY.md	653	testname	TestIntegration_SupplyIsConservedAcrossManyTrades	grep for func TestIntegration_SupplyIsConservedAcrossManyTrades over *_test.go	HOLDS	
docs/build/REQUIREMENTS_TRACEABILITY.md	653	testname	TestProp_RealReserveNeverGoesNegative	grep for func TestProp_RealReserveNeverGoesNegative over *_test.go	HOLDS	
docs/build/REQUIREMENTS_TRACEABILITY.md	654	route	GET /v1/me/activity	grep the api.gen.go route table	HOLDS	
docs/build/REQUIREMENTS_TRACEABILITY.md	654	route	GET /v1/me/portfolio	grep the api.gen.go route table	HOLDS	
docs/build/REQUIREMENTS_TRACEABILITY.md	654	route	GET /v1/native-markets	grep the api.gen.go route table	HOLDS	
docs/build/REQUIREMENTS_TRACEABILITY.md	654	testname	TestGetMeActivity_RendersAmountsWithTheirUnitAndTemperature	grep for func TestGetMeActivity_RendersAmountsWithTheirUnitAndTemperature over *_test.go	HOLDS	
docs/build/REQUIREMENTS_TRACEABILITY.md	654	testname	TestGetMePortfolio_StatesItsAsOfAndItsTemperatures	grep for func TestGetMePortfolio_StatesItsAsOfAndItsTemperatures over *_test.go	HOLDS	
docs/build/REQUIREMENTS_TRACEABILITY.md	654	testname	TestGetNativeMarkets_PassesEveryFilterThroughAndSaysWhetherPagingIsStable	grep for func TestGetNativeMarkets_PassesEveryFilterThroughAndSaysWhetherPagingIsStable over *_test.go	HOLDS	
docs/build/REQUIREMENTS_TRACEABILITY.md	655	gosymbol	internal/nativemarket/discovery.go	go symbol selector, not a path	UNCHECKABLE	
docs/build/REQUIREMENTS_TRACEABILITY.md	655	testname	TestIntegration_MarketDiscoveryFiltersSortsAndSearches	grep for func TestIntegration_MarketDiscoveryFiltersSortsAndSearches over *_test.go	HOLDS	
docs/build/REQUIREMENTS_TRACEABILITY.md	656	testname	TestEscapeLike_NeutralisesTheWildcards	grep for func TestEscapeLike_NeutralisesTheWildcards over *_test.go	HOLDS	
docs/build/REQUIREMENTS_TRACEABILITY.md	656	testname	TestIntegration_MarketDiscoveryFiltersSortsAndSearches	grep for func TestIntegration_MarketDiscoveryFiltersSortsAndSearches over *_test.go	HOLDS	
docs/build/REQUIREMENTS_TRACEABILITY.md	656	testname	TestIntegration_PagingNewestSeesEveryMarketExactlyOnce	grep for func TestIntegration_PagingNewestSeesEveryMarketExactlyOnce over *_test.go	HOLDS	
docs/build/REQUIREMENTS_TRACEABILITY.md	656	testname	TestListCursor_IsOpaqueAndRefusesTampering	grep for func TestListCursor_IsOpaqueAndRefusesTampering over *_test.go	HOLDS	
docs/build/REQUIREMENTS_TRACEABILITY.md	656	testname	TestSortBy_OnlyNewestIsStable	grep for func TestSortBy_OnlyNewestIsStable over *_test.go	HOLDS	
docs/build/REQUIREMENTS_TRACEABILITY.md	657	path	internal/demo	ls internal/demo	HOLDS	
docs/build/REQUIREMENTS_TRACEABILITY.md	657	testname	TestIntegration_SeedingIsIdempotentAndEverythingItMakesIsLabelled	grep for func TestIntegration_SeedingIsIdempotentAndEverythingItMakesIsLabelled over *_test.go	HOLDS	
docs/build/REQUIREMENTS_TRACEABILITY.md	657	testname	TestIntegration_TheActivityFeedSeesWhatTheSeederDid	grep for func TestIntegration_TheActivityFeedSeesWhatTheSeederDid over *_test.go	HOLDS	
docs/build/REQUIREMENTS_TRACEABILITY.md	658	route	GET /v1/native-markets/{id}/summary	grep the api.gen.go route table	HOLDS	
docs/build/REQUIREMENTS_TRACEABILITY.md	658	testname	TestGetCandles_RequiresItsWindowAndCarriesItsScales	grep for func TestGetCandles_RequiresItsWindowAndCarriesItsScales over *_test.go	HOLDS	
docs/build/REQUIREMENTS_TRACEABILITY.md	658	testname	TestGetNativeMarketsMarketIdSummary_ReportsTheLimitsInForce	grep for func TestGetNativeMarketsMarketIdSummary_ReportsTheLimitsInForce over *_test.go	HOLDS	
docs/build/REQUIREMENTS_TRACEABILITY.md	658	testname	TestGetTrades_TheTapeCarriesNoAccount	grep for func TestGetTrades_TheTapeCarriesNoAccount over *_test.go	HOLDS	
docs/build/REQUIREMENTS_TRACEABILITY.md	659	path	internal/money	ls internal/money	HOLDS	
docs/build/REQUIREMENTS_TRACEABILITY.md	659	path	scripts/lintfin	ls scripts/lintfin	HOLDS	
docs/build/REQUIREMENTS_TRACEABILITY.md	659	testname	TestNoFloatingPointInSource	grep for func TestNoFloatingPointInSource over *_test.go	HOLDS	
docs/build/REQUIREMENTS_TRACEABILITY.md	659	testname	TestPosition_AverageCostAndMarketValue	grep for func TestPosition_AverageCostAndMarketValue over *_test.go	HOLDS	
docs/build/REQUIREMENTS_TRACEABILITY.md	659	testname	TestSQLInjection_EveryStatementIsBuiltFromConstants	grep for func TestSQLInjection_EveryStatementIsBuiltFromConstants over *_test.go	HOLDS	
docs/build/REQUIREMENTS_TRACEABILITY.md	660	testname	TestCandleRequest_TheWindowIsBounded	grep for func TestCandleRequest_TheWindowIsBounded over *_test.go	HOLDS	
docs/build/REQUIREMENTS_TRACEABILITY.md	660	testname	TestIntegration_APrintThatDisagreesWithItsFillIsRefused	grep for func TestIntegration_APrintThatDisagreesWithItsFillIsRefused over *_test.go	HOLDS	
docs/build/REQUIREMENTS_TRACEABILITY.md	660	testname	TestIntegration_CandlesMatchHandComputedFixtures	grep for func TestIntegration_CandlesMatchHandComputedFixtures over *_test.go	HOLDS	
docs/build/REQUIREMENTS_TRACEABILITY.md	660	testname	TestIntervals_AreAClosedSetWithRealDurations	grep for func TestIntervals_AreAClosedSetWithRealDurations over *_test.go	HOLDS	
docs/build/REQUIREMENTS_TRACEABILITY.md	661	path	internal/credit	ls internal/credit	HOLDS	
docs/build/REQUIREMENTS_TRACEABILITY.md	661	route	GET /v1/me/portfolio	grep the api.gen.go route table	HOLDS	
docs/build/REQUIREMENTS_TRACEABILITY.md	661	testname	TestGetMePortfolio_StatesItsAsOfAndItsTemperatures	grep for func TestGetMePortfolio_StatesItsAsOfAndItsTemperatures over *_test.go	HOLDS	
docs/build/REQUIREMENTS_TRACEABILITY.md	661	testname	TestIntegration_PositionsAgreeWithTheGoStatementOfTheArithmetic	grep for func TestIntegration_PositionsAgreeWithTheGoStatementOfTheArithmetic over *_test.go	HOLDS	
docs/build/REQUIREMENTS_TRACEABILITY.md	661	testname	TestPosition_RealisedPnLIsProceedsLessBasisRemoved	grep for func TestPosition_RealisedPnLIsProceedsLessBasisRemoved over *_test.go	HOLDS	
docs/build/REQUIREMENTS_TRACEABILITY.md	661	testname	TestProp_PositionQuantityIsAlwaysTheSumOfItsFills	grep for func TestProp_PositionQuantityIsAlwaysTheSumOfItsFills over *_test.go	HOLDS	
docs/build/REQUIREMENTS_TRACEABILITY.md	662	testname	TestGetMePortfolio_StatesItsAsOfAndItsTemperatures	grep for func TestGetMePortfolio_StatesItsAsOfAndItsTemperatures over *_test.go	HOLDS	
docs/build/REQUIREMENTS_TRACEABILITY.md	662	testname	TestTemperature_SimulatedWinsOverEverything	grep for func TestTemperature_SimulatedWinsOverEverything over *_test.go	HOLDS	
docs/build/REQUIREMENTS_TRACEABILITY.md	664	path	internal/activity	ls internal/activity	HOLDS	
docs/build/REQUIREMENTS_TRACEABILITY.md	664	testname	TestEveryKindHasASource	grep for func TestEveryKindHasASource over *_test.go	HOLDS	
docs/build/REQUIREMENTS_TRACEABILITY.md	664	testname	TestEveryKindHasASummaryTemplate	grep for func TestEveryKindHasASummaryTemplate over *_test.go	HOLDS	
docs/build/REQUIREMENTS_TRACEABILITY.md	664	testname	TestEverySourceIsInTheCompiledQuery	grep for func TestEverySourceIsInTheCompiledQuery over *_test.go	HOLDS	
docs/build/REQUIREMENTS_TRACEABILITY.md	664	testname	TestIntegration_TheActivityFeedSeesWhatTheSeederDid	grep for func TestIntegration_TheActivityFeedSeesWhatTheSeederDid over *_test.go	HOLDS	
docs/build/REQUIREMENTS_TRACEABILITY.md	664	testname	TestSummary_NeverCarriesACharacterSomebodyChose	grep for func TestSummary_NeverCarriesACharacterSomebodyChose over *_test.go	HOLDS	
docs/build/REQUIREMENTS_TRACEABILITY.md	665	testname	TestIntegration_MarketDiscoveryFiltersSortsAndSearches	grep for func TestIntegration_MarketDiscoveryFiltersSortsAndSearches over *_test.go	HOLDS	
docs/build/REQUIREMENTS_TRACEABILITY.md	666	route	GET /credits/balance	grep the api.gen.go route table	HOLDS	
docs/build/REQUIREMENTS_TRACEABILITY.md	666	testname	TestGetMePortfolio_StatesItsAsOfAndItsTemperatures	grep for func TestGetMePortfolio_StatesItsAsOfAndItsTemperatures over *_test.go	HOLDS	
docs/build/REQUIREMENTS_TRACEABILITY.md	666	testname	TestTemperature_SimulatedWinsOverEverything	grep for func TestTemperature_SimulatedWinsOverEverything over *_test.go	HOLDS	
docs/build/REQUIREMENTS_TRACEABILITY.md	667	testname	TestCheckOpeningLiquidity_AtTheBoundary	grep for func TestCheckOpeningLiquidity_AtTheBoundary over *_test.go	HOLDS	
docs/build/REQUIREMENTS_TRACEABILITY.md	667	testname	TestCheckSafety_CreatorSelfBuyIsAPolicyChoice	grep for func TestCheckSafety_CreatorSelfBuyIsAPolicyChoice over *_test.go	HOLDS	
docs/build/REQUIREMENTS_TRACEABILITY.md	667	testname	TestCheckSafety_EachLimitAtItsBoundary	grep for func TestCheckSafety_EachLimitAtItsBoundary over *_test.go	HOLDS	
docs/build/REQUIREMENTS_TRACEABILITY.md	667	testname	TestIntegration_SurveillanceRaisesAlertsWithoutBlocking	grep for func TestIntegration_SurveillanceRaisesAlertsWithoutBlocking over *_test.go	HOLDS	
docs/build/REQUIREMENTS_TRACEABILITY.md	667	testname	TestIntegration_TheSafetyPolicyRefusesWhatItSaysItRefuses	grep for func TestIntegration_TheSafetyPolicyRefusesWhatItSaysItRefuses over *_test.go	HOLDS	
docs/build/REQUIREMENTS_TRACEABILITY.md	668	path	scripts/marketsafety	ls scripts/marketsafety	HOLDS	
docs/build/REQUIREMENTS_TRACEABILITY.md	668	testname	TestBreakerPauseStatus_LetsHoldersOut	grep for func TestBreakerPauseStatus_LetsHoldersOut over *_test.go	HOLDS	
docs/build/REQUIREMENTS_TRACEABILITY.md	668	testname	TestIntegration_TheBreakerDoesNotTripOnAMoveOutsideItsWindow	grep for func TestIntegration_TheBreakerDoesNotTripOnAMoveOutsideItsWindow over *_test.go	HOLDS	
docs/build/REQUIREMENTS_TRACEABILITY.md	668	testname	TestIntegration_TheCircuitBreakerPausesToCloseOnly	grep for func TestIntegration_TheCircuitBreakerPausesToCloseOnly over *_test.go	HOLDS	
docs/build/REQUIREMENTS_TRACEABILITY.md	669	testname	TestConservativeSafetyPolicy_IsComplete	grep for func TestConservativeSafetyPolicy_IsComplete over *_test.go	HOLDS	
docs/build/REQUIREMENTS_TRACEABILITY.md	669	testname	TestParseSafetyPolicy_RejectsWhatItShould	grep for func TestParseSafetyPolicy_RejectsWhatItShould over *_test.go	HOLDS	
docs/build/REQUIREMENTS_TRACEABILITY.md	669	testname	TestSafetyPolicy_HashChangesWithEveryLimit	grep for func TestSafetyPolicy_HashChangesWithEveryLimit over *_test.go	HOLDS	
docs/build/REQUIREMENTS_TRACEABILITY.md	669	testname	TestSafetyPolicy_MissingLimitIsRefused	grep for func TestSafetyPolicy_MissingLimitIsRefused over *_test.go	HOLDS	
docs/build/REQUIREMENTS_TRACEABILITY.md	670	path	cmd/api	ls cmd/api	HOLDS	
docs/build/REQUIREMENTS_TRACEABILITY.md	670	path	internal/demo	ls internal/demo	HOLDS	
docs/build/REQUIREMENTS_TRACEABILITY.md	670	testname	TestIntegration_DemoCreditsCanBeSpentAndCanNeverLeave	grep for func TestIntegration_DemoCreditsCanBeSpentAndCanNeverLeave over *_test.go	HOLDS	
docs/build/REQUIREMENTS_TRACEABILITY.md	670	testname	TestIntegration_SeedingIsIdempotentAndEverythingItMakesIsLabelled	grep for func TestIntegration_SeedingIsIdempotentAndEverythingItMakesIsLabelled over *_test.go	HOLDS	
docs/build/REQUIREMENTS_TRACEABILITY.md	670	testname	TestIntegration_TheSeederRefusesWhereItMustRefuse	grep for func TestIntegration_TheSeederRefusesWhereItMustRefuse over *_test.go	HOLDS	
docs/build/REQUIREMENTS_TRACEABILITY.md	678	path	docs/product/VERIFICATION_AND_WITHDRAWAL.md	ls docs/product/VERIFICATION_AND_WITHDRAWAL.md	HOLDS	
docs/build/REQUIREMENTS_TRACEABILITY.md	682	gosymbol	internal/eligibility/withdrawal.go	go symbol selector, not a path	UNCHECKABLE	
docs/build/REQUIREMENTS_TRACEABILITY.md	682	path	internal/httpapi/handlers_eligibility.go	ls internal/httpapi/handlers_eligibility.go	HOLDS	
docs/build/REQUIREMENTS_TRACEABILITY.md	682	path	internal/verification	ls internal/verification	HOLDS	
docs/build/REQUIREMENTS_TRACEABILITY.md	682	route	GET /v1/me/eligibility	grep the api.gen.go route table	HOLDS	
docs/build/REQUIREMENTS_TRACEABILITY.md	682	testname	TestExplainWithdrawal_AccountAndPlatformRefusalsApplyEverywhere	grep for func TestExplainWithdrawal_AccountAndPlatformRefusalsApplyEverywhere over *_test.go	HOLDS	
docs/build/REQUIREMENTS_TRACEABILITY.md	682	testname	TestExplainWithdrawal_TheSandboxPolicyPerOrigin	grep for func TestExplainWithdrawal_TheSandboxPolicyPerOrigin over *_test.go	HOLDS	
docs/build/REQUIREMENTS_TRACEABILITY.md	682	testname	TestExplainWithdrawal_VerificationIsANextStepNotADenial	grep for func TestExplainWithdrawal_VerificationIsANextStepNotADenial over *_test.go	HOLDS	
docs/build/REQUIREMENTS_TRACEABILITY.md	682	testname	TestIntegration_TheSandboxJourneyEndToEnd	grep for func TestIntegration_TheSandboxJourneyEndToEnd over *_test.go	HOLDS	
docs/build/REQUIREMENTS_TRACEABILITY.md	683	gosymbol	internal/compliance/profile.go	go symbol selector, not a path	UNCHECKABLE	
docs/build/REQUIREMENTS_TRACEABILITY.md	683	gosymbol	internal/verification/state.go	go symbol selector, not a path	UNCHECKABLE	
docs/build/REQUIREMENTS_TRACEABILITY.md	683	testname	TestIntegration_TheVerificationStateIsNotTheApplicationsToWrite	grep for func TestIntegration_TheVerificationStateIsNotTheApplicationsToWrite over *_test.go	HOLDS	
docs/build/REQUIREMENTS_TRACEABILITY.md	683	testname	TestStateMachine_EveryEdgeIsTheOneIntended	grep for func TestStateMachine_EveryEdgeIsTheOneIntended over *_test.go	HOLDS	
docs/build/REQUIREMENTS_TRACEABILITY.md	683	testname	TestStateMachine_NobodyBecomesVerifiedWithoutADecision	grep for func TestStateMachine_NobodyBecomesVerifiedWithoutADecision over *_test.go	HOLDS	
docs/build/REQUIREMENTS_TRACEABILITY.md	683	testname	TestVerificationStatesAgreeAcrossPackages	grep for func TestVerificationStatesAgreeAcrossPackages over *_test.go	HOLDS	
docs/build/REQUIREMENTS_TRACEABILITY.md	684	gosymbol	internal/verification/provider.go	go symbol selector, not a path	UNCHECKABLE	
docs/build/REQUIREMENTS_TRACEABILITY.md	684	testname	TestIntegration_SessionBirthControlAndOneOpenPerPerson	grep for func TestIntegration_SessionBirthControlAndOneOpenPerPerson over *_test.go	HOLDS	
docs/build/REQUIREMENTS_TRACEABILITY.md	684	testname	TestIntegration_VerificationNeverTouchesACredit	grep for func TestIntegration_VerificationNeverTouchesACredit over *_test.go	HOLDS	
docs/build/REQUIREMENTS_TRACEABILITY.md	684	testname	TestRegistry_RefusesASandboxWhereSandboxesAreNotAllowed	grep for func TestRegistry_RefusesASandboxWhereSandboxesAreNotAllowed over *_test.go	HOLDS	
docs/build/REQUIREMENTS_TRACEABILITY.md	685	gosymbol	internal/verification.Provider	go symbol selector, not a path	UNCHECKABLE	
docs/build/REQUIREMENTS_TRACEABILITY.md	685	path	internal/provider/verifysandbox	ls internal/provider/verifysandbox	HOLDS	
docs/build/REQUIREMENTS_TRACEABILITY.md	685	testname	TestGet_ThereIsNoDefaultOutcome	grep for func TestGet_ThereIsNoDefaultOutcome over *_test.go	HOLDS	
docs/build/REQUIREMENTS_TRACEABILITY.md	685	testname	TestNew_RefusesProd	grep for func TestNew_RefusesProd over *_test.go	HOLDS	
docs/build/REQUIREMENTS_TRACEABILITY.md	685	testname	TestSetOutcome_EachOneAnswersItsOwnChecks	grep for func TestSetOutcome_EachOneAnswersItsOwnChecks over *_test.go	HOLDS	
docs/build/REQUIREMENTS_TRACEABILITY.md	686	gosymbol	internal/verification/evidence.go	go symbol selector, not a path	UNCHECKABLE	
docs/build/REQUIREMENTS_TRACEABILITY.md	686	path	internal/verification/rules	ls internal/verification/rules	HOLDS	
docs/build/REQUIREMENTS_TRACEABILITY.md	686	testname	TestAge_ThresholdsOnlyEverRise	grep for func TestAge_ThresholdsOnlyEverRise over *_test.go	HOLDS	
docs/build/REQUIREMENTS_TRACEABILITY.md	686	testname	TestAge_UnknownIsNotAPass	grep for func TestAge_UnknownIsNotAPass over *_test.go	HOLDS	
docs/build/REQUIREMENTS_TRACEABILITY.md	686	testname	TestEvidenceSatisfies_FailsClosedInEveryDirection	grep for func TestEvidenceSatisfies_FailsClosedInEveryDirection over *_test.go	HOLDS	
docs/build/REQUIREMENTS_TRACEABILITY.md	686	testname	TestEvidenceSatisfies_PEPIsEnhancedOnly	grep for func TestEvidenceSatisfies_PEPIsEnhancedOnly over *_test.go	HOLDS	
docs/build/REQUIREMENTS_TRACEABILITY.md	686	testname	TestIntegration_AnUnofferedJurisdictionIsRefusedBeforeAnythingStarts	grep for func TestIntegration_AnUnofferedJurisdictionIsRefusedBeforeAnythingStarts over *_test.go	HOLDS	
docs/build/REQUIREMENTS_TRACEABILITY.md	686	testname	TestJurisdiction_TheAllowlistIsTheControl	grep for func TestJurisdiction_TheAllowlistIsTheControl over *_test.go	HOLDS	
docs/build/REQUIREMENTS_TRACEABILITY.md	687	testname	TestCapabilities_SupportsOnlyWhatItCanActuallyDo	grep for func TestCapabilities_SupportsOnlyWhatItCanActuallyDo over *_test.go	HOLDS	
docs/build/REQUIREMENTS_TRACEABILITY.md	688	testname	TestIntegration_AQuoteMustMatchTheRequestItFunds	grep for func TestIntegration_AQuoteMustMatchTheRequestItFunds over *_test.go	HOLDS	
docs/build/REQUIREMENTS_TRACEABILITY.md	688	testname	TestIntegration_AQuoteStandsAndIsSpentOnce	grep for func TestIntegration_AQuoteStandsAndIsSpentOnce over *_test.go	HOLDS	
docs/build/REQUIREMENTS_TRACEABILITY.md	688	testname	TestIntegration_AnExpiredQuoteRefusesThePayout	grep for func TestIntegration_AnExpiredQuoteRefusesThePayout over *_test.go	HOLDS	
docs/build/REQUIREMENTS_TRACEABILITY.md	688	testname	TestQuoteFee_AnUnpublishedModelIsNotAFreeOne	grep for func TestQuoteFee_AnUnpublishedModelIsNotAFreeOne over *_test.go	HOLDS	
docs/build/REQUIREMENTS_TRACEABILITY.md	689	path	internal/credit	ls internal/credit	HOLDS	
docs/build/REQUIREMENTS_TRACEABILITY.md	689	path	internal/ledger	ls internal/ledger	HOLDS	
docs/build/REQUIREMENTS_TRACEABILITY.md	689	path	internal/verification	ls internal/verification	HOLDS	
docs/build/REQUIREMENTS_TRACEABILITY.md	689	testname	TestIntegration_VerificationNeverTouchesACredit	grep for func TestIntegration_VerificationNeverTouchesACredit over *_test.go	HOLDS	
docs/build/REQUIREMENTS_TRACEABILITY.md	689	testname	TestThereIsNoBalanceEditingEndpoint	grep for func TestThereIsNoBalanceEditingEndpoint over *_test.go	HOLDS	
docs/build/REQUIREMENTS_TRACEABILITY.md	690	gosymbol	internal/eligibility/withdrawal.go	go symbol selector, not a path	UNCHECKABLE	
docs/build/REQUIREMENTS_TRACEABILITY.md	690	gosymbol	internal/payout/provenance.go	go symbol selector, not a path	UNCHECKABLE	
docs/build/REQUIREMENTS_TRACEABILITY.md	690	path	internal/credit	ls internal/credit	HOLDS	
docs/build/REQUIREMENTS_TRACEABILITY.md	690	path	internal/valuedomain	ls internal/valuedomain	HOLDS	
docs/build/REQUIREMENTS_TRACEABILITY.md	690	testname	TestDecisionProvenance_IsBoundedByTheEligibleAmount	grep for func TestDecisionProvenance_IsBoundedByTheEligibleAmount over *_test.go	HOLDS	
docs/build/REQUIREMENTS_TRACEABILITY.md	690	testname	TestExplainWithdrawal_TheDefaultPolicyRefusesEveryOrigin	grep for func TestExplainWithdrawal_TheDefaultPolicyRefusesEveryOrigin over *_test.go	HOLDS	
docs/build/REQUIREMENTS_TRACEABILITY.md	690	testname	TestIntegration_APayoutSaysWhatValueIsLeaving	grep for func TestIntegration_APayoutSaysWhatValueIsLeaving over *_test.go	HOLDS	
docs/build/REQUIREMENTS_TRACEABILITY.md	690	testname	TestProvenance_ReportsConsumptionOrder	grep for func TestProvenance_ReportsConsumptionOrder over *_test.go	HOLDS	
docs/build/REQUIREMENTS_TRACEABILITY.md	691	gosymbol	internal/verification/snapshot.go	go symbol selector, not a path	UNCHECKABLE	
docs/build/REQUIREMENTS_TRACEABILITY.md	691	path	internal/httpapi/handlers_verification.go	ls internal/httpapi/handlers_verification.go	HOLDS	
docs/build/REQUIREMENTS_TRACEABILITY.md	691	route	GET /v1/me/eligibility	grep the api.gen.go route table	HOLDS	
docs/build/REQUIREMENTS_TRACEABILITY.md	691	route	GET /v1/me/payout-destinations	grep the api.gen.go route table	HOLDS	
docs/build/REQUIREMENTS_TRACEABILITY.md	691	route	GET /v1/me/verification	grep the api.gen.go route table	HOLDS	
docs/build/REQUIREMENTS_TRACEABILITY.md	691	testname	TestEvidenceSatisfies_TheLatestAnswerWins	grep for func TestEvidenceSatisfies_TheLatestAnswerWins over *_test.go	HOLDS	
docs/build/REQUIREMENTS_TRACEABILITY.md	691	testname	TestIntegration_TheSandboxJourneyEndToEnd	grep for func TestIntegration_TheSandboxJourneyEndToEnd over *_test.go	HOLDS	
docs/build/REQUIREMENTS_TRACEABILITY.md	692	gosymbol	internal/httpapi/authz.go	go symbol selector, not a path	UNCHECKABLE	
docs/build/REQUIREMENTS_TRACEABILITY.md	692	gosymbol	internal/payout/destination.go	go symbol selector, not a path	UNCHECKABLE	
docs/build/REQUIREMENTS_TRACEABILITY.md	692	path	internal/httpapi/handlers_payout_destinations.go	ls internal/httpapi/handlers_payout_destinations.go	HOLDS	
docs/build/REQUIREMENTS_TRACEABILITY.md	692	testname	TestDestinationLifecycle_EveryEdgeIsTheOneIntended	grep for func TestDestinationLifecycle_EveryEdgeIsTheOneIntended over *_test.go	HOLDS	
docs/build/REQUIREMENTS_TRACEABILITY.md	692	testname	TestIntegration_ADestinationStatusIsNotTheApplicationsToWrite	grep for func TestIntegration_ADestinationStatusIsNotTheApplicationsToWrite over *_test.go	HOLDS	
docs/build/REQUIREMENTS_TRACEABILITY.md	692	testname	TestIntegration_DestinationLifecycleAndWhoMayMoveIt	grep for func TestIntegration_DestinationLifecycleAndWhoMayMoveIt over *_test.go	HOLDS	
docs/build/REQUIREMENTS_TRACEABILITY.md	692	testname	TestValidateDestinationToken_RefusesTheThingItReplaces	grep for func TestValidateDestinationToken_RefusesTheThingItReplaces over *_test.go	HOLDS	
docs/build/REQUIREMENTS_TRACEABILITY.md	692	testname	TestValidateMaskedDisplay	grep for func TestValidateMaskedDisplay over *_test.go	HOLDS	
docs/build/REQUIREMENTS_TRACEABILITY.md	694	path	internal/activity	ls internal/activity	HOLDS	
docs/build/REQUIREMENTS_TRACEABILITY.md	694	testname	TestEveryKindHasASource	grep for func TestEveryKindHasASource over *_test.go	HOLDS	
docs/build/REQUIREMENTS_TRACEABILITY.md	694	testname	TestEveryKindHasASummaryTemplate	grep for func TestEveryKindHasASummaryTemplate over *_test.go	HOLDS	
docs/build/REQUIREMENTS_TRACEABILITY.md	694	testname	TestEverySourceIsInTheCompiledQuery	grep for func TestEverySourceIsInTheCompiledQuery over *_test.go	HOLDS	
docs/build/REQUIREMENTS_TRACEABILITY.md	694	testname	TestIntegration_AMarketPauseReachesItsTradersAndItsCreator	grep for func TestIntegration_AMarketPauseReachesItsTradersAndItsCreator over *_test.go	HOLDS	
docs/build/REQUIREMENTS_TRACEABILITY.md	694	testname	TestIntegration_ASandboxVerificationIsLabelledSimulated	grep for func TestIntegration_ASandboxVerificationIsLabelledSimulated over *_test.go	HOLDS	
docs/build/REQUIREMENTS_TRACEABILITY.md	694	testname	TestIntegration_EveryBranchOfTheUnionRunsAgainstTheRealSchema	grep for func TestIntegration_EveryBranchOfTheUnionRunsAgainstTheRealSchema over *_test.go	HOLDS	
docs/build/REQUIREMENTS_TRACEABILITY.md	694	testname	TestIntegration_TheProductDomainsAppearOnTheTimeline	grep for func TestIntegration_TheProductDomainsAppearOnTheTimeline over *_test.go	HOLDS	
docs/build/REQUIREMENTS_TRACEABILITY.md	694	testname	TestSources_TheProductKindsScopeToTheAccountInTheParameter	grep for func TestSources_TheProductKindsScopeToTheAccountInTheParameter over *_test.go	HOLDS	
docs/build/REQUIREMENTS_TRACEABILITY.md	694	testname	TestSummary_TheProductKindsSayWhatHappened	grep for func TestSummary_TheProductKindsSayWhatHappened over *_test.go	HOLDS	
docs/build/REQUIREMENTS_TRACEABILITY.md	695	path	cmd/api	ls cmd/api	HOLDS	
docs/build/REQUIREMENTS_TRACEABILITY.md	695	path	internal/activity	ls internal/activity	HOLDS	
docs/build/REQUIREMENTS_TRACEABILITY.md	695	path	internal/agents	ls internal/agents	HOLDS	
docs/build/REQUIREMENTS_TRACEABILITY.md	695	path	internal/notifications	ls internal/notifications	HOLDS	
docs/build/REQUIREMENTS_TRACEABILITY.md	695	testname	TestAgentPauseCopy_NamesTheReasonAndNotThePerson	grep for func TestAgentPauseCopy_NamesTheReasonAndNotThePerson over *_test.go	HOLDS	
docs/build/REQUIREMENTS_TRACEABILITY.md	695	testname	TestIntegration_AnOperatorPauseTellsTheOwnerOnceAndOnlyOnce	grep for func TestIntegration_AnOperatorPauseTellsTheOwnerOnceAndOnlyOnce over *_test.go	HOLDS	
docs/build/REQUIREMENTS_TRACEABILITY.md	695	testname	TestIntegration_OnlySomebodyElsesPauseTellsTheOwner	grep for func TestIntegration_OnlySomebodyElsesPauseTellsTheOwner over *_test.go	HOLDS	
docs/build/REQUIREMENTS_TRACEABILITY.md	695	testname	TestIntegration_TheOtherAgentEventsTellNobody	grep for func TestIntegration_TheOtherAgentEventsTellNobody over *_test.go	HOLDS	
docs/build/REQUIREMENTS_TRACEABILITY.md	695	testname	TestIntegration_TheOwnersOwnPauseTellsNobody	grep for func TestIntegration_TheOwnersOwnPauseTellsNobody over *_test.go	HOLDS	
docs/build/REQUIREMENTS_TRACEABILITY.md	696	route	GET /v1/me/eligibility	grep the api.gen.go route table	HOLDS	
docs/build/REQUIREMENTS_TRACEABILITY.md	696	testname	TestDisclosureRefusal_NamesTheDocumentAndTheStepThatFixesIt	grep for func TestDisclosureRefusal_NamesTheDocumentAndTheStepThatFixesIt over *_test.go	HOLDS	
docs/build/REQUIREMENTS_TRACEABILITY.md	696	testname	TestExplainWithdrawal_TheDisclosureIsAStepAndNotARefusal	grep for func TestExplainWithdrawal_TheDisclosureIsAStepAndNotARefusal over *_test.go	HOLDS	
docs/build/REQUIREMENTS_TRACEABILITY.md	696	testname	TestIntegration_APayoutIsRefusedUntilTheDisclosureIsAccepted	grep for func TestIntegration_APayoutIsRefusedUntilTheDisclosureIsAccepted over *_test.go	HOLDS	
docs/build/REQUIREMENTS_TRACEABILITY.md	696	testname	TestIntegration_AQuoteIsRefusedBeforeItIsPriced	grep for func TestIntegration_AQuoteIsRefusedBeforeItIsPriced over *_test.go	HOLDS	
docs/build/REQUIREMENTS_TRACEABILITY.md	696	testname	TestIntegration_AnAcceptanceOfOtherBytesDoesNotCount	grep for func TestIntegration_AnAcceptanceOfOtherBytesDoesNotCount over *_test.go	HOLDS	
docs/build/REQUIREMENTS_TRACEABILITY.md	696	testname	TestIntegration_AnUnwiredRegistryRefusesRatherThanPermits	grep for func TestIntegration_AnUnwiredRegistryRefusesRatherThanPermits over *_test.go	HOLDS	
docs/build/REQUIREMENTS_TRACEABILITY.md	696	testname	TestIntegration_TheDisclosureIsReadForTheAccountsOwner	grep for func TestIntegration_TheDisclosureIsReadForTheAccountsOwner over *_test.go	HOLDS	
docs/build/REQUIREMENTS_TRACEABILITY.md	696	testname	TestIntegration_TheEligibilityExplanationReportsItAsAStep	grep for func TestIntegration_TheEligibilityExplanationReportsItAsAStep over *_test.go	HOLDS	
docs/build/REQUIREMENTS_TRACEABILITY.md	696	testname	TestRequiredDisclosure_IsTheRegistrysOwn	grep for func TestRequiredDisclosure_IsTheRegistrysOwn over *_test.go	HOLDS	
docs/build/REQUIREMENTS_TRACEABILITY.md	697	path	cmd/api	ls cmd/api	HOLDS	
docs/build/REQUIREMENTS_TRACEABILITY.md	697	testname	TestIntegration_TheResolverDidNotNeedTheSweep	grep for func TestIntegration_TheResolverDidNotNeedTheSweep over *_test.go	HOLDS	
docs/build/REQUIREMENTS_TRACEABILITY.md	697	testname	TestIntegration_TheSweepExpiresOnlyWhatIsOverdue	grep for func TestIntegration_TheSweepExpiresOnlyWhatIsOverdue over *_test.go	HOLDS	
docs/build/REQUIREMENTS_TRACEABILITY.md	697	testname	TestIntegration_TheSweepIsIdempotentAndFindsNothingTwice	grep for func TestIntegration_TheSweepIsIdempotentAndFindsNothingTwice over *_test.go	HOLDS	
docs/build/REQUIREMENTS_TRACEABILITY.md	697	testname	TestIntegration_TheSweepLeavesEveryOtherStateAlone	grep for func TestIntegration_TheSweepLeavesEveryOtherStateAlone over *_test.go	HOLDS	
docs/build/REQUIREMENTS_TRACEABILITY.md	698	path	scripts/seedeconomy	ls scripts/seedeconomy	HOLDS	
docs/build/REQUIREMENTS_TRACEABILITY.md	698	testname	TestIntegration_ADeploymentThatIsNotASandboxTierSeedsNothing	grep for func TestIntegration_ADeploymentThatIsNotASandboxTierSeedsNothing over *_test.go	HOLDS	
docs/build/REQUIREMENTS_TRACEABILITY.md	698	testname	TestIntegration_BootingTwiceCreatesEverythingOnceOnASandboxTier	grep for func TestIntegration_BootingTwiceCreatesEverythingOnceOnASandboxTier over *_test.go	HOLDS	
docs/build/REQUIREMENTS_TRACEABILITY.md	698	testname	TestIntegration_SeedingIsIdempotentAndEverythingItMakesIsLabelled	grep for func TestIntegration_SeedingIsIdempotentAndEverythingItMakesIsLabelled over *_test.go	HOLDS	
docs/build/REQUIREMENTS_TRACEABILITY.md	699	path	cmd/api	ls cmd/api	HOLDS	
docs/build/REQUIREMENTS_TRACEABILITY.md	699	testname	TestIntegration_AReservedPayoutReachesTheProviderAndSettles	grep for func TestIntegration_AReservedPayoutReachesTheProviderAndSettles over *_test.go	HOLDS	
docs/build/REQUIREMENTS_TRACEABILITY.md	699	testname	TestIntegration_ASweepThatRunsTwiceSubmitsOnce	grep for func TestIntegration_ASweepThatRunsTwiceSubmitsOnce over *_test.go	HOLDS	
docs/build/REQUIREMENTS_TRACEABILITY.md	699	testname	TestIntegration_ASweepWithNoProviderDoesNothing	grep for func TestIntegration_ASweepWithNoProviderDoesNothing over *_test.go	HOLDS	
docs/build/REQUIREMENTS_TRACEABILITY.md	700	testname	TestCreditSettlement_ASandboxTierSettlesInMinutesAndProdNeverDoes	grep for func TestCreditSettlement_ASandboxTierSettlesInMinutesAndProdNeverDoes over *_test.go	HOLDS	
docs/build/REQUIREMENTS_TRACEABILITY.md	700	testname	TestIntegration_ASandboxTierSettlesInMinutesAndAChargebackWindowDoesNot	grep for func TestIntegration_ASandboxTierSettlesInMinutesAndAChargebackWindowDoesNot over *_test.go	HOLDS	
docs/build/REQUIREMENTS_TRACEABILITY.md	706	testname	TestDocs_EveryTestTheyNameExists	grep for func TestDocs_EveryTestTheyNameExists over *_test.go	HOLDS	
docs/build/REQUIREMENTS_TRACEABILITY.md	707	gosymbol	internal/config.Load	go symbol selector, not a path	UNCHECKABLE	
docs/build/REQUIREMENTS_TRACEABILITY.md	707	gosymbol	internal/config/service.go	go symbol selector, not a path	UNCHECKABLE	
docs/build/REQUIREMENTS_TRACEABILITY.md	707	path	cmd/api	ls cmd/api	HOLDS	
docs/build/REQUIREMENTS_TRACEABILITY.md	707	path	cmd/audit-worker	ls cmd/audit-worker	HOLDS	
docs/build/REQUIREMENTS_TRACEABILITY.md	707	path	internal/config/service_test.go	ls internal/config/service_test.go	HOLDS	
docs/build/REQUIREMENTS_TRACEABILITY.md	707	path	internal/ratelimit	ls internal/ratelimit	HOLDS	
docs/build/REQUIREMENTS_TRACEABILITY.md	707	testname	TestLoad_DefaultsNeverApplyOutsideLocalTest	grep for func TestLoad_DefaultsNeverApplyOutsideLocalTest over *_test.go	HOLDS	
docs/build/REQUIREMENTS_TRACEABILITY.md	707	testname	TestValidate_PresenceRulesBelongToTheServicesThatUseThem	grep for func TestValidate_PresenceRulesBelongToTheServicesThatUseThem over *_test.go	HOLDS	
docs/build/REQUIREMENTS_TRACEABILITY.md	709	path	internal/gen/proto	ls internal/gen/proto	HOLDS	
docs/build/REQUIREMENTS_TRACEABILITY.md	709	testname	TestProp_	grep for func TestProp_ over *_test.go	HOLDS	
docs/build/REQUIREMENTS_TRACEABILITY.md	710	path	apps/web/e2e/*.spec.ts	ls apps/web/e2e/*.spec.ts	HOLDS	
docs/build/REQUIREMENTS_TRACEABILITY.md	710	path	apps/web/src/lib/*.test.ts	ls apps/web/src/lib/*.test.ts	HOLDS	
docs/build/REQUIREMENTS_TRACEABILITY.md	710	path	cmd/agent-worker	ls cmd/agent-worker	HOLDS	
docs/build/REQUIREMENTS_TRACEABILITY.md	710	path	cmd/execution-worker	ls cmd/execution-worker	HOLDS	
docs/build/REQUIREMENTS_TRACEABILITY.md	710	path	internal/backtest	ls internal/backtest	HOLDS	absent, and the paragraph says so
docs/build/REQUIREMENTS_TRACEABILITY.md	710	path	internal/performance	ls internal/performance	HOLDS	absent, and the paragraph says so
docs/operations/BACKUP_RESTORE.md	7	path	scripts/restoredrill	ls scripts/restoredrill	HOLDS	
docs/operations/BACKUP_RESTORE.md	16	prose	version 805 on both sides	the newest migration is 00805	HOLDS	
docs/operations/BACKUP_RESTORE.md	40	testname	TestDocs_CountsMatchTheCode	grep for func TestDocs_CountsMatchTheCode over *_test.go	HOLDS	
docs/operations/BACKUP_RESTORE.md	42	path	internal/testkit/localdb	ls internal/testkit/localdb	HOLDS	
docs/operations/BACKUP_RESTORE.md	69	path	docs/operations/DISASTER_RECOVERY.md	ls docs/operations/DISASTER_RECOVERY.md	HOLDS	
docs/operations/BACKUP_RESTORE.md	69	path	docs/runbooks/database-corruption.md	ls docs/runbooks/database-corruption.md	HOLDS	
docs/operations/BACKUP_RESTORE.md	69	path	internal/testkit/localdb	ls internal/testkit/localdb	HOLDS	
docs/operations/BACKUP_RESTORE.md	69	path	scripts/restoredrill	ls scripts/restoredrill	HOLDS	
docs/operations/BACKUP_RESTORE.md	69	prose	DISASTER_RECOVERY.md (pending), database-corruption.md (pending)	both exist, 38 and 73 lines	FAILS	F-docs-12
docs/product/CREDIT_ECONOMY.md	6	path	docs/product/PROVIDER_BOUNDARY.md	ls docs/product/PROVIDER_BOUNDARY.md	HOLDS	
docs/product/CREDIT_ECONOMY.md	11	path	internal/valuedomain	ls internal/valuedomain	HOLDS	
docs/product/CREDIT_ECONOMY.md	28	path	internal/money	ls internal/money	HOLDS	
docs/product/CREDIT_ECONOMY.md	29	path	scripts/lintfin	ls scripts/lintfin	HOLDS	
docs/product/CREDIT_ECONOMY.md	29	testname	TestNoFloatingPointInSource	grep for func TestNoFloatingPointInSource over *_test.go	HOLDS	
docs/product/CREDIT_ECONOMY.md	32	route	GET /v1/credits/balance	grep the api.gen.go route table	HOLDS	
docs/product/CREDIT_ECONOMY.md	32	route	GET /v1/credits/pricing	grep the api.gen.go route table	HOLDS	
docs/product/CREDIT_ECONOMY.md	58	path	internal/credit	ls internal/credit	HOLDS	
docs/product/CREDIT_ECONOMY.md	67	prose	the eleven origins	internal/valuedomain/origin.go	HOLDS	
docs/product/CREDIT_ECONOMY.md	69	gosymbol	internal/valuedomain/origin.go	go symbol selector, not a path	UNCHECKABLE	
docs/product/CREDIT_ECONOMY.md	70	path	test/integration/enums	ls test/integration/enums	HOLDS	
docs/product/CREDIT_ECONOMY.md	77	path	internal/commerce	ls internal/commerce	HOLDS	
docs/product/CREDIT_ECONOMY.md	78	path	internal/commerce	ls internal/commerce	HOLDS	
docs/product/CREDIT_ECONOMY.md	79	path	internal/commerce	ls internal/commerce	HOLDS	
docs/product/CREDIT_ECONOMY.md	80	path	internal/nativemarket	ls internal/nativemarket	HOLDS	
docs/product/CREDIT_ECONOMY.md	81	path	internal/nativemarket	ls internal/nativemarket	HOLDS	
docs/product/CREDIT_ECONOMY.md	105	route	GET /v1/credits/pricing	grep the api.gen.go route table	HOLDS	
docs/product/CREDIT_ECONOMY.md	116	path	cmd/api	ls cmd/api	HOLDS	
docs/product/CREDIT_ECONOMY.md	117	path	cmd/reconciliation-worker	ls cmd/reconciliation-worker	HOLDS	
docs/product/CREDIT_ECONOMY.md	140	path	cmd/api	ls cmd/api	HOLDS	
docs/product/CREDIT_ECONOMY.md	145	prose	CP_CREDIT_SETTLEMENT_WINDOW is 720h on STAGING	render.yaml:393	HOLDS	
docs/product/CREDIT_ECONOMY.md	149	prose	a sandbox tier settles in two minutes and sweeps every twenty seconds	cmd/api/creditsettle.go:55-56	HOLDS	
docs/product/CREDIT_ECONOMY.md	163	path	scripts/configcheck	ls scripts/configcheck	HOLDS	
docs/product/CREDIT_ECONOMY.md	166	gosymbol	cmd/api/creditsettle.go	go symbol selector, not a path	UNCHECKABLE	
docs/product/CREDIT_ECONOMY.md	174	route	POST /v1/native-markets/{id}/quotes	grep the api.gen.go route table	HOLDS	
docs/product/CREDIT_ECONOMY.md	216	path	internal/commerce	ls internal/commerce	HOLDS	
docs/product/CREDIT_ECONOMY.md	242	prose	SandboxPolicy permits PURCHASED and the five earning origins at PAYOUT_KYC	internal/valuedomain/sandboxpolicy.go	HOLDS	
docs/product/CREDIT_ECONOMY.md	257	testname	TestIntegration_DemoCreditsCanBeSpentAndCanNeverLeave	grep for func TestIntegration_DemoCreditsCanBeSpentAndCanNeverLeave over *_test.go	HOLDS	
docs/product/CREDIT_ECONOMY.md	259	prose	balance returns gross, spendable, frozen, reversed, payout_eligible, ineligible	openapi CreditBalance required set	HOLDS	
docs/product/CREDIT_ECONOMY.md	259	route	GET /v1/credits/balance	grep the api.gen.go route table	HOLDS	
docs/product/CREDIT_ECONOMY.md	259	route	GET /v1/me/portfolio	grep the api.gen.go route table	HOLDS	
docs/product/CREDIT_ECONOMY.md	291	prose	consumption runs promotional first to creator earning last	internal/credit/repository.go consumptionOrderSQL	HOLDS	
docs/product/CREDIT_ECONOMY.md	335	prose	no verification, profile, security or agent events in the activity feed	internal/activity/sources.go and doc.go; openapi ActivityFeedKind	FAILS	F-docs-8
docs/product/CREDIT_ECONOMY.md	336	gosymbol	internal/activity/doc.go	go symbol selector, not a path	UNCHECKABLE	
docs/product/CREDIT_ECONOMY.md	340	path	docs/audit/LAUNCH_GATE_MATRIX.md	ls docs/audit/LAUNCH_GATE_MATRIX.md	HOLDS	
docs/product/CREDIT_ECONOMY.md	340	path	docs/build/BLOCKERS.md	ls docs/build/BLOCKERS.md	HOLDS	
docs/product/CREDIT_ECONOMY.md	344	path	internal/credit	ls internal/credit	HOLDS	
docs/product/CREDIT_ECONOMY.md	344	path	internal/valuedomain	ls internal/valuedomain	HOLDS	
docs/product/CREDIT_ECONOMY.md	345	path	internal/ledger	ls internal/ledger	HOLDS	
docs/product/CREDIT_ECONOMY.md	346	path	internal/nativemarket	ls internal/nativemarket	HOLDS	
docs/product/CREDIT_ECONOMY.md	347	path	internal/payout	ls internal/payout	HOLDS	
docs/product/PRODUCT_ARCHITECTURE.md	30	prose	the deployed session cookie is __Host-nodal_session	render.yaml CP_AUTH_COOKIE_NAME=nodal_session, COOKIE_SECURE=true, httpmw.EffectiveCookieName	HOLDS	
docs/product/PRODUCT_ARCHITECTURE.md	48	path	cmd/api	ls cmd/api	HOLDS	
docs/product/PRODUCT_ARCHITECTURE.md	72	path	openapi/openapi.yaml	ls openapi/openapi.yaml	HOLDS	
docs/product/PRODUCT_ARCHITECTURE.md	77	path	internal/auth	ls internal/auth	HOLDS	
docs/product/PRODUCT_ARCHITECTURE.md	77	path	internal/pii	ls internal/pii	HOLDS	
docs/product/PRODUCT_ARCHITECTURE.md	77	path	internal/security	ls internal/security	HOLDS	
docs/product/PRODUCT_ARCHITECTURE.md	78	path	internal/profile	ls internal/profile	HOLDS	
docs/product/PRODUCT_ARCHITECTURE.md	78	path	internal/terms	ls internal/terms	HOLDS	
docs/product/PRODUCT_ARCHITECTURE.md	79	path	internal/credits	ls internal/credits	FAILS	
docs/product/PRODUCT_ARCHITECTURE.md	79	path	internal/valuedomain	ls internal/valuedomain	HOLDS	
docs/product/PRODUCT_ARCHITECTURE.md	79	prose	Credits: 11 origins, 5 finality states	internal/valuedomain origin.go + finality	HOLDS	
docs/product/PRODUCT_ARCHITECTURE.md	79	prose	the Credits domain is internal/credits	ls internal/credits	FAILS	F-docs-10
docs/product/PRODUCT_ARCHITECTURE.md	80	path	internal/payments	ls internal/payments	FAILS	
docs/product/PRODUCT_ARCHITECTURE.md	80	path	internal/provider/stripecredit	ls internal/provider/stripecredit	HOLDS	
docs/product/PRODUCT_ARCHITECTURE.md	80	prose	the Payments domain is internal/payments	ls internal/payments	FAILS	F-docs-10
docs/product/PRODUCT_ARCHITECTURE.md	81	path	internal/nativeasset	ls internal/nativeasset	HOLDS	
docs/product/PRODUCT_ARCHITECTURE.md	81	path	internal/nativemarket	ls internal/nativemarket	HOLDS	
docs/product/PRODUCT_ARCHITECTURE.md	81	path	internal/risk	ls internal/risk	HOLDS	
docs/product/PRODUCT_ARCHITECTURE.md	82	path	internal/activity	ls internal/activity	HOLDS	
docs/product/PRODUCT_ARCHITECTURE.md	83	path	internal/eligibility	ls internal/eligibility	HOLDS	
docs/product/PRODUCT_ARCHITECTURE.md	83	path	internal/provider/verifysandbox	ls internal/provider/verifysandbox	HOLDS	
docs/product/PRODUCT_ARCHITECTURE.md	83	path	internal/verification	ls internal/verification	HOLDS	
docs/product/PRODUCT_ARCHITECTURE.md	83	prose	levels NONE to NODAL_IDENTITY to PAYOUT_KYC to ENHANCED	internal/verification level constants	HOLDS	
docs/product/PRODUCT_ARCHITECTURE.md	84	path	internal/payout	ls internal/payout	HOLDS	
docs/product/PRODUCT_ARCHITECTURE.md	84	path	internal/provider/payoutsandbox	ls internal/provider/payoutsandbox	HOLDS	
docs/product/PRODUCT_ARCHITECTURE.md	85	path	internal/agents	ls internal/agents	HOLDS	
docs/product/PRODUCT_ARCHITECTURE.md	85	path	internal/strategy	ls internal/strategy	HOLDS	
docs/product/PRODUCT_ARCHITECTURE.md	86	path	internal/notifications	ls internal/notifications	HOLDS	
docs/product/PRODUCT_ARCHITECTURE.md	87	path	internal/gates	ls internal/gates	HOLDS	
docs/product/PRODUCT_ARCHITECTURE.md	87	path	internal/killswitch	ls internal/killswitch	HOLDS	
docs/product/PRODUCT_ARCHITECTURE.md	87	path	internal/legalrouter	ls internal/legalrouter	HOLDS	
docs/product/PRODUCT_ARCHITECTURE.md	87	prose	capability gates: 8 states including SANDBOX	internal/gates/capability.go	HOLDS	
docs/product/PRODUCT_ARCHITECTURE.md	88	path	internal/alert	ls internal/alert	HOLDS	
docs/product/PRODUCT_ARCHITECTURE.md	88	path	internal/audit	ls internal/audit	HOLDS	
docs/product/PRODUCT_ARCHITECTURE.md	88	path	internal/reconciliation	ls internal/reconciliation	HOLDS	
docs/product/PRODUCT_ARCHITECTURE.md	105	path	internal/valuedomain	ls internal/valuedomain	HOLDS	
docs/product/PRODUCT_ARCHITECTURE.md	105	prose	valuedomain keeps INTERNAL_CREDIT, PAYOUT_PENDING and EXTERNAL_SETTLED apart	internal/valuedomain/domain.go	HOLDS	
docs/product/PRODUCT_ARCHITECTURE.md	115	gosymbol	internal/httpapi/authz.go	go symbol selector, not a path	UNCHECKABLE	
docs/product/PRODUCT_ARCHITECTURE.md	134	path	apps/web	ls apps/web	HOLDS	
docs/product/PRODUCT_ARCHITECTURE.md	134	prose	apps/web is Vite, React 19, TanStack Query, react-router	apps/web/package.json	HOLDS	
docs/product/PRODUCT_ARCHITECTURE.md	138	path	packages/generated-client	ls packages/generated-client	HOLDS	
docs/product/PRODUCT_ARCHITECTURE.md	152	prose	agent authority levels 4-6 are refused by policy	internal/agents/authority.go:85	HOLDS	
docs/product/PROVIDER_BOUNDARY.md	18	path	internal/credit	ls internal/credit	HOLDS	
docs/product/PROVIDER_BOUNDARY.md	18	path	internal/provider/stripecredit	ls internal/provider/stripecredit	HOLDS	
docs/product/PROVIDER_BOUNDARY.md	51	path	test/security	ls test/security	HOLDS	
docs/product/PROVIDER_BOUNDARY.md	51	prose	test/security asserts no Credit writer reads the verification tables	test/security/valueboundary_test.go	HOLDS	
docs/product/PROVIDER_BOUNDARY.md	64	gosymbol	internal/valuedomain.DefaultPolicy	go symbol selector, not a path	UNCHECKABLE	
docs/product/PROVIDER_BOUNDARY.md	104	path	internal/eligibility	ls internal/eligibility	HOLDS	
docs/product/PROVIDER_BOUNDARY.md	104	path	internal/payout	ls internal/payout	HOLDS	
docs/product/PROVIDER_BOUNDARY.md	104	path	internal/valuedomain	ls internal/valuedomain	HOLDS	
docs/product/PROVIDER_BOUNDARY.md	105	path	internal/legalrouter	ls internal/legalrouter	HOLDS	
docs/product/PROVIDER_BOUNDARY.md	107	prose	the PAYOUT_KYC capability is DISABLED	internal/gates declares 20 capabilities and PAYOUT_KYC is not one	FAILS	F-docs-7
docs/product/PROVIDER_BOUNDARY.md	135	path	docs/build/BLOCKERS.md	ls docs/build/BLOCKERS.md	HOLDS	
docs/product/STAGING_E2E.md	5	path	apps/web	ls apps/web	HOLDS	
docs/product/STAGING_E2E.md	12	path	apps/web/playwright.config.ts	ls apps/web/playwright.config.ts	HOLDS	
docs/product/STAGING_E2E.md	18	path	scripts/riskpolicy	ls scripts/riskpolicy	HOLDS	
docs/product/STAGING_E2E.md	18	path	scripts/seed	ls scripts/seed	HOLDS	
docs/product/STAGING_E2E.md	18	path	scripts/seedeconomy	ls scripts/seedeconomy	HOLDS	
docs/product/STAGING_E2E.md	19	path	cmd/api	ls cmd/api	HOLDS	
docs/product/STAGING_E2E.md	38	route	POST /v1/payments	grep the api.gen.go route table	HOLDS	
docs/product/STAGING_E2E.md	41	route	POST /v1/payouts	grep the api.gen.go route table	HOLDS	
docs/product/STAGING_E2E.md	52	path	docs/audit/evidence	ls docs/audit/evidence	UNCHECKABLE	where screenshots will go once the browser runs happen; the table says none have
docs/product/STAGING_E2E.md	196	prose	one Playwright spec per scenario a to j	ls apps/web/e2e/scenarios	HOLDS	
docs/product/UI_UX_SYSTEM.md	7	path	apps/web	ls apps/web	HOLDS	
docs/product/UI_UX_SYSTEM.md	453	path	apps/web/src/components	ls apps/web/src/components	HOLDS	
docs/product/UI_UX_SYSTEM.md	730	path	apps/web/src/lib/format.ts	ls apps/web/src/lib/format.ts	HOLDS	
docs/product/UI_UX_SYSTEM.md	738	prose	Ladder, Envelope and SplitBar are not built yet	ls apps/web/src/components	HOLDS	
docs/product/UI_UX_SYSTEM.md	743	prose	search and notifications are not in the shell	apps/web/src/components/AppShell.tsx:33,99,294	FAILS	F-docs-9
docs/product/UI_UX_SYSTEM.md	747	prose	Buy Credits is not a shell action; the shell offers Add funds	AppShell.tsx:91 labels it Buy Credits; Add funds appears nowhere in apps/web	FAILS	F-docs-9
docs/product/UI_UX_SYSTEM.md	754	prose	the sixteen existing screens	find apps/web/src/pages -name *.tsx gives 41	FAILS	F-docs-9
docs/product/UI_UX_SYSTEM.md	768	prose	put SegmentedBar on Home once the backend response is settled	grep -rl SegmentedBar apps/web/src/pages: Home, Portfolio, MarketDetail, Withdraw	FAILS	F-docs-9
docs/product/USER_JOURNEY.md	37	route	GET /v1/auth/login	grep the api.gen.go route table	HOLDS	
docs/product/USER_JOURNEY.md	39	route	GET /v1/auth/callback	grep the api.gen.go route table	HOLDS	
docs/product/USER_JOURNEY.md	39	route	GET /v1/me	grep the api.gen.go route table	HOLDS	
docs/product/USER_JOURNEY.md	40	prose	onboarding calls PUT /v1/me/profile	openapi /me/profile declares post only	FAILS	F-docs-3
docs/product/USER_JOURNEY.md	40	route	PUT /v1/me/profile	grep the api.gen.go route table	FAILS	method not served
docs/product/USER_JOURNEY.md	41	route	POST /v1/me/terms-acceptances	grep the api.gen.go route table	HOLDS	
docs/product/USER_JOURNEY.md	66	route	GET /v1/credits/balance	grep the api.gen.go route table	HOLDS	
docs/product/USER_JOURNEY.md	69	route	GET /v1/me/portfolio	grep the api.gen.go route table	HOLDS	
docs/product/USER_JOURNEY.md	70	route	GET /v1/agents	grep the api.gen.go route table	HOLDS	
docs/product/USER_JOURNEY.md	70	route	GET /v1/native-markets	grep the api.gen.go route table	HOLDS	
docs/product/USER_JOURNEY.md	71	route	GET /v1/me/activity	grep the api.gen.go route table	HOLDS	
docs/product/USER_JOURNEY.md	78	route	GET /v1/credits/pricing	grep the api.gen.go route table	HOLDS	
docs/product/USER_JOURNEY.md	83	route	POST /v1/payments	grep the api.gen.go route table	HOLDS	
docs/product/USER_JOURNEY.md	85	prose	webhook POST /v1/webhooks/stripe_credit	/webhooks/{provider}; the provider enum includes stripe_credit	HOLDS	
docs/product/USER_JOURNEY.md	85	route	POST /v1/webhooks/stripe_credit	grep the api.gen.go route table	HOLDS	
docs/product/USER_JOURNEY.md	86	prose	notification CREDIT_PURCHASE_CAPTURED	internal/notifications/kind.go	HOLDS	
docs/product/USER_JOURNEY.md	102	route	GET /v1/native-markets	grep the api.gen.go route table	HOLDS	
docs/product/USER_JOURNEY.md	118	route	GET /v1/me/portfolio	grep the api.gen.go route table	HOLDS	
docs/product/USER_JOURNEY.md	121	route	GET /v1/me/activity	grep the api.gen.go route table	HOLDS	
docs/product/USER_JOURNEY.md	127	route	GET /v1/me/eligibility	grep the api.gen.go route table	HOLDS	
docs/product/USER_JOURNEY.md	132	route	GET /v1/me/verification	grep the api.gen.go route table	HOLDS	
docs/product/USER_JOURNEY.md	133	route	POST /v1/me/verification/sessions	grep the api.gen.go route table	HOLDS	
docs/product/USER_JOURNEY.md	141	route	GET /v1/me/eligibility	grep the api.gen.go route table	HOLDS	
docs/product/USER_JOURNEY.md	144	route	GET /v1/payouts/{id}	grep the api.gen.go route table	HOLDS	
docs/product/USER_JOURNEY.md	155	route	POST /v1/strategies	grep the api.gen.go route table	HOLDS	
docs/product/VERIFICATION_AND_WITHDRAWAL.md	25	path	internal/verification	ls internal/verification	HOLDS	
docs/product/VERIFICATION_AND_WITHDRAWAL.md	26	path	internal/credit	ls internal/credit	HOLDS	
docs/product/VERIFICATION_AND_WITHDRAWAL.md	26	path	internal/ledger	ls internal/ledger	HOLDS	
docs/product/VERIFICATION_AND_WITHDRAWAL.md	30	testname	TestIntegration_VerificationNeverTouchesACredit	grep for func TestIntegration_VerificationNeverTouchesACredit over *_test.go	HOLDS	
docs/product/VERIFICATION_AND_WITHDRAWAL.md	42	route	GET /v1/me/eligibility	grep the api.gen.go route table	HOLDS	
docs/product/VERIFICATION_AND_WITHDRAWAL.md	49	route	POST /v1/me/verification/sessions	grep the api.gen.go route table	HOLDS	
docs/product/VERIFICATION_AND_WITHDRAWAL.md	56	route	GET /v1/me/verification/sessions/{id}	grep the api.gen.go route table	HOLDS	
docs/product/VERIFICATION_AND_WITHDRAWAL.md	67	route	GET /v1/me/verification	grep the api.gen.go route table	HOLDS	
docs/product/VERIFICATION_AND_WITHDRAWAL.md	69	route	POST /v1/me/payout-destinations	grep the api.gen.go route table	HOLDS	
docs/product/VERIFICATION_AND_WITHDRAWAL.md	75	prose	the withdrawal disclosure is accepted at POST /v1/me/terms/accept	grep -r me/terms/accept over the tree	FAILS	F-docs-2
docs/product/VERIFICATION_AND_WITHDRAWAL.md	75	route	POST /v1/me/terms/accept	grep the api.gen.go route table	FAILS	path not served
docs/product/VERIFICATION_AND_WITHDRAWAL.md	80	route	POST /v1/payouts/quote	grep the api.gen.go route table	HOLDS	
docs/product/VERIFICATION_AND_WITHDRAWAL.md	84	route	POST /v1/payouts	grep the api.gen.go route table	HOLDS	
docs/product/VERIFICATION_AND_WITHDRAWAL.md	114	route	GET /v1/me/eligibility	grep the api.gen.go route table	HOLDS	
docs/product/VERIFICATION_AND_WITHDRAWAL.md	121	path	internal/terms	ls internal/terms	HOLDS	
docs/product/VERIFICATION_AND_WITHDRAWAL.md	131	route	GET /v1/me/eligibility	grep the api.gen.go route table	HOLDS	
docs/product/VERIFICATION_AND_WITHDRAWAL.md	132	route	POST /v1/payouts/quote	grep the api.gen.go route table	HOLDS	
docs/product/VERIFICATION_AND_WITHDRAWAL.md	133	route	POST /v1/payouts	grep the api.gen.go route table	HOLDS	
docs/product/VERIFICATION_AND_WITHDRAWAL.md	139	path	internal/payout	ls internal/payout	HOLDS	
docs/product/VERIFICATION_AND_WITHDRAWAL.md	166	prose	ten states on compliance_profiles.identity_state	internal/verification/state.go	HOLDS	
docs/product/VERIFICATION_AND_WITHDRAWAL.md	200	path	internal/eligibility	ls internal/eligibility	HOLDS	
docs/product/VERIFICATION_AND_WITHDRAWAL.md	267	prose	payout_requests has thirteen states	internal/payout/payout.go	HOLDS	
docs/product/VERIFICATION_AND_WITHDRAWAL.md	289	route	GET /v1/payouts/{id}	grep the api.gen.go route table	HOLDS	
docs/product/VERIFICATION_AND_WITHDRAWAL.md	301	path	internal/credit	ls internal/credit	HOLDS	
docs/product/VERIFICATION_AND_WITHDRAWAL.md	324	path	internal/provider/verifysandbox	ls internal/provider/verifysandbox	HOLDS	
docs/product/VERIFICATION_AND_WITHDRAWAL.md	325	route	POST /v1/me/verification/sandbox-outcome	grep the api.gen.go route table	HOLDS	
docs/product/VERIFICATION_AND_WITHDRAWAL.md	327	path	internal/provider/payoutsandbox	ls internal/provider/payoutsandbox	HOLDS	
docs/security/SECURITY.md	3	path	cmd/api	ls cmd/api	HOLDS	
docs/security/SECURITY.md	3	path	docs/architecture/*	ls docs/architecture/*	HOLDS	
docs/security/SECURITY.md	3	path	docs/build/REQUIREMENTS_TRACEABILITY.md	ls docs/build/REQUIREMENTS_TRACEABILITY.md	HOLDS	
docs/security/SECURITY.md	3	path	internal/admin	ls internal/admin	HOLDS	
docs/security/SECURITY.md	3	path	internal/signing	ls internal/signing	HOLDS	
docs/security/SECURITY.md	3	path	test/docs/references_test.go	ls test/docs/references_test.go	HOLDS	
docs/security/SECURITY.md	5	path	docs/threat-model/THREAT_MODEL.md	ls docs/threat-model/THREAT_MODEL.md	HOLDS	
docs/security/SECURITY.md	14	prose	test/security, test/contract, infra and docs/runbooks are each absent or empty today	all four exist and are populated	FAILS	F-docs-4
docs/security/SECURITY.md	19	testname	TestEvaluate_EachConditionFailsWithDistinctReason	grep for func TestEvaluate_EachConditionFailsWithDistinctReason over *_test.go	HOLDS	
docs/security/SECURITY.md	19	testname	TestProp_ParseEnvironmentFailsClosed	grep for func TestProp_ParseEnvironmentFailsClosed over *_test.go	HOLDS	
docs/security/SECURITY.md	19	testname	TestRequire_InvalidPrincipalFailsClosed	grep for func TestRequire_InvalidPrincipalFailsClosed over *_test.go	HOLDS	
docs/security/SECURITY.md	19	testname	TestSession_StoreOutageFailsClosed	grep for func TestSession_StoreOutageFailsClosed over *_test.go	HOLDS	
docs/security/SECURITY.md	20	gosymbol	internal/security/principal.go	go symbol selector, not a path	UNCHECKABLE	
docs/security/SECURITY.md	20	testname	TestAgent_ExactPermissionSet	grep for func TestAgent_ExactPermissionSet over *_test.go	HOLDS	
docs/security/SECURITY.md	20	testname	TestAgent_RolesNeverCount	grep for func TestAgent_RolesNeverCount over *_test.go	HOLDS	
docs/security/SECURITY.md	20	testname	TestProp_AgentNeverCrossesAccount	grep for func TestProp_AgentNeverCrossesAccount over *_test.go	HOLDS	
docs/security/SECURITY.md	20	testname	TestProp_AgentNeverGainsForbiddenPermissions	grep for func TestProp_AgentNeverGainsForbiddenPermissions over *_test.go	HOLDS	
docs/security/SECURITY.md	21	path	internal/signing	ls internal/signing	HOLDS	
docs/security/SECURITY.md	22	path	migrations/00101_ledger.sql	ls migrations/00101_ledger.sql	HOLDS	
docs/security/SECURITY.md	22	testname	TestIntegration_ApplicationRolePrivileges	grep for func TestIntegration_ApplicationRolePrivileges over *_test.go	HOLDS	
docs/security/SECURITY.md	22	testname	TestIntegration_Migrations	grep for func TestIntegration_Migrations over *_test.go	HOLDS	
docs/security/SECURITY.md	23	path	scripts/lintfin	ls scripts/lintfin	HOLDS	
docs/security/SECURITY.md	23	testname	FuzzParseQuantity	grep for func FuzzParseQuantity over *_test.go	HOLDS	
docs/security/SECURITY.md	23	testname	FuzzParseUSD	grep for func FuzzParseUSD over *_test.go	HOLDS	
docs/security/SECURITY.md	23	testname	FuzzScanQuantity	grep for func FuzzScanQuantity over *_test.go	HOLDS	
docs/security/SECURITY.md	23	testname	TestNoFloatingPointInSource	grep for func TestNoFloatingPointInSource over *_test.go	HOLDS	
docs/security/SECURITY.md	24	path	internal/gates	ls internal/gates	HOLDS	
docs/security/SECURITY.md	24	testname	TestChecker_NilEnabledFailsClosed	grep for func TestChecker_NilEnabledFailsClosed over *_test.go	HOLDS	
docs/security/SECURITY.md	24	testname	TestDistinctApprovers_ExcludesProposer	grep for func TestDistinctApprovers_ExcludesProposer over *_test.go	HOLDS	
docs/security/SECURITY.md	24	testname	TestEvaluate_ConfigAloneNeverActivates	grep for func TestEvaluate_ConfigAloneNeverActivates over *_test.go	HOLDS	
docs/security/SECURITY.md	28	path	cmd/migrate	ls cmd/migrate	HOLDS	
docs/security/SECURITY.md	28	path	docs/architecture/SYSTEM.md	ls docs/architecture/SYSTEM.md	HOLDS	
docs/security/SECURITY.md	32	path	cmd/api	ls cmd/api	HOLDS	
docs/security/SECURITY.md	33	path	cmd/execution-worker	ls cmd/execution-worker	HOLDS	
docs/security/SECURITY.md	34	path	cmd/reconciliation-worker	ls cmd/reconciliation-worker	HOLDS	
docs/security/SECURITY.md	35	path	cmd/market-ingest-worker	ls cmd/market-ingest-worker	HOLDS	
docs/security/SECURITY.md	36	path	cmd/agent-worker	ls cmd/agent-worker	HOLDS	
docs/security/SECURITY.md	37	path	cmd/workflow-worker	ls cmd/workflow-worker	HOLDS	
docs/security/SECURITY.md	38	path	cmd/audit-worker	ls cmd/audit-worker	HOLDS	
docs/security/SECURITY.md	39	gosymbol	cmd/migrate/main.go	go symbol selector, not a path	UNCHECKABLE	
docs/security/SECURITY.md	39	path	cmd/migrate	ls cmd/migrate	HOLDS	
docs/security/SECURITY.md	39	testname	TestRun_UsageAndExitCodes	grep for func TestRun_UsageAndExitCodes over *_test.go	HOLDS	
docs/security/SECURITY.md	41	prose	infra/ is empty	find infra -name *.tf gives 66	FAILS	F-docs-4
docs/security/SECURITY.md	45	path	internal/auth	ls internal/auth	HOLDS	
docs/security/SECURITY.md	45	path	internal/auth/httpmw	ls internal/auth/httpmw	HOLDS	
docs/security/SECURITY.md	45	path	internal/auth/pgstore	ls internal/auth/pgstore	HOLDS	
docs/security/SECURITY.md	47	testname	FuzzVerifyNeverPanics	grep for func FuzzVerifyNeverPanics over *_test.go	HOLDS	
docs/security/SECURITY.md	47	testname	TestExchange_AlgNoneRejected	grep for func TestExchange_AlgNoneRejected over *_test.go	HOLDS	
docs/security/SECURITY.md	47	testname	TestExchange_BadNonce	grep for func TestExchange_BadNonce over *_test.go	HOLDS	
docs/security/SECURITY.md	47	testname	TestExchange_BadSignature	grep for func TestExchange_BadSignature over *_test.go	HOLDS	
docs/security/SECURITY.md	47	testname	TestExchange_Expiry	grep for func TestExchange_Expiry over *_test.go	HOLDS	
docs/security/SECURITY.md	47	testname	TestExchange_IssuerMismatch	grep for func TestExchange_IssuerMismatch over *_test.go	HOLDS	
docs/security/SECURITY.md	47	testname	TestExchange_MalformedIDToken	grep for func TestExchange_MalformedIDToken over *_test.go	HOLDS	
docs/security/SECURITY.md	47	testname	TestExchange_PKCEMismatch	grep for func TestExchange_PKCEMismatch over *_test.go	HOLDS	
docs/security/SECURITY.md	47	testname	TestExchange_UnknownKidAndRotation	grep for func TestExchange_UnknownKidAndRotation over *_test.go	HOLDS	
docs/security/SECURITY.md	47	testname	TestExchange_WrongAudience	grep for func TestExchange_WrongAudience over *_test.go	HOLDS	
docs/security/SECURITY.md	48	testname	TestHashToken_Deterministic	grep for func TestHashToken_Deterministic over *_test.go	HOLDS	
docs/security/SECURITY.md	48	testname	TestManager_Expiry	grep for func TestManager_Expiry over *_test.go	HOLDS	
docs/security/SECURITY.md	48	testname	TestManager_IdleTimeoutAndTouch	grep for func TestManager_IdleTimeoutAndTouch over *_test.go	HOLDS	
docs/security/SECURITY.md	48	testname	TestManager_MalformedTokenNeverHitsStore	grep for func TestManager_MalformedTokenNeverHitsStore over *_test.go	HOLDS	
docs/security/SECURITY.md	48	testname	TestManager_Rotate	grep for func TestManager_Rotate over *_test.go	HOLDS	
docs/security/SECURITY.md	48	testname	TestNewToken_Shape	grep for func TestNewToken_Shape over *_test.go	HOLDS	
docs/security/SECURITY.md	48	testname	TestProp_ValidateTokenOnlyAcceptsCanonical	grep for func TestProp_ValidateTokenOnlyAcceptsCanonical over *_test.go	HOLDS	
docs/security/SECURITY.md	48	testname	TestSession_PrincipalFailsClosedOnCorruptRow	grep for func TestSession_PrincipalFailsClosedOnCorruptRow over *_test.go	HOLDS	
docs/security/SECURITY.md	49	testname	TestCookieHelpers	grep for func TestCookieHelpers over *_test.go	HOLDS	
docs/security/SECURITY.md	50	testname	TestCSRF_Matrix	grep for func TestCSRF_Matrix over *_test.go	HOLDS	
docs/security/SECURITY.md	50	testname	TestChiIntegration	grep for func TestChiIntegration over *_test.go	HOLDS	
docs/security/SECURITY.md	51	testname	TestSession_BadCookiesAreAnonymousAndCleared	grep for func TestSession_BadCookiesAreAnonymousAndCleared over *_test.go	HOLDS	
docs/security/SECURITY.md	51	testname	TestSession_IgnoresClientAssertedIdentity	grep for func TestSession_IgnoresClientAssertedIdentity over *_test.go	HOLDS	
docs/security/SECURITY.md	51	testname	TestSession_StoreOutageFailsClosed	grep for func TestSession_StoreOutageFailsClosed over *_test.go	HOLDS	
docs/security/SECURITY.md	52	testname	TestSecureHeaders	grep for func TestSecureHeaders over *_test.go	HOLDS	
docs/security/SECURITY.md	53	testname	TestHasStrongAMR	grep for func TestHasStrongAMR over *_test.go	HOLDS	
docs/security/SECURITY.md	53	testname	TestRequirePermissionAndStepUp	grep for func TestRequirePermissionAndStepUp over *_test.go	HOLDS	
docs/security/SECURITY.md	53	testname	TestRequireStepUp	grep for func TestRequireStepUp over *_test.go	HOLDS	
docs/security/SECURITY.md	54	testname	TestIntegration_PgStore_Lifecycle	grep for func TestIntegration_PgStore_Lifecycle over *_test.go	HOLDS	
docs/security/SECURITY.md	54	testname	TestIntegration_PgStore_RevokeAllAndList	grep for func TestIntegration_PgStore_RevokeAllAndList over *_test.go	HOLDS	
docs/security/SECURITY.md	54	testname	TestManager_ListForSubject	grep for func TestManager_ListForSubject over *_test.go	HOLDS	
docs/security/SECURITY.md	54	testname	TestManager_Revoke	grep for func TestManager_Revoke over *_test.go	HOLDS	
docs/security/SECURITY.md	54	testname	TestManager_RevokeAllForSubject	grep for func TestManager_RevokeAllForSubject over *_test.go	HOLDS	
docs/security/SECURITY.md	55	path	internal/admin	ls internal/admin	HOLDS	
docs/security/SECURITY.md	55	path	migrations/00011_sessions_break_glass.sql	ls migrations/00011_sessions_break_glass.sql	HOLDS	
docs/security/SECURITY.md	55	testname	TestBreakGlass_Expiry	grep for func TestBreakGlass_Expiry over *_test.go	HOLDS	
docs/security/SECURITY.md	55	testname	TestBreakGlass_WallClockWrapper	grep for func TestBreakGlass_WallClockWrapper over *_test.go	HOLDS	
docs/security/SECURITY.md	56	path	cmd/api	ls cmd/api	HOLDS	
docs/security/SECURITY.md	56	testname	TestDevIdPRefusesProd	grep for func TestDevIdPRefusesProd over *_test.go	HOLDS	
docs/security/SECURITY.md	61	path	internal/security	ls internal/security	HOLDS	
docs/security/SECURITY.md	61	testname	TestGoldenMatrix_Equal	grep for func TestGoldenMatrix_Equal over *_test.go	HOLDS	
docs/security/SECURITY.md	61	testname	TestGoldenMatrix_EveryPermissionReachable	grep for func TestGoldenMatrix_EveryPermissionReachable over *_test.go	HOLDS	
docs/security/SECURITY.md	61	testname	TestGoldenMatrix_PermissionListClosed	grep for func TestGoldenMatrix_PermissionListClosed over *_test.go	HOLDS	
docs/security/SECURITY.md	61	testname	TestRoleMatrix_EveryCell	grep for func TestRoleMatrix_EveryCell over *_test.go	HOLDS	
docs/security/SECURITY.md	76	path	internal/admin	ls internal/admin	HOLDS	
docs/security/SECURITY.md	76	path	migrations/00153_admin_actions.sql	ls migrations/00153_admin_actions.sql	HOLDS	
docs/security/SECURITY.md	76	testname	TestGoldenMatrix_DualControlHeldByNoStandingRole	grep for func TestGoldenMatrix_DualControlHeldByNoStandingRole over *_test.go	HOLDS	
docs/security/SECURITY.md	76	testname	TestProp_NoRoleGrantsDualControlOrAgentOnly	grep for func TestProp_NoRoleGrantsDualControlOrAgentOnly over *_test.go	HOLDS	
docs/security/SECURITY.md	76	testname	TestRequireDualControl	grep for func TestRequireDualControl over *_test.go	HOLDS	
docs/security/SECURITY.md	77	path	cmd/api	ls cmd/api	HOLDS	
docs/security/SECURITY.md	77	testname	TestAgent_RequireAccountExactMatch	grep for func TestAgent_RequireAccountExactMatch over *_test.go	HOLDS	
docs/security/SECURITY.md	77	testname	TestRequireAccount_BreakGlassNeverGrantsVisibility	grep for func TestRequireAccount_BreakGlassNeverGrantsVisibility over *_test.go	HOLDS	
docs/security/SECURITY.md	77	testname	TestRequireAccount_TenantIsolation	grep for func TestRequireAccount_TenantIsolation over *_test.go	HOLDS	
docs/security/SECURITY.md	78	testname	TestAgentPrincipal_Shape	grep for func TestAgentPrincipal_Shape over *_test.go	HOLDS	
docs/security/SECURITY.md	78	testname	TestIntegration_PgStore_RejectsAgentAndBadSubject	grep for func TestIntegration_PgStore_RejectsAgentAndBadSubject over *_test.go	HOLDS	
docs/security/SECURITY.md	78	testname	TestManager_AgentSessions	grep for func TestManager_AgentSessions over *_test.go	HOLDS	
docs/security/SECURITY.md	85	path	internal/strategy	ls internal/strategy	HOLDS	
docs/security/SECURITY.md	85	path	migrations/00500_strategies.sql	ls migrations/00500_strategies.sql	HOLDS	
docs/security/SECURITY.md	85	prose	the compiler is DESIGNED, internal/strategy absent	ls internal/strategy	FAILS	F-docs-4
docs/security/SECURITY.md	86	path	internal/admin	ls internal/admin	HOLDS	
docs/security/SECURITY.md	86	path	internal/agent/**	ls internal/agent/**	HOLDS	
docs/security/SECURITY.md	86	path	internal/capital	ls internal/capital	HOLDS	
docs/security/SECURITY.md	86	path	internal/risk/policy	ls internal/risk/policy	HOLDS	
docs/security/SECURITY.md	86	path	internal/signing	ls internal/signing	HOLDS	
docs/security/SECURITY.md	86	path	internal/strategy/**	ls internal/strategy/**	HOLDS	
docs/security/SECURITY.md	86	path	internal/wallet	ls internal/wallet	HOLDS	
docs/security/SECURITY.md	86	path	scripts/lintfin	ls scripts/lintfin	HOLDS	
docs/security/SECURITY.md	86	path	test/security/authority_boundary_test.go	ls test/security/authority_boundary_test.go	HOLDS	
docs/security/SECURITY.md	86	testname	TestAgentImportBoundary	grep for func TestAgentImportBoundary over *_test.go	HOLDS	absent, and the paragraph says so
docs/security/SECURITY.md	86	testname	TestAgentTreesNeverImportAuthority	grep for func TestAgentTreesNeverImportAuthority over *_test.go	HOLDS	
docs/security/SECURITY.md	86	testname	TestIsTestOnlyImport	grep for func TestIsTestOnlyImport over *_test.go	HOLDS	
docs/security/SECURITY.md	86	testname	TestSigningImportedOnlyByExecutionBoundary	grep for func TestSigningImportedOnlyByExecutionBoundary over *_test.go	HOLDS	
docs/security/SECURITY.md	88	path	internal/model	ls internal/model	HOLDS	
docs/security/SECURITY.md	88	prose	the prompt-injection boundary is DESIGNED, internal/model absent	ls internal/model	FAILS	F-docs-4
docs/security/SECURITY.md	90	path	migrations/00502_predictions_tools.sql	ls migrations/00502_predictions_tools.sql	HOLDS	
docs/security/SECURITY.md	91	testname	TestAdmin_AgentRejectedBeforeAnyQuery	grep for func TestAdmin_AgentRejectedBeforeAnyQuery over *_test.go	HOLDS	
docs/security/SECURITY.md	91	testname	TestController_AgentAndServiceRejectedBeforeAnyQuery	grep for func TestController_AgentAndServiceRejectedBeforeAnyQuery over *_test.go	HOLDS	
docs/security/SECURITY.md	91	testname	TestIntegration_PolicyStore_RejectsAgentAndUnknownAsset	grep for func TestIntegration_PolicyStore_RejectsAgentAndUnknownAsset over *_test.go	HOLDS	
docs/security/SECURITY.md	95	gosymbol	internal/assets/extensions.go	go symbol selector, not a path	UNCHECKABLE	
docs/security/SECURITY.md	95	path	internal/execution	ls internal/execution	HOLDS	
docs/security/SECURITY.md	95	path	internal/signing	ls internal/signing	HOLDS	
docs/security/SECURITY.md	95	path	internal/wallet	ls internal/wallet	HOLDS	
docs/security/SECURITY.md	95	path	migrations/00300_wallets_execution.sql	ls migrations/00300_wallets_execution.sql	HOLDS	
docs/security/SECURITY.md	97	path	cmd/execution-worker	ls cmd/execution-worker	HOLDS	
docs/security/SECURITY.md	120	testname	FuzzInspect	grep for func FuzzInspect over *_test.go	HOLDS	
docs/security/SECURITY.md	124	path	docs/compliance-gates/PRODUCTION_GATES.md	ls docs/compliance-gates/PRODUCTION_GATES.md	HOLDS	
docs/security/SECURITY.md	124	path	internal/gates	ls internal/gates	HOLDS	
docs/security/SECURITY.md	124	path	migrations/00150_capability_gates.sql	ls migrations/00150_capability_gates.sql	HOLDS	
docs/security/SECURITY.md	124	testname	TestAdmin_AgentRejectedBeforeAnyQuery	grep for func TestAdmin_AgentRejectedBeforeAnyQuery over *_test.go	HOLDS	
docs/security/SECURITY.md	124	testname	TestAdmin_PermissionAndStepUpBeforeAnyQuery	grep for func TestAdmin_PermissionAndStepUpBeforeAnyQuery over *_test.go	HOLDS	
docs/security/SECURITY.md	124	testname	TestAdmin_ServiceAndAnonymousRejectedBeforeAnyQuery	grep for func TestAdmin_ServiceAndAnonymousRejectedBeforeAnyQuery over *_test.go	HOLDS	
docs/security/SECURITY.md	124	testname	TestCanTransition_EveryPair	grep for func TestCanTransition_EveryPair over *_test.go	HOLDS	
docs/security/SECURITY.md	124	testname	TestChecker_ConfigDisabledSkipsQuery	grep for func TestChecker_ConfigDisabledSkipsQuery over *_test.go	HOLDS	
docs/security/SECURITY.md	124	testname	TestChecker_NilEnabledFailsClosed	grep for func TestChecker_NilEnabledFailsClosed over *_test.go	HOLDS	
docs/security/SECURITY.md	124	testname	TestDistinctApprovers_ExcludesProposer	grep for func TestDistinctApprovers_ExcludesProposer over *_test.go	HOLDS	
docs/security/SECURITY.md	124	testname	TestEvaluate_ConfigAloneNeverActivates	grep for func TestEvaluate_ConfigAloneNeverActivates over *_test.go	HOLDS	
docs/security/SECURITY.md	124	testname	TestEvaluate_EachConditionFailsWithDistinctReason	grep for func TestEvaluate_EachConditionFailsWithDistinctReason over *_test.go	HOLDS	
docs/security/SECURITY.md	124	testname	TestEvaluate_ValidGateIsActive	grep for func TestEvaluate_ValidGateIsActive over *_test.go	HOLDS	
docs/security/SECURITY.md	124	testname	TestEvidenceDigest_DeterministicAndOrderIndependent	grep for func TestEvidenceDigest_DeterministicAndOrderIndependent over *_test.go	HOLDS	
docs/security/SECURITY.md	124	testname	TestRules_SamePrincipalCannotApproveAndActivate	grep for func TestRules_SamePrincipalCannotApproveAndActivate over *_test.go	HOLDS	
docs/security/SECURITY.md	126	path	internal/admin	ls internal/admin	HOLDS	
docs/security/SECURITY.md	126	path	internal/killswitch	ls internal/killswitch	HOLDS	
docs/security/SECURITY.md	126	path	migrations/00151_kill_switches.sql	ls migrations/00151_kill_switches.sql	HOLDS	
docs/security/SECURITY.md	126	testname	TestController_AgentAndServiceRejectedBeforeAnyQuery	grep for func TestController_AgentAndServiceRejectedBeforeAnyQuery over *_test.go	HOLDS	
docs/security/SECURITY.md	126	testname	TestController_ApprovalVerificationRules	grep for func TestController_ApprovalVerificationRules over *_test.go	HOLDS	
docs/security/SECURITY.md	126	testname	TestController_PermissionsBeforeAnyQuery	grep for func TestController_PermissionsBeforeAnyQuery over *_test.go	HOLDS	
docs/security/SECURITY.md	126	testname	TestMatrix_NewRisk	grep for func TestMatrix_NewRisk over *_test.go	HOLDS	
docs/security/SECURITY.md	126	testname	TestMatrix_ReduceRisk	grep for func TestMatrix_ReduceRisk over *_test.go	HOLDS	
docs/security/SECURITY.md	126	testname	TestMatrix_Withdraw	grep for func TestMatrix_Withdraw over *_test.go	HOLDS	
docs/security/SECURITY.md	126	testname	TestProp_EveryActiveSwitchCombination	grep for func TestProp_EveryActiveSwitchCombination over *_test.go	HOLDS	
docs/security/SECURITY.md	126	testname	TestProp_GlobalKillNeverStopsRiskReduction	grep for func TestProp_GlobalKillNeverStopsRiskReduction over *_test.go	HOLDS	
docs/security/SECURITY.md	126	testname	TestProp_InactiveNeverBlocks	grep for func TestProp_InactiveNeverBlocks over *_test.go	HOLDS	
docs/security/SECURITY.md	126	testname	TestProp_NeverBlockedClasses	grep for func TestProp_NeverBlockedClasses over *_test.go	HOLDS	
docs/security/SECURITY.md	130	gosymbol	internal/observability/logger.go	go symbol selector, not a path	UNCHECKABLE	
docs/security/SECURITY.md	130	path	internal/config	ls internal/config	HOLDS	
docs/security/SECURITY.md	132	testname	FuzzParseSecretRef	grep for func FuzzParseSecretRef over *_test.go	HOLDS	
docs/security/SECURITY.md	132	testname	TestHash_StableAndExcludesSecrets	grep for func TestHash_StableAndExcludesSecrets over *_test.go	HOLDS	
docs/security/SECURITY.md	132	testname	TestLoad_DefaultsNeverApplyOutsideLocalTest	grep for func TestLoad_DefaultsNeverApplyOutsideLocalTest over *_test.go	HOLDS	
docs/security/SECURITY.md	132	testname	TestParseSecretRef	grep for func TestParseSecretRef over *_test.go	HOLDS	
docs/security/SECURITY.md	132	testname	TestSecretRef_Redacted	grep for func TestSecretRef_Redacted over *_test.go	HOLDS	
docs/security/SECURITY.md	132	testname	TestSecretRef_ValidateFor	grep for func TestSecretRef_ValidateFor over *_test.go	HOLDS	
docs/security/SECURITY.md	134	testname	TestValidate_InsecureOTLPOnlyRejectedInProd	grep for func TestValidate_InsecureOTLPOnlyRejectedInProd over *_test.go	HOLDS	
docs/security/SECURITY.md	134	testname	TestValidate_JoinsEveryViolation	grep for func TestValidate_JoinsEveryViolation over *_test.go	HOLDS	
docs/security/SECURITY.md	134	testname	TestValidate_NoFakeProvidersCoversEverySlot	grep for func TestValidate_NoFakeProvidersCoversEverySlot over *_test.go	HOLDS	
docs/security/SECURITY.md	134	testname	TestValidate_ProdRulesIndividually	grep for func TestValidate_ProdRulesIndividually over *_test.go	HOLDS	
docs/security/SECURITY.md	157	testname	TestValidate_JoinsEveryViolation	grep for func TestValidate_JoinsEveryViolation over *_test.go	HOLDS	
docs/security/SECURITY.md	159	testname	TestOpen_RequireTLSFailsClosedBeforeDialling	grep for func TestOpen_RequireTLSFailsClosedBeforeDialling over *_test.go	HOLDS	
docs/security/SECURITY.md	159	testname	TestSetup_TLSByDefaultOutsideInsecure	grep for func TestSetup_TLSByDefaultOutsideInsecure over *_test.go	HOLDS	
docs/security/SECURITY.md	161	testname	TestRedaction_DenylistKeys	grep for func TestRedaction_DenylistKeys over *_test.go	HOLDS	
docs/security/SECURITY.md	161	testname	TestRedaction_NestedGroups	grep for func TestRedaction_NestedGroups over *_test.go	HOLDS	
docs/security/SECURITY.md	161	testname	TestRedaction_ValuePatterns	grep for func TestRedaction_ValuePatterns over *_test.go	HOLDS	
docs/security/SECURITY.md	161	testname	TestSecret_NeverRenders	grep for func TestSecret_NeverRenders over *_test.go	HOLDS	
docs/security/SECURITY.md	161	testname	TestToProblem_NeverExposesCauseForAnyCode	grep for func TestToProblem_NeverExposesCauseForAnyCode over *_test.go	HOLDS	
docs/security/SECURITY.md	167	path	internal/pii	ls internal/pii	HOLDS	
docs/security/SECURITY.md	167	path	migrations/00010_identity_accounts.sql	ls migrations/00010_identity_accounts.sql	HOLDS	
docs/security/SECURITY.md	167	testname	TestIntegration_ApplicationRolePrivileges	grep for func TestIntegration_ApplicationRolePrivileges over *_test.go	HOLDS	
docs/security/SECURITY.md	167	testname	TestIntegration_Login_StoresTheVerifiedEmailEncrypted	grep for func TestIntegration_Login_StoresTheVerifiedEmailEncrypted over *_test.go	HOLDS	
docs/security/SECURITY.md	167	testname	TestPII_OnlyTheEncryptingStoreWritesPersonalData	grep for func TestPII_OnlyTheEncryptingStoreWritesPersonalData over *_test.go	HOLDS	
docs/security/SECURITY.md	170	gosymbol	internal/audit/writer.go	go symbol selector, not a path	UNCHECKABLE	
docs/security/SECURITY.md	170	path	cmd/audit-worker	ls cmd/audit-worker	HOLDS	
docs/security/SECURITY.md	170	path	migrations/00106_audit_events.sql	ls migrations/00106_audit_events.sql	HOLDS	
docs/security/SECURITY.md	170	testname	FuzzCanonicalJSON	grep for func FuzzCanonicalJSON over *_test.go	HOLDS	
docs/security/SECURITY.md	170	testname	TestCanonicalJSON_	grep for func TestCanonicalJSON_ over *_test.go	HOLDS	
docs/security/SECURITY.md	170	testname	TestHashEvent	grep for func TestHashEvent over *_test.go	HOLDS	
docs/security/SECURITY.md	170	testname	TestHashRecordShape	grep for func TestHashRecordShape over *_test.go	HOLDS	
docs/security/SECURITY.md	179	path	build/Dockerfile	ls build/Dockerfile	HOLDS	
docs/security/SECURITY.md	180	path	docker/postgres/init/001_roles.sql	ls docker/postgres/init/001_roles.sql	HOLDS	
docs/security/SECURITY.md	180	testname	TestIntegration_AppRoleCannotDeleteIdempotencyKeys	grep for func TestIntegration_AppRoleCannotDeleteIdempotencyKeys over *_test.go	HOLDS	
docs/security/SECURITY.md	180	testname	TestIntegration_ApplicationRolePrivileges	grep for func TestIntegration_ApplicationRolePrivileges over *_test.go	HOLDS	
docs/security/SECURITY.md	180	testname	TestIntegration_Migrations	grep for func TestIntegration_Migrations over *_test.go	HOLDS	
docs/security/SECURITY.md	181	testname	TestGuardDownTo	grep for func TestGuardDownTo over *_test.go	HOLDS	
docs/security/SECURITY.md	181	testname	TestIntegration_Migrations	grep for func TestIntegration_Migrations over *_test.go	HOLDS	
docs/security/SECURITY.md	181	testname	TestProp_GuardDownTo_NeverUndoesProtectedHistory	grep for func TestProp_GuardDownTo_NeverUndoesProtectedHistory over *_test.go	HOLDS	
docs/security/SECURITY.md	187	path	scripts/lintfin	ls scripts/lintfin	HOLDS	
docs/security/SECURITY.md	188	path	scripts/fuzzall	ls scripts/fuzzall	HOLDS	
docs/security/SECURITY.md	189	prose	test/contract does not exist so the step is vacuous	ls test/contract	FAILS	F-docs-4
docs/security/SECURITY.md	191	prose	test/security does not exist so the security step passes vacuously	go test -tags=integration ./test/security runs and passes	FAILS	F-docs-4
docs/security/SECURITY.md	193	path	apps/web	ls apps/web	HOLDS	
docs/security/SECURITY.md	195	path	scripts/tool	ls scripts/tool	HOLDS	
docs/security/SECURITY.md	195	testname	TestInstallReleaseTool_APIErrorFailsClosed	grep for func TestInstallReleaseTool_APIErrorFailsClosed over *_test.go	HOLDS	
docs/security/SECURITY.md	195	testname	TestInstallReleaseTool_ChecksumMismatch	grep for func TestInstallReleaseTool_ChecksumMismatch over *_test.go	HOLDS	
docs/security/SECURITY.md	195	testname	TestInstallReleaseTool_UnverifiableRequiresFlag	grep for func TestInstallReleaseTool_UnverifiableRequiresFlag over *_test.go	HOLDS	
docs/security/SECURITY.md	199	gosymbol	internal/event/topics.go	go symbol selector, not a path	UNCHECKABLE	
docs/security/SECURITY.md	199	path	migrations/00010_identity_accounts.sql	ls migrations/00010_identity_accounts.sql	HOLDS	
docs/security/SECURITY.md	201	gosymbol	internal/observability/metrics.go	go symbol selector, not a path	UNCHECKABLE	
docs/security/SECURITY.md	207	path	test/security/{idor,cross_tenant}_test.go	ls test/security/{idor,cross_tenant}_test.go	HOLDS	absent, and the paragraph says so
docs/security/SECURITY.md	207	prose	planned: test/security/{idor,cross_tenant}_test.go	test/security/idor_test.go declares eight TestIDOR functions	FAILS	F-docs-4
docs/security/SECURITY.md	207	testname	TestAgent_RequireAccountExactMatch	grep for func TestAgent_RequireAccountExactMatch over *_test.go	HOLDS	
docs/security/SECURITY.md	207	testname	TestProp_AgentNeverCrossesAccount	grep for func TestProp_AgentNeverCrossesAccount over *_test.go	HOLDS	
docs/security/SECURITY.md	207	testname	TestRequireAccount_BreakGlassNeverGrantsVisibility	grep for func TestRequireAccount_BreakGlassNeverGrantsVisibility over *_test.go	HOLDS	
docs/security/SECURITY.md	207	testname	TestRequireAccount_TenantIsolation	grep for func TestRequireAccount_TenantIsolation over *_test.go	HOLDS	
docs/security/SECURITY.md	208	path	test/security/csrf_test.go	ls test/security/csrf_test.go	HOLDS	absent, and the paragraph says so
docs/security/SECURITY.md	208	testname	TestCSRF_Matrix	grep for func TestCSRF_Matrix over *_test.go	HOLDS	
docs/security/SECURITY.md	208	testname	TestChiIntegration	grep for func TestChiIntegration over *_test.go	HOLDS	
docs/security/SECURITY.md	208	testname	TestCookieHelpers	grep for func TestCookieHelpers over *_test.go	HOLDS	
docs/security/SECURITY.md	208	testname	TestSecureHeaders	grep for func TestSecureHeaders over *_test.go	HOLDS	
docs/security/SECURITY.md	209	path	test/security/ssrf_test.go	ls test/security/ssrf_test.go	HOLDS	absent, and the paragraph says so
docs/security/SECURITY.md	210	path	internal/model	ls internal/model	HOLDS	
docs/security/SECURITY.md	210	path	internal/strategy	ls internal/strategy	HOLDS	
docs/security/SECURITY.md	210	path	test/security/prompt_injection_test.go	ls test/security/prompt_injection_test.go	HOLDS	absent, and the paragraph says so
docs/security/SECURITY.md	210	prose	prompt injection: none, internal/model and internal/strategy absent	TestPromptInjection in test/security/prompt_boundary_test.go	FAILS	F-docs-4
docs/security/SECURITY.md	211	path	test/security/webhook_forgery_test.go	ls test/security/webhook_forgery_test.go	HOLDS	absent, and the paragraph says so
docs/security/SECURITY.md	212	testname	TestCheckHash	grep for func TestCheckHash over *_test.go	HOLDS	
docs/security/SECURITY.md	212	testname	TestInbox_Process_ValidatesArguments	grep for func TestInbox_Process_ValidatesArguments over *_test.go	HOLDS	
docs/security/SECURITY.md	212	testname	TestIntegration_AcquireCompleteReplay	grep for func TestIntegration_AcquireCompleteReplay over *_test.go	HOLDS	
docs/security/SECURITY.md	212	testname	TestIntegration_ConcurrentBegin_ExactlyOneAcquires	grep for func TestIntegration_ConcurrentBegin_ExactlyOneAcquires over *_test.go	HOLDS	
docs/security/SECURITY.md	212	testname	TestIntegration_DifferentHashIsDeterministicConflict	grep for func TestIntegration_DifferentHashIsDeterministicConflict over *_test.go	HOLDS	
docs/security/SECURITY.md	212	testname	TestProp_DuplicateWebhookOneEffect	grep for func TestProp_DuplicateWebhookOneEffect over *_test.go	HOLDS	
docs/security/SECURITY.md	213	path	test/security/agent_withdrawal_attempt_test.go	ls test/security/agent_withdrawal_attempt_test.go	HOLDS	absent, and the paragraph says so
docs/security/SECURITY.md	213	testname	TestAgent_ExactPermissionSet	grep for func TestAgent_ExactPermissionSet over *_test.go	HOLDS	
docs/security/SECURITY.md	213	testname	TestProp_AgentNeverGainsForbiddenPermissions	grep for func TestProp_AgentNeverGainsForbiddenPermissions over *_test.go	HOLDS	
docs/security/SECURITY.md	214	path	test/security/agent_raw_sign_attempt_test.go	ls test/security/agent_raw_sign_attempt_test.go	HOLDS	absent, and the paragraph says so
docs/security/SECURITY.md	215	path	internal/agent	ls internal/agent	HOLDS	
docs/security/SECURITY.md	215	path	internal/capital	ls internal/capital	HOLDS	
docs/security/SECURITY.md	215	path	test/security	ls test/security	HOLDS	
docs/security/SECURITY.md	215	testname	TestAgentPrincipalCannotChangeItsOwnLifecycle	grep for func TestAgentPrincipalCannotChangeItsOwnLifecycle over *_test.go	HOLDS	
docs/security/SECURITY.md	215	testname	TestAgentPrincipalPermissionSetIsClosed	grep for func TestAgentPrincipalPermissionSetIsClosed over *_test.go	HOLDS	
docs/security/SECURITY.md	215	testname	TestAgentTreesNeverImportAuthority	grep for func TestAgentTreesNeverImportAuthority over *_test.go	HOLDS	
docs/security/SECURITY.md	216	path	internal/risk	ls internal/risk	HOLDS	
docs/security/SECURITY.md	216	path	test/security/agent_risk_escalation_test.go	ls test/security/agent_risk_escalation_test.go	HOLDS	absent, and the paragraph says so
docs/security/SECURITY.md	216	testname	TestGoldenMatrix_AgentSet	grep for func TestGoldenMatrix_AgentSet over *_test.go	HOLDS	
docs/security/SECURITY.md	217	path	internal/admin	ls internal/admin	HOLDS	
docs/security/SECURITY.md	217	path	test/security/admin_privilege_misuse_test.go	ls test/security/admin_privilege_misuse_test.go	HOLDS	absent, and the paragraph says so
docs/security/SECURITY.md	217	testname	TestAdmin_PermissionAndStepUpBeforeAnyQuery	grep for func TestAdmin_PermissionAndStepUpBeforeAnyQuery over *_test.go	HOLDS	
docs/security/SECURITY.md	217	testname	TestBreakGlass_Expiry	grep for func TestBreakGlass_Expiry over *_test.go	HOLDS	
docs/security/SECURITY.md	217	testname	TestController_ApprovalVerificationRules	grep for func TestController_ApprovalVerificationRules over *_test.go	HOLDS	
docs/security/SECURITY.md	217	testname	TestDistinctApprovers_ExcludesProposer	grep for func TestDistinctApprovers_ExcludesProposer over *_test.go	HOLDS	
docs/security/SECURITY.md	217	testname	TestGoldenMatrix_DualControlHeldByNoStandingRole	grep for func TestGoldenMatrix_DualControlHeldByNoStandingRole over *_test.go	HOLDS	
docs/security/SECURITY.md	217	testname	TestRequireDualControl	grep for func TestRequireDualControl over *_test.go	HOLDS	
docs/security/SECURITY.md	217	testname	TestRules_SamePrincipalCannotApproveAndActivate	grep for func TestRules_SamePrincipalCannotApproveAndActivate over *_test.go	HOLDS	
docs/security/SECURITY.md	218	path	test/security/production_capability_bypass_test.go	ls test/security/production_capability_bypass_test.go	HOLDS	absent, and the paragraph says so
docs/security/SECURITY.md	218	testname	TestAdmin_AgentRejectedBeforeAnyQuery	grep for func TestAdmin_AgentRejectedBeforeAnyQuery over *_test.go	HOLDS	
docs/security/SECURITY.md	218	testname	TestChecker_NilEnabledFailsClosed	grep for func TestChecker_NilEnabledFailsClosed over *_test.go	HOLDS	
docs/security/SECURITY.md	218	testname	TestEvaluate_ConfigAloneNeverActivates	grep for func TestEvaluate_ConfigAloneNeverActivates over *_test.go	HOLDS	
docs/security/SECURITY.md	218	testname	TestEvaluate_EachConditionFailsWithDistinctReason	grep for func TestEvaluate_EachConditionFailsWithDistinctReason over *_test.go	HOLDS	
docs/security/SECURITY.md	219	path	test/security/fake_provider_in_prod_test.go	ls test/security/fake_provider_in_prod_test.go	HOLDS	absent, and the paragraph says so
docs/security/SECURITY.md	219	testname	TestDevIdPRefusesProd	grep for func TestDevIdPRefusesProd over *_test.go	HOLDS	
docs/security/SECURITY.md	219	testname	TestLoad_DefaultsNeverApplyOutsideLocalTest	grep for func TestLoad_DefaultsNeverApplyOutsideLocalTest over *_test.go	HOLDS	
docs/security/SECURITY.md	219	testname	TestValidate_NoFakeProvidersCoversEverySlot	grep for func TestValidate_NoFakeProvidersCoversEverySlot over *_test.go	HOLDS	
docs/security/SECURITY.md	219	testname	TestValidate_ProdRulesIndividually	grep for func TestValidate_ProdRulesIndividually over *_test.go	HOLDS	
docs/security/SECURITY.md	220	path	test/security/jwt_tampering_test.go	ls test/security/jwt_tampering_test.go	HOLDS	absent, and the paragraph says so
docs/security/SECURITY.md	220	testname	FuzzVerifyNeverPanics	grep for func FuzzVerifyNeverPanics over *_test.go	HOLDS	
docs/security/SECURITY.md	220	testname	TestExchange_AlgNoneRejected	grep for func TestExchange_AlgNoneRejected over *_test.go	HOLDS	
docs/security/SECURITY.md	220	testname	TestExchange_BadNonce	grep for func TestExchange_BadNonce over *_test.go	HOLDS	
docs/security/SECURITY.md	220	testname	TestExchange_BadSignature	grep for func TestExchange_BadSignature over *_test.go	HOLDS	
docs/security/SECURITY.md	220	testname	TestExchange_Expiry	grep for func TestExchange_Expiry over *_test.go	HOLDS	
docs/security/SECURITY.md	220	testname	TestExchange_IssuerMismatch	grep for func TestExchange_IssuerMismatch over *_test.go	HOLDS	
docs/security/SECURITY.md	220	testname	TestExchange_MalformedIDToken	grep for func TestExchange_MalformedIDToken over *_test.go	HOLDS	
docs/security/SECURITY.md	220	testname	TestExchange_PKCEMismatch	grep for func TestExchange_PKCEMismatch over *_test.go	HOLDS	
docs/security/SECURITY.md	220	testname	TestExchange_WrongAudience	grep for func TestExchange_WrongAudience over *_test.go	HOLDS	
docs/security/SECURITY.md	221	path	test/security/stolen_session_test.go	ls test/security/stolen_session_test.go	HOLDS	absent, and the paragraph says so
docs/security/SECURITY.md	221	testname	TestIntegration_PgStore_Lifecycle	grep for func TestIntegration_PgStore_Lifecycle over *_test.go	HOLDS	
docs/security/SECURITY.md	221	testname	TestManager_Expiry	grep for func TestManager_Expiry over *_test.go	HOLDS	
docs/security/SECURITY.md	221	testname	TestManager_IdleTimeoutAndTouch	grep for func TestManager_IdleTimeoutAndTouch over *_test.go	HOLDS	
docs/security/SECURITY.md	221	testname	TestManager_MalformedTokenNeverHitsStore	grep for func TestManager_MalformedTokenNeverHitsStore over *_test.go	HOLDS	
docs/security/SECURITY.md	221	testname	TestManager_Revoke	grep for func TestManager_Revoke over *_test.go	HOLDS	
docs/security/SECURITY.md	221	testname	TestManager_RevokeAllForSubject	grep for func TestManager_RevokeAllForSubject over *_test.go	HOLDS	
docs/security/SECURITY.md	221	testname	TestManager_Rotate	grep for func TestManager_Rotate over *_test.go	HOLDS	
docs/security/SECURITY.md	221	testname	TestSession_BadCookiesAreAnonymousAndCleared	grep for func TestSession_BadCookiesAreAnonymousAndCleared over *_test.go	HOLDS	
docs/security/SECURITY.md	221	testname	TestSession_IgnoresClientAssertedIdentity	grep for func TestSession_IgnoresClientAssertedIdentity over *_test.go	HOLDS	
docs/security/SECURITY.md	222	path	test/contract	ls test/contract	HOLDS	
docs/security/SECURITY.md	222	testname	FuzzCanonicalJSON	grep for func FuzzCanonicalJSON over *_test.go	HOLDS	
docs/security/SECURITY.md	222	testname	FuzzEnvelopeJSON	grep for func FuzzEnvelopeJSON over *_test.go	HOLDS	
docs/security/SECURITY.md	222	testname	FuzzParse	grep for func FuzzParse over *_test.go	HOLDS	
docs/security/SECURITY.md	222	testname	FuzzParseQuantity	grep for func FuzzParseQuantity over *_test.go	HOLDS	
docs/security/SECURITY.md	222	testname	FuzzParseSecretRef	grep for func FuzzParseSecretRef over *_test.go	HOLDS	
docs/security/SECURITY.md	222	testname	FuzzParseUSD	grep for func FuzzParseUSD over *_test.go	HOLDS	
docs/security/SECURITY.md	222	testname	FuzzScanQuantity	grep for func FuzzScanQuantity over *_test.go	HOLDS	
docs/security/SECURITY.md	222	testname	FuzzVerifyNeverPanics	grep for func FuzzVerifyNeverPanics over *_test.go	HOLDS	
docs/security/SECURITY.md	223	path	scripts/tool/main_test.go	ls scripts/tool/main_test.go	HOLDS	
docs/security/SECURITY.md	223	path	test/security/dependency_compromise_test.go	ls test/security/dependency_compromise_test.go	HOLDS	absent, and the paragraph says so
docs/security/SECURITY.md	225	testname	TestCheckReservationTransition_NonActiveRejected	grep for func TestCheckReservationTransition_NonActiveRejected over *_test.go	HOLDS	
docs/security/SECURITY.md	225	testname	TestIntegration_ConcurrentDisposalsNeverOverConsume	grep for func TestIntegration_ConcurrentDisposalsNeverOverConsume over *_test.go	HOLDS	
docs/security/SECURITY.md	225	testname	TestIntegration_VerifyAgainstLedger_DetectsDrift	grep for func TestIntegration_VerifyAgainstLedger_DetectsDrift over *_test.go	HOLDS	
docs/security/SECURITY.md	225	testname	TestProp_BasisConserved	grep for func TestProp_BasisConserved over *_test.go	HOLDS	
docs/security/SECURITY.md	225	testname	TestProp_FeeNeverExceedsInputAndIsMonotone	grep for func TestProp_FeeNeverExceedsInputAndIsMonotone over *_test.go	HOLDS	
docs/security/SECURITY.md	225	testname	TestReservationTransitions_OnlyActiveHasSuccessors	grep for func TestReservationTransitions_OnlyActiveHasSuccessors over *_test.go	HOLDS	
docs/security/SECURITY.md	225	testname	TestTracker_DisableOverridesObservation	grep for func TestTracker_DisableOverridesObservation over *_test.go	HOLDS	
docs/security/SECURITY.md	229	path	docs/runbooks	ls docs/runbooks	HOLDS	
docs/security/SECURITY.md	229	prose	docs/runbooks/ does not exist	ls docs/runbooks gives 19 runbooks and a README	FAILS	F-docs-4
docs/security/SECURITY.md	237	gosymbol	internal/security/roles.go	go symbol selector, not a path	UNCHECKABLE	
docs/security/SECURITY.md	238	path	test/contract	ls test/contract	HOLDS	
docs/security/SECURITY.md	238	path	test/security	ls test/security	HOLDS	
docs/security/SECURITY.md	241	path	docs/build/*	ls docs/build/*	HOLDS	
docs/security/SECURITY.md	242	path	migrations/00010	ls migrations/00010	HOLDS	
docs/security/SECURITY.md	243	path	internal/audit	ls internal/audit	HOLDS	
docs/security/SECURITY.md	244	path	proto/signing/v1	ls proto/signing/v1	HOLDS	absent, and the paragraph says so
docs/threat-model/THREAT_MODEL.md	3	path	docs/security/SECURITY.md	ls docs/security/SECURITY.md	HOLDS	
docs/threat-model/THREAT_MODEL.md	5	path	docs/architecture/*	ls docs/architecture/*	HOLDS	
docs/threat-model/THREAT_MODEL.md	5	path	docs/build/REQUIREMENTS_TRACEABILITY.md	ls docs/build/REQUIREMENTS_TRACEABILITY.md	HOLDS	
docs/threat-model/THREAT_MODEL.md	23	path	cmd/api	ls cmd/api	HOLDS	
docs/threat-model/THREAT_MODEL.md	23	path	internal/auth	ls internal/auth	HOLDS	
docs/threat-model/THREAT_MODEL.md	23	path	internal/security	ls internal/security	HOLDS	
docs/threat-model/THREAT_MODEL.md	24	path	internal/config	ls internal/config	HOLDS	
docs/threat-model/THREAT_MODEL.md	24	path	internal/observability	ls internal/observability	HOLDS	
docs/threat-model/THREAT_MODEL.md	25	path	internal/admin	ls internal/admin	HOLDS	
docs/threat-model/THREAT_MODEL.md	25	path	internal/eligibility	ls internal/eligibility	HOLDS	
docs/threat-model/THREAT_MODEL.md	25	path	internal/gates	ls internal/gates	HOLDS	
docs/threat-model/THREAT_MODEL.md	25	path	internal/killswitch	ls internal/killswitch	HOLDS	
docs/threat-model/THREAT_MODEL.md	25	path	internal/risk	ls internal/risk	HOLDS	
docs/threat-model/THREAT_MODEL.md	25	path	internal/valuation	ls internal/valuation	HOLDS	
docs/threat-model/THREAT_MODEL.md	26	path	internal/accounts	ls internal/accounts	HOLDS	
docs/threat-model/THREAT_MODEL.md	26	path	internal/assets	ls internal/assets	HOLDS	
docs/threat-model/THREAT_MODEL.md	26	path	internal/capital	ls internal/capital	HOLDS	
docs/threat-model/THREAT_MODEL.md	26	path	internal/db	ls internal/db	HOLDS	
docs/threat-model/THREAT_MODEL.md	26	path	internal/fees	ls internal/fees	HOLDS	
docs/threat-model/THREAT_MODEL.md	26	path	internal/funding	ls internal/funding	HOLDS	
docs/threat-model/THREAT_MODEL.md	26	path	internal/idempotency	ls internal/idempotency	HOLDS	
docs/threat-model/THREAT_MODEL.md	26	path	internal/ledger	ls internal/ledger	HOLDS	
docs/threat-model/THREAT_MODEL.md	26	path	internal/money	ls internal/money	HOLDS	
docs/threat-model/THREAT_MODEL.md	26	path	internal/positions	ls internal/positions	HOLDS	
docs/threat-model/THREAT_MODEL.md	27	path	cmd/audit-worker	ls cmd/audit-worker	HOLDS	
docs/threat-model/THREAT_MODEL.md	27	path	internal/audit	ls internal/audit	HOLDS	
docs/threat-model/THREAT_MODEL.md	27	path	internal/event	ls internal/event	HOLDS	
docs/threat-model/THREAT_MODEL.md	28	path	internal/provider	ls internal/provider	HOLDS	
docs/threat-model/THREAT_MODEL.md	29	testname	TestIntegration_ApplicationRolePrivileges	grep for func TestIntegration_ApplicationRolePrivileges over *_test.go	HOLDS	
docs/threat-model/THREAT_MODEL.md	29	testname	TestIntegration_Migrations	grep for func TestIntegration_Migrations over *_test.go	HOLDS	
docs/threat-model/THREAT_MODEL.md	30	path	test/contract	ls test/contract	HOLDS	
docs/threat-model/THREAT_MODEL.md	30	path	test/e2e	ls test/e2e	HOLDS	
docs/threat-model/THREAT_MODEL.md	30	path	test/security	ls test/security	HOLDS	
docs/threat-model/THREAT_MODEL.md	46	testname	TestRequireAccount_BreakGlassNeverGrantsVisibility	grep for func TestRequireAccount_BreakGlassNeverGrantsVisibility over *_test.go	HOLDS	
docs/threat-model/THREAT_MODEL.md	46	testname	TestRequireAccount_TenantIsolation	grep for func TestRequireAccount_TenantIsolation over *_test.go	HOLDS	
docs/threat-model/THREAT_MODEL.md	47	testname	TestIntegration_ConcurrentBegin_ExactlyOneAcquires	grep for func TestIntegration_ConcurrentBegin_ExactlyOneAcquires over *_test.go	HOLDS	
docs/threat-model/THREAT_MODEL.md	47	testname	TestIntegration_DifferentHashIsDeterministicConflict	grep for func TestIntegration_DifferentHashIsDeterministicConflict over *_test.go	HOLDS	
docs/threat-model/THREAT_MODEL.md	48	path	migrations/00106	ls migrations/00106	HOLDS	
docs/threat-model/THREAT_MODEL.md	49	testname	TestSession_IgnoresClientAssertedIdentity	grep for func TestSession_IgnoresClientAssertedIdentity over *_test.go	HOLDS	
docs/threat-model/THREAT_MODEL.md	56	path	internal/strategy	ls internal/strategy	HOLDS	
docs/threat-model/THREAT_MODEL.md	56	path	migrations/00500_strategies.sql	ls migrations/00500_strategies.sql	HOLDS	
docs/threat-model/THREAT_MODEL.md	58	path	migrations/00501	ls migrations/00501	HOLDS	
docs/threat-model/THREAT_MODEL.md	59	path	migrations/00102	ls migrations/00102	HOLDS	
docs/threat-model/THREAT_MODEL.md	60	testname	TestProp_AgentNeverCrossesAccount	grep for func TestProp_AgentNeverCrossesAccount over *_test.go	HOLDS	
docs/threat-model/THREAT_MODEL.md	66	testname	TestAgentTreesNeverImportAuthority	grep for func TestAgentTreesNeverImportAuthority over *_test.go	HOLDS	
docs/threat-model/THREAT_MODEL.md	66	testname	TestAgent_ExactPermissionSet	grep for func TestAgent_ExactPermissionSet over *_test.go	HOLDS	
docs/threat-model/THREAT_MODEL.md	66	testname	TestProp_AgentNeverGainsForbiddenPermissions	grep for func TestProp_AgentNeverGainsForbiddenPermissions over *_test.go	HOLDS	
docs/threat-model/THREAT_MODEL.md	66	testname	TestSigningImportedOnlyByExecutionBoundary	grep for func TestSigningImportedOnlyByExecutionBoundary over *_test.go	HOLDS	
docs/threat-model/THREAT_MODEL.md	68	path	internal/risk	ls internal/risk	HOLDS	
docs/threat-model/THREAT_MODEL.md	76	path	internal/admin	ls internal/admin	HOLDS	
docs/threat-model/THREAT_MODEL.md	76	testname	TestDistinctApprovers_ExcludesProposer	grep for func TestDistinctApprovers_ExcludesProposer over *_test.go	HOLDS	
docs/threat-model/THREAT_MODEL.md	76	testname	TestGoldenMatrix_DualControlHeldByNoStandingRole	grep for func TestGoldenMatrix_DualControlHeldByNoStandingRole over *_test.go	HOLDS	
docs/threat-model/THREAT_MODEL.md	76	testname	TestRules_SamePrincipalCannotApproveAndActivate	grep for func TestRules_SamePrincipalCannotApproveAndActivate over *_test.go	HOLDS	
docs/threat-model/THREAT_MODEL.md	77	testname	TestIntegration_ApplicationRolePrivileges	grep for func TestIntegration_ApplicationRolePrivileges over *_test.go	HOLDS	
docs/threat-model/THREAT_MODEL.md	77	testname	TestIntegration_Migrations	grep for func TestIntegration_Migrations over *_test.go	HOLDS	
docs/threat-model/THREAT_MODEL.md	78	path	internal/admin	ls internal/admin	HOLDS	
docs/threat-model/THREAT_MODEL.md	78	path	migrations/00153	ls migrations/00153	HOLDS	
docs/threat-model/THREAT_MODEL.md	79	testname	TestRequireDualControl	grep for func TestRequireDualControl over *_test.go	HOLDS	
docs/threat-model/THREAT_MODEL.md	80	testname	TestBreakGlass_Expiry	grep for func TestBreakGlass_Expiry over *_test.go	HOLDS	
docs/threat-model/THREAT_MODEL.md	81	testname	TestHash_StableAndExcludesSecrets	grep for func TestHash_StableAndExcludesSecrets over *_test.go	HOLDS	
docs/threat-model/THREAT_MODEL.md	81	testname	TestRedaction_DenylistKeys	grep for func TestRedaction_DenylistKeys over *_test.go	HOLDS	
docs/threat-model/THREAT_MODEL.md	81	testname	TestRedaction_ValuePatterns	grep for func TestRedaction_ValuePatterns over *_test.go	HOLDS	
docs/threat-model/THREAT_MODEL.md	82	testname	TestProp_GlobalKillNeverStopsRiskReduction	grep for func TestProp_GlobalKillNeverStopsRiskReduction over *_test.go	HOLDS	
docs/threat-model/THREAT_MODEL.md	82	testname	TestProp_NeverBlockedClasses	grep for func TestProp_NeverBlockedClasses over *_test.go	HOLDS	
docs/threat-model/THREAT_MODEL.md	88	path	internal/signing	ls internal/signing	HOLDS	
docs/threat-model/THREAT_MODEL.md	88	testname	FuzzInspect	grep for func FuzzInspect over *_test.go	HOLDS	
docs/threat-model/THREAT_MODEL.md	90	testname	TestFunding_ReversalCreatesDeficitAndFreezes	grep for func TestFunding_ReversalCreatesDeficitAndFreezes over *_test.go	HOLDS	
docs/threat-model/THREAT_MODEL.md	90	testname	TestProp_DuplicateWebhookOneEffect	grep for func TestProp_DuplicateWebhookOneEffect over *_test.go	HOLDS	
docs/threat-model/THREAT_MODEL.md	91	testname	TestPriceStore_Latest_NonPositiveMaxAgeIsStale	grep for func TestPriceStore_Latest_NonPositiveMaxAgeIsStale over *_test.go	HOLDS	
docs/threat-model/THREAT_MODEL.md	91	testname	TestTracker_DegradesImmediatelyRecoversWithHysteresis	grep for func TestTracker_DegradesImmediatelyRecoversWithHysteresis over *_test.go	HOLDS	
docs/threat-model/THREAT_MODEL.md	91	testname	TestTracker_DisableOverridesObservation	grep for func TestTracker_DisableOverridesObservation over *_test.go	HOLDS	
docs/threat-model/THREAT_MODEL.md	93	testname	TestExchange_AlgNoneRejected	grep for func TestExchange_AlgNoneRejected over *_test.go	HOLDS	
docs/threat-model/THREAT_MODEL.md	93	testname	TestExchange_IssuerMismatch	grep for func TestExchange_IssuerMismatch over *_test.go	HOLDS	
docs/threat-model/THREAT_MODEL.md	108	testname	TestCookieHelpers	grep for func TestCookieHelpers over *_test.go	HOLDS	
docs/threat-model/THREAT_MODEL.md	108	testname	TestManager_Expiry	grep for func TestManager_Expiry over *_test.go	HOLDS	
docs/threat-model/THREAT_MODEL.md	108	testname	TestManager_IdleTimeoutAndTouch	grep for func TestManager_IdleTimeoutAndTouch over *_test.go	HOLDS	
docs/threat-model/THREAT_MODEL.md	108	testname	TestManager_Revoke	grep for func TestManager_Revoke over *_test.go	HOLDS	
docs/threat-model/THREAT_MODEL.md	108	testname	TestManager_RevokeAllForSubject	grep for func TestManager_RevokeAllForSubject over *_test.go	HOLDS	
docs/threat-model/THREAT_MODEL.md	109	testname	TestManager_MalformedTokenNeverHitsStore	grep for func TestManager_MalformedTokenNeverHitsStore over *_test.go	HOLDS	
docs/threat-model/THREAT_MODEL.md	109	testname	TestProp_ValidateTokenOnlyAcceptsCanonical	grep for func TestProp_ValidateTokenOnlyAcceptsCanonical over *_test.go	HOLDS	
docs/threat-model/THREAT_MODEL.md	109	testname	TestSession_BadCookiesAreAnonymousAndCleared	grep for func TestSession_BadCookiesAreAnonymousAndCleared over *_test.go	HOLDS	
docs/threat-model/THREAT_MODEL.md	110	path	cmd/api	ls cmd/api	HOLDS	
docs/threat-model/THREAT_MODEL.md	110	testname	TestExchange_BadNonce	grep for func TestExchange_BadNonce over *_test.go	HOLDS	
docs/threat-model/THREAT_MODEL.md	110	testname	TestExchange_PKCEMismatch	grep for func TestExchange_PKCEMismatch over *_test.go	HOLDS	
docs/threat-model/THREAT_MODEL.md	111	testname	TestHasStrongAMR	grep for func TestHasStrongAMR over *_test.go	HOLDS	
docs/threat-model/THREAT_MODEL.md	111	testname	TestRequireStepUp	grep for func TestRequireStepUp over *_test.go	HOLDS	
docs/threat-model/THREAT_MODEL.md	112	testname	TestCSRF_Matrix	grep for func TestCSRF_Matrix over *_test.go	HOLDS	
docs/threat-model/THREAT_MODEL.md	119	path	build/Dockerfile	ls build/Dockerfile	HOLDS	
docs/threat-model/THREAT_MODEL.md	120	path	scripts/tool	ls scripts/tool	HOLDS	
docs/threat-model/THREAT_MODEL.md	120	testname	TestInstallReleaseTool_APIErrorFailsClosed	grep for func TestInstallReleaseTool_APIErrorFailsClosed over *_test.go	HOLDS	
docs/threat-model/THREAT_MODEL.md	120	testname	TestInstallReleaseTool_ChecksumMismatch	grep for func TestInstallReleaseTool_ChecksumMismatch over *_test.go	HOLDS	
docs/threat-model/THREAT_MODEL.md	120	testname	TestInstallReleaseTool_UnverifiableRequiresFlag	grep for func TestInstallReleaseTool_UnverifiableRequiresFlag over *_test.go	HOLDS	
docs/threat-model/THREAT_MODEL.md	123	path	cmd/*	ls cmd/*	HOLDS	
docs/threat-model/THREAT_MODEL.md	123	testname	TestIsTestOnlyImport	grep for func TestIsTestOnlyImport over *_test.go	HOLDS	
docs/threat-model/THREAT_MODEL.md	123	testname	TestValidate_NoFakeProvidersCoversEverySlot	grep for func TestValidate_NoFakeProvidersCoversEverySlot over *_test.go	HOLDS	
docs/threat-model/THREAT_MODEL.md	129	testname	TestToProblem_NeverExposesCauseForAnyCode	grep for func TestToProblem_NeverExposesCauseForAnyCode over *_test.go	HOLDS	
docs/threat-model/THREAT_MODEL.md	129	testname	TestToProblem_RedactsInternal	grep for func TestToProblem_RedactsInternal over *_test.go	HOLDS	
docs/threat-model/THREAT_MODEL.md	130	testname	TestValidate_FieldRulesApplyEverywhere	grep for func TestValidate_FieldRulesApplyEverywhere over *_test.go	HOLDS	
docs/threat-model/THREAT_MODEL.md	131	testname	TestRateLimitKeyDistinguishesCallersBehindAProxy	grep for func TestRateLimitKeyDistinguishesCallersBehindAProxy over *_test.go	HOLDS	
docs/threat-model/THREAT_MODEL.md	133	testname	TestCanonicalJSON_RejectsNonCanonicalNumbers	grep for func TestCanonicalJSON_RejectsNonCanonicalNumbers over *_test.go	HOLDS	
docs/threat-model/THREAT_MODEL.md	133	testname	TestQuantity_JSON_Unmarshal	grep for func TestQuantity_JSON_Unmarshal over *_test.go	HOLDS	
docs/threat-model/THREAT_MODEL.md	133	testname	TestUSD_JSON_Unmarshal	grep for func TestUSD_JSON_Unmarshal over *_test.go	HOLDS	
docs/threat-model/THREAT_MODEL.md	141	testname	TestIntegration_Serializable_ConcurrentWritersRetryAndBothCommit	grep for func TestIntegration_Serializable_ConcurrentWritersRetryAndBothCommit over *_test.go	HOLDS	
docs/threat-model/THREAT_MODEL.md	141	testname	TestProp_ReservationsNeverOversubscribe	grep for func TestProp_ReservationsNeverOversubscribe over *_test.go	HOLDS	
docs/threat-model/THREAT_MODEL.md	142	testname	TestProp_DuplicateWebhookOneEffect	grep for func TestProp_DuplicateWebhookOneEffect over *_test.go	HOLDS	
docs/threat-model/THREAT_MODEL.md	143	path	internal/funding	ls internal/funding	HOLDS	
docs/threat-model/THREAT_MODEL.md	143	testname	TestFunding_ReversalCreatesDeficitAndFreezes	grep for func TestFunding_ReversalCreatesDeficitAndFreezes over *_test.go	HOLDS	
docs/threat-model/THREAT_MODEL.md	144	testname	TestAgentPrincipalCannotChangeItsOwnLifecycle	grep for func TestAgentPrincipalCannotChangeItsOwnLifecycle over *_test.go	HOLDS	
docs/threat-model/THREAT_MODEL.md	144	testname	TestAgentPrincipalPermissionSetIsClosed	grep for func TestAgentPrincipalPermissionSetIsClosed over *_test.go	HOLDS	
docs/threat-model/THREAT_MODEL.md	144	testname	TestProp_AgentNeverGainsForbiddenPermissions	grep for func TestProp_AgentNeverGainsForbiddenPermissions over *_test.go	HOLDS	
docs/threat-model/THREAT_MODEL.md	145	path	test/security/agent_withdrawal_attempt_test.go	ls test/security/agent_withdrawal_attempt_test.go	HOLDS	absent, and the paragraph says so
docs/threat-model/THREAT_MODEL.md	145	testname	TestGoldenMatrix_AgentSet	grep for func TestGoldenMatrix_AgentSet over *_test.go	HOLDS	
docs/threat-model/THREAT_MODEL.md	145	testname	TestMatrix_Withdraw	grep for func TestMatrix_Withdraw over *_test.go	HOLDS	
docs/threat-model/THREAT_MODEL.md	146	path	test/security/malicious_route_provider_test.go	ls test/security/malicious_route_provider_test.go	HOLDS	absent, and the paragraph says so
docs/threat-model/THREAT_MODEL.md	146	testname	FuzzInspect	grep for func FuzzInspect over *_test.go	HOLDS	
docs/threat-model/THREAT_MODEL.md	147	path	test/security/prompt_injection_test.go	ls test/security/prompt_injection_test.go	HOLDS	absent, and the paragraph says so
docs/threat-model/THREAT_MODEL.md	149	testname	TestProp_NeverBlockedClasses	grep for func TestProp_NeverBlockedClasses over *_test.go	HOLDS	
docs/threat-model/THREAT_MODEL.md	150	testname	TestIntegration_ApplicationRolePrivileges	grep for func TestIntegration_ApplicationRolePrivileges over *_test.go	HOLDS	
docs/threat-model/THREAT_MODEL.md	150	testname	TestLedger_UpdateDeleteForbidden	grep for func TestLedger_UpdateDeleteForbidden over *_test.go	HOLDS	
docs/threat-model/THREAT_MODEL.md	151	path	test/security/cross_tenant_test.go	ls test/security/cross_tenant_test.go	HOLDS	absent, and the paragraph says so
docs/threat-model/THREAT_MODEL.md	151	testname	TestRequireAccount_TenantIsolation	grep for func TestRequireAccount_TenantIsolation over *_test.go	HOLDS	
docs/threat-model/THREAT_MODEL.md	152	testname	TestIntegration_DifferentHashIsDeterministicConflict	grep for func TestIntegration_DifferentHashIsDeterministicConflict over *_test.go	HOLDS	
docs/threat-model/THREAT_MODEL.md	154	path	test/security/stolen_session_test.go	ls test/security/stolen_session_test.go	HOLDS	absent, and the paragraph says so
docs/threat-model/THREAT_MODEL.md	165	testname	TestProp_AgentNeverCrossesAccount	grep for func TestProp_AgentNeverCrossesAccount over *_test.go	HOLDS	
docs/threat-model/THREAT_MODEL.md	166	path	internal/intent	ls internal/intent	HOLDS	
docs/threat-model/THREAT_MODEL.md	170	path	internal/signing	ls internal/signing	HOLDS	
docs/threat-model/THREAT_MODEL.md	182	testname	TestEvaluate_ConfigAloneNeverActivates	grep for func TestEvaluate_ConfigAloneNeverActivates over *_test.go	HOLDS	
docs/threat-model/THREAT_MODEL.md	183	testname	TestAdmin_AgentRejectedBeforeAnyQuery	grep for func TestAdmin_AgentRejectedBeforeAnyQuery over *_test.go	HOLDS	
docs/threat-model/THREAT_MODEL.md	184	testname	TestDistinctApprovers_ExcludesProposer	grep for func TestDistinctApprovers_ExcludesProposer over *_test.go	HOLDS	
docs/threat-model/THREAT_MODEL.md	184	testname	TestRules_SamePrincipalCannotApproveAndActivate	grep for func TestRules_SamePrincipalCannotApproveAndActivate over *_test.go	HOLDS	
docs/threat-model/THREAT_MODEL.md	185	testname	TestBreakGlass_Expiry	grep for func TestBreakGlass_Expiry over *_test.go	HOLDS	
docs/threat-model/THREAT_MODEL.md	185	testname	TestGoldenMatrix_DualControlHeldByNoStandingRole	grep for func TestGoldenMatrix_DualControlHeldByNoStandingRole over *_test.go	HOLDS	
docs/threat-model/THREAT_MODEL.md	186	path	internal/admin	ls internal/admin	HOLDS	
docs/threat-model/THREAT_MODEL.md	187	testname	TestRequireStepUp	grep for func TestRequireStepUp over *_test.go	HOLDS	
docs/threat-model/THREAT_MODEL.md	192	path	test/integration/migrations	ls test/integration/migrations	HOLDS	
docs/threat-model/THREAT_MODEL.md	210	path	docs/runbooks	ls docs/runbooks	HOLDS	
docs/threat-model/THREAT_MODEL.md	216	path	docs/build/BLOCKERS.md	ls docs/build/BLOCKERS.md	HOLDS	
docs/threat-model/THREAT_MODEL.md	224	path	cmd/execution-worker	ls cmd/execution-worker	HOLDS	
docs/threat-model/THREAT_MODEL.md	224	path	internal/signing/inspect	ls internal/signing/inspect	HOLDS	
docs/threat-model/THREAT_MODEL.md	225	path	test/security/agent_raw_sign_attempt_test.go	ls test/security/agent_raw_sign_attempt_test.go	HOLDS	absent, and the paragraph says so
docs/threat-model/THREAT_MODEL.md	225	path	test/security/malicious_route_provider_test.go	ls test/security/malicious_route_provider_test.go	HOLDS	absent, and the paragraph says so
docs/threat-model/THREAT_MODEL.md	225	testname	FuzzInspect	grep for func FuzzInspect over *_test.go	HOLDS	
docs/threat-model/THREAT_MODEL.md	228	testname	TestLedger_CorrectionIsNewTransaction	grep for func TestLedger_CorrectionIsNewTransaction over *_test.go	HOLDS	
docs/threat-model/THREAT_MODEL.md	228	testname	TestLedger_UpdateDeleteForbidden	grep for func TestLedger_UpdateDeleteForbidden over *_test.go	HOLDS	
docs/threat-model/THREAT_MODEL.md	228	testname	TestProp_PostingBalanced	grep for func TestProp_PostingBalanced over *_test.go	HOLDS	
docs/threat-model/THREAT_MODEL.md	228	testname	TestProp_ReservationsNeverOversubscribe	grep for func TestProp_ReservationsNeverOversubscribe over *_test.go	HOLDS	
docs/threat-model/THREAT_MODEL.md	228	testname	TestReservation_ConsumeAfterReleaseRejected	grep for func TestReservation_ConsumeAfterReleaseRejected over *_test.go	HOLDS	
docs/threat-model/THREAT_MODEL.md	229	path	cmd/api	ls cmd/api	HOLDS	
docs/threat-model/THREAT_MODEL.md	231	path	test/security/cross_tenant_test.go	ls test/security/cross_tenant_test.go	HOLDS	absent, and the paragraph says so
docs/threat-model/THREAT_MODEL.md	231	path	test/security/idor_test.go	ls test/security/idor_test.go	HOLDS	
docs/threat-model/THREAT_MODEL.md	234	path	test/security/webhook_forgery_test.go	ls test/security/webhook_forgery_test.go	HOLDS	absent, and the paragraph says so
docs/threat-model/THREAT_MODEL.md	234	testname	TestFunding_ReversalCreatesDeficitAndFreezes	grep for func TestFunding_ReversalCreatesDeficitAndFreezes over *_test.go	HOLDS	
docs/threat-model/THREAT_MODEL.md	234	testname	TestProp_DuplicateWebhookOneEffect	grep for func TestProp_DuplicateWebhookOneEffect over *_test.go	HOLDS	
docs/threat-model/THREAT_MODEL.md	237	path	test/security/prompt_injection_test.go	ls test/security/prompt_injection_test.go	HOLDS	absent, and the paragraph says so
docs/threat-model/THREAT_MODEL.md	237	testname	TestAgentImportBoundary	grep for func TestAgentImportBoundary over *_test.go	HOLDS	absent, and the paragraph says so
docs/threat-model/THREAT_MODEL.md	237	testname	TestAgentPrincipalCannot	grep for func TestAgentPrincipalCannot over *_test.go	HOLDS	absent, and the paragraph says so
docs/threat-model/THREAT_MODEL.md	237	testname	TestAgentTreesNeverImportAuthority	grep for func TestAgentTreesNeverImportAuthority over *_test.go	HOLDS	
docs/threat-model/THREAT_MODEL.md	237	testname	TestSigningImportedOnlyByExecutionBoundary	grep for func TestSigningImportedOnlyByExecutionBoundary over *_test.go	HOLDS	
docs/threat-model/THREAT_MODEL.md	240	path	test/integration/security_events_emitted_test.go	ls test/integration/security_events_emitted_test.go	HOLDS	absent, and the paragraph says so
docs/threat-model/THREAT_MODEL.md	242	path	cmd/audit-worker	ls cmd/audit-worker	HOLDS	
docs/threat-model/THREAT_MODEL.md	246	testname	TestIntegration_ApplicationRolePrivileges	grep for func TestIntegration_ApplicationRolePrivileges over *_test.go	HOLDS	
docs/threat-model/THREAT_MODEL.md	247	prose	CI is vacuous where it matters: empty directories, no git remote	test/security, test/contract and infra are populated; git remote origin exists	FAILS	F-docs-5
docs/threat-model/THREAT_MODEL.md	249	path	scripts/maketargets	ls scripts/maketargets	HOLDS	
docs/threat-model/THREAT_MODEL.md	250	prose	the reconciliation, settlement and execution code does not exist; no Terraform	internal/reconciliation, settlement and execution hold 64 files; infra holds 66 tf files	FAILS	F-docs-5
docs/threat-model/THREAT_MODEL.md	251	path	cmd/reconciliation-worker	ls cmd/reconciliation-worker	HOLDS	
docs/threat-model/THREAT_MODEL.md	251	path	infra/terraform	ls infra/terraform	HOLDS	
render.yaml	215	prose	devnet, not mainnet	4zMMC9 is the devnet USDC mint	HOLDS	
